stock_symbol,stock_asset_uid,stock_token,quote_symbol,quote_token,dex_id,version,pair_identifier,pair_identifier_kind,evidence,liquidity_usd_at_capture,volume_h24_at_capture,url
AEHR,0x000000000000000000000000000000000747a25837b6475c8da1a66b7d036988,0x5f604fba1162193a4388a5dfa56f556f3e133cc2,ETH,0x0000000000000000000000000000000000000000,uniswap,v4,0x361f0fb512c4ce83c253cc4235c3e85f2e60658c2d2f22a0ae06595b7907df45,POOL_ID_BYTES32,THIRD_PARTY_DISCOVERY_ONLY,2254.6,408.88,https://dexscreener.com/robinhood/0x361f0fb512c4ce83c253cc4235c3e85f2e60658c2d2f22a0ae06595b7907df45
AEHR,0x000000000000000000000000000000000747a25837b6475c8da1a66b7d036988,0x5f604fba1162193a4388a5dfa56f556f3e133cc2,USDG,0x5fc5360d0400a0fd4f2af552add042d716f1d168,uniswap,v4,0x60fb9c5e79ccabe9879ec59cff8b38bb427b90fa47c1087fa3e9ddaae1197398,POOL_ID_BYTES32,THIRD_PARTY_DISCOVERY_ONLY,940.04,45.45,https://dexscreener.com/robinhood/0x60fb9c5e79ccabe9879ec59cff8b38bb427b90fa47c1087fa3e9ddaae1197398
AEHR,0x000000000000000000000000000000000747a25837b6475c8da1a66b7d036988,0x5f604fba1162193a4388a5dfa56f556f3e133cc2,USDG,0x5fc5360d0400a0fd4f2af552add042d716f1d168,uniswap,v4,0x683f48f93bf517eed46a0ef2cf871d9f9189511e07448ec70fc4e1deb0dab252,POOL_ID_BYTES32,THIRD_PARTY_DISCOVERY_ONLY,2994.45,2553.89,https://dexscreener.com/robinhood/0x683f48f93bf517eed46a0ef2cf871d9f9189511e07448ec70fc4e1deb0dab252
AEHR,0x000000000000000000000000000000000747a25837b6475c8da1a66b7d036988,0x5f604fba1162193a4388a5dfa56f556f3e133cc2,ETH,0x0000000000000000000000000000000000000000,uniswap,v4,0x6adc0cc7ef79d4571044bcbcd1f458a754679e08e12886239fc582887dec3b61,POOL_ID_BYTES32,THIRD_PARTY_DISCOVERY_ONLY,340.4,75.85,https://dexscreener.com/robinhood/0x6adc0cc7ef79d4571044bcbcd1f458a754679e08e12886239fc582887dec3b61
AEHR,0x000000000000000000000000000000000747a25837b6475c8da1a66b7d036988,0x5f604fba1162193a4388a5dfa56f556f3e133cc2,ETH,0x0000000000000000000000000000000000000000,uniswap,v4,0x91b3842eec11eb7754b5de6b5b94ba7ff9b2bffcc5c259421d02d0b1504aba79,POOL_ID_BYTES32,THIRD_PARTY_DISCOVERY_ONLY,554.62,450.8,https://dexscreener.com/robinhood/0x91b3842eec11eb7754b5de6b5b94ba7ff9b2bffcc5c259421d02d0b1504aba79
AEHR,0x000000000000000000000000000000000747a25837b6475c8da1a66b7d036988,0x5f604fba1162193a4388a5dfa56f556f3e133cc2,USDG,0x5fc5360d0400a0fd4f2af552add042d716f1d168,uniswap,v4,0xbe4b1e22bd8f3147357b0877ca888952b1831766d64546b959a833a7fa0d97d5,POOL_ID_BYTES32,THIRD_PARTY_DISCOVERY_ONLY,3874.98,42.04,https://dexscreener.com/robinhood/0xbe4b1e22bd8f3147357b0877ca888952b1831766d64546b959a833a7fa0d97d5
AEHR,0x000000000000000000000000000000000747a25837b6475c8da1a66b7d036988,0x5f604fba1162193a4388a5dfa56f556f3e133cc2,ETH,0x0000000000000000000000000000000000000000,uniswap,v4,0xce8bbad4bd57b29ac083ef5bef9ea8dd1c6174c95c0a6bee999a9737d6fc3b5c,POOL_ID_BYTES32,THIRD_PARTY_DISCOVERY_ONLY,8532.82,1738.34,https://dexscreener.com/robinhood/0xce8bbad4bd57b29ac083ef5bef9ea8dd1c6174c95c0a6bee999a9737d6fc3b5c
AEHR,0x000000000000000000000000000000000747a25837b6475c8da1a66b7d036988,0x5f604fba1162193a4388a5dfa56f556f3e133cc2,USDG,0x5fc5360d0400a0fd4f2af552add042d716f1d168,uniswap,v4,0xd33b177b5c5de2047a5395db70cc77d1b97af060cb3e8fb1a1cc3b39708cfee3,POOL_ID_BYTES32,THIRD_PARTY_DISCOVERY_ONLY,1000.33,292.45,https://dexscreener.com/robinhood/0xd33b177b5c5de2047a5395db70cc77d1b97af060cb3e8fb1a1cc3b39708cfee3
ALAB,0x0000000000000000000000000000000069bc82da7c264394bdf6b23c8b0cd399,0x748c32c3ca24edf31ea597db1f3d330a7a6da3dc,USDG,0x5fc5360d0400a0fd4f2af552add042d716f1d168,uniswap,v4,0x118e7a176da929f1b4c195189ab30d09df4966b15c3f3274d1039c6f62e2695a,POOL_ID_BYTES32,THIRD_PARTY_DISCOVERY_ONLY,3035.9,3504.1,https://dexscreener.com/robinhood/0x118e7a176da929f1b4c195189ab30d09df4966b15c3f3274d1039c6f62e2695a
ALAB,0x0000000000000000000000000000000069bc82da7c264394bdf6b23c8b0cd399,0x748c32c3ca24edf31ea597db1f3d330a7a6da3dc,ETH,0x0000000000000000000000000000000000000000,uniswap,v4,0x17f3177f9b5a412236bb34bf19d53abf381359ba6bd4fb427f3392be8b7f0f79,POOL_ID_BYTES32,THIRD_PARTY_DISCOVERY_ONLY,333.74,25,https://dexscreener.com/robinhood/0x17f3177f9b5a412236bb34bf19d53abf381359ba6bd4fb427f3392be8b7f0f79
ALAB,0x0000000000000000000000000000000069bc82da7c264394bdf6b23c8b0cd399,0x748c32c3ca24edf31ea597db1f3d330a7a6da3dc,USDG,0x5fc5360d0400a0fd4f2af552add042d716f1d168,uniswap,v4,0x1909a220b43b08af6b5a2369e63e9024d5b2c7008d02bc3455270415b8163420,POOL_ID_BYTES32,THIRD_PARTY_DISCOVERY_ONLY,3340.29,314.84,https://dexscreener.com/robinhood/0x1909a220b43b08af6b5a2369e63e9024d5b2c7008d02bc3455270415b8163420
ALAB,0x0000000000000000000000000000000069bc82da7c264394bdf6b23c8b0cd399,0x748c32c3ca24edf31ea597db1f3d330a7a6da3dc,USDG,0x5fc5360d0400a0fd4f2af552add042d716f1d168,uniswap,v4,0x2402e7a9b73a54f18310091f876fd19efe6e0da60a2d913c7eccd11cb88a8d94,POOL_ID_BYTES32,THIRD_PARTY_DISCOVERY_ONLY,8307.51,2357.19,https://dexscreener.com/robinhood/0x2402e7a9b73a54f18310091f876fd19efe6e0da60a2d913c7eccd11cb88a8d94
ALAB,0x0000000000000000000000000000000069bc82da7c264394bdf6b23c8b0cd399,0x748c32c3ca24edf31ea597db1f3d330a7a6da3dc,ETH,0x0000000000000000000000000000000000000000,uniswap,v4,0x704811e70314f7eb10c1059d8f857fe6a15d13a92728237bf8d999268a3effb7,POOL_ID_BYTES32,THIRD_PARTY_DISCOVERY_ONLY,2887.67,202.43,https://dexscreener.com/robinhood/0x704811e70314f7eb10c1059d8f857fe6a15d13a92728237bf8d999268a3effb7
ALAB,0x0000000000000000000000000000000069bc82da7c264394bdf6b23c8b0cd399,0x748c32c3ca24edf31ea597db1f3d330a7a6da3dc,USDG,0x5fc5360d0400a0fd4f2af552add042d716f1d168,uniswap,v4,0xd74859c163d2f71907766caf9b2f55520bff0fda0464e97b9e983e317d932514,POOL_ID_BYTES32,THIRD_PARTY_DISCOVERY_ONLY,642.33,265.7,https://dexscreener.com/robinhood/0xd74859c163d2f71907766caf9b2f55520bff0fda0464e97b9e983e317d932514
ALAB,0x0000000000000000000000000000000069bc82da7c264394bdf6b23c8b0cd399,0x748c32c3ca24edf31ea597db1f3d330a7a6da3dc,ETH,0x0000000000000000000000000000000000000000,uniswap,v4,0xe22e74947ac326fc8373145a1f4576f482d661f45ecebce0106f0ceba8bdc0f1,POOL_ID_BYTES32,THIRD_PARTY_DISCOVERY_ONLY,469.15,210.65,https://dexscreener.com/robinhood/0xe22e74947ac326fc8373145a1f4576f482d661f45ecebce0106f0ceba8bdc0f1
ALAB,0x0000000000000000000000000000000069bc82da7c264394bdf6b23c8b0cd399,0x748c32c3ca24edf31ea597db1f3d330a7a6da3dc,ETH,0x0000000000000000000000000000000000000000,uniswap,v4,0xfefd43410dc8dec18294dc6eb4ac418bde567b8944ffa35e45c6b0923fb5dd32,POOL_ID_BYTES32,THIRD_PARTY_DISCOVERY_ONLY,14588.01,2105.33,https://dexscreener.com/robinhood/0xfefd43410dc8dec18294dc6eb4ac418bde567b8944ffa35e45c6b0923fb5dd32
AMBA,0x000000000000000000000000000000009148f90c74194b4ab333453c9ddaccbf,0x99d9d8663545151603863c5acbd6fc3218899009,ETH,0x0000000000000000000000000000000000000000,uniswap,v4,0x1a6c5e7e7c3a67b7e1c72b170bd54ca80e893c34d0f4b8086e5bd83a732d998b,POOL_ID_BYTES32,THIRD_PARTY_DISCOVERY_ONLY,1839.05,0.63,https://dexscreener.com/robinhood/0x1a6c5e7e7c3a67b7e1c72b170bd54ca80e893c34d0f4b8086e5bd83a732d998b
AMBA,0x000000000000000000000000000000009148f90c74194b4ab333453c9ddaccbf,0x99d9d8663545151603863c5acbd6fc3218899009,USDG,0x5fc5360d0400a0fd4f2af552add042d716f1d168,uniswap,v4,0x222b543214371ceaffea532955d5851b04bf81c186ee339c8925a2a88903ee52,POOL_ID_BYTES32,THIRD_PARTY_DISCOVERY_ONLY,3702.4,4926.92,https://dexscreener.com/robinhood/0x222b543214371ceaffea532955d5851b04bf81c186ee339c8925a2a88903ee52
AMBA,0x000000000000000000000000000000009148f90c74194b4ab333453c9ddaccbf,0x99d9d8663545151603863c5acbd6fc3218899009,ETH,0x0000000000000000000000000000000000000000,uniswap,v4,0x767f3d7cd19ce87cdd7388325d10e19d979187ffe3f288b7cea05bb29f00a62a,POOL_ID_BYTES32,THIRD_PARTY_DISCOVERY_ONLY,15505.77,650.83,https://dexscreener.com/robinhood/0x767f3d7cd19ce87cdd7388325d10e19d979187ffe3f288b7cea05bb29f00a62a
AMBA,0x000000000000000000000000000000009148f90c74194b4ab333453c9ddaccbf,0x99d9d8663545151603863c5acbd6fc3218899009,USDG,0x5fc5360d0400a0fd4f2af552add042d716f1d168,uniswap,v4,0x95fb1c7efb4a35278ca863d66be130473565b208ba1300a24b0df6aebfea6165,POOL_ID_BYTES32,THIRD_PARTY_DISCOVERY_ONLY,3337.43,120.09,https://dexscreener.com/robinhood/0x95fb1c7efb4a35278ca863d66be130473565b208ba1300a24b0df6aebfea6165
AMBA,0x000000000000000000000000000000009148f90c74194b4ab333453c9ddaccbf,0x99d9d8663545151603863c5acbd6fc3218899009,ETH,0x0000000000000000000000000000000000000000,uniswap,v4,0x97dc01ff29a5d436bb7a1665a6cecfbc80c93327e7c50c14e4dcf91aa9608a39,POOL_ID_BYTES32,THIRD_PARTY_DISCOVERY_ONLY,482.03,23.66,https://dexscreener.com/robinhood/0x97dc01ff29a5d436bb7a1665a6cecfbc80c93327e7c50c14e4dcf91aa9608a39
AMBA,0x000000000000000000000000000000009148f90c74194b4ab333453c9ddaccbf,0x99d9d8663545151603863c5acbd6fc3218899009,USDG,0x5fc5360d0400a0fd4f2af552add042d716f1d168,uniswap,v4,0xd3857b7cca1dce389d52b82da1a4675ee7962acc0fc2f20401139e1ab8996288,POOL_ID_BYTES32,THIRD_PARTY_DISCOVERY_ONLY,3708.69,3198.62,https://dexscreener.com/robinhood/0xd3857b7cca1dce389d52b82da1a4675ee7962acc0fc2f20401139e1ab8996288
AMBA,0x000000000000000000000000000000009148f90c74194b4ab333453c9ddaccbf,0x99d9d8663545151603863c5acbd6fc3218899009,ETH,0x0000000000000000000000000000000000000000,uniswap,v4,0xd8a3f8ed21d4312586543e97c5174f9a3ebd0a671e101455c01c5e6fdfe51fcc,POOL_ID_BYTES32,THIRD_PARTY_DISCOVERY_ONLY,2394.84,86.9,https://dexscreener.com/robinhood/0xd8a3f8ed21d4312586543e97c5174f9a3ebd0a671e101455c01c5e6fdfe51fcc
AMD,0x0000000000000000000000000000000086aeaac3c7d9422c90f6fd41aff0eaf7,0x86923f96303d656e4aa86d9d42d1e57ad2023fdc,USDG,0x5fc5360d0400a0fd4f2af552add042d716f1d168,giga,v3,0x57ee5daaadfffdcc780bdd18843533aca86952a0,CONTRACT_ADDRESS,THIRD_PARTY_DISCOVERY_ONLY,238.98,209.61,https://dexscreener.com/robinhood/0x57ee5daaadfffdcc780bdd18843533aca86952a0
AMD,0x0000000000000000000000000000000086aeaac3c7d9422c90f6fd41aff0eaf7,0x86923f96303d656e4aa86d9d42d1e57ad2023fdc,USDG,0x5fc5360d0400a0fd4f2af552add042d716f1d168,ramses,v3,0x16dd3a82ea5b132be4fcf4dad4cc7ecd4eb25c3f,CONTRACT_ADDRESS,THIRD_PARTY_DISCOVERY_ONLY,7648.84,2507.64,https://dexscreener.com/robinhood/0x16dd3a82ea5b132be4fcf4dad4cc7ecd4eb25c3f
AMD,0x0000000000000000000000000000000086aeaac3c7d9422c90f6fd41aff0eaf7,0x86923f96303d656e4aa86d9d42d1e57ad2023fdc,WETH,0x0bd7d308f8e1639fab988df18a8011f41eacad73,sheriff,v4,0x93b00da5736df94f54f21418011eecf96efbc78c,CONTRACT_ADDRESS,THIRD_PARTY_DISCOVERY_ONLY,828.09,23.72,https://dexscreener.com/robinhood/0x93b00da5736df94f54f21418011eecf96efbc78c
AMD,0x0000000000000000000000000000000086aeaac3c7d9422c90f6fd41aff0eaf7,0x86923f96303d656e4aa86d9d42d1e57ad2023fdc,USDG,0x5fc5360d0400a0fd4f2af552add042d716f1d168,uniswap,v3,0x48d284a2a4d3dc1b3da08231fe44317e7e7aa51f,CONTRACT_ADDRESS,MATCHED_CANONICAL_UNISWAP_FACTORY_RESULT,86120.93,873033.5,https://dexscreener.com/robinhood/0x48d284a2a4d3dc1b3da08231fe44317e7e7aa51f
AMD,0x0000000000000000000000000000000086aeaac3c7d9422c90f6fd41aff0eaf7,0x86923f96303d656e4aa86d9d42d1e57ad2023fdc,USDG,0x5fc5360d0400a0fd4f2af552add042d716f1d168,uniswap,v3,0xd6af1dcb75cdae4f2efc403a58ef023a51edc686,CONTRACT_ADDRESS,MATCHED_CANONICAL_UNISWAP_FACTORY_RESULT,9678.24,48598.06,https://dexscreener.com/robinhood/0xd6af1dcb75cdae4f2efc403a58ef023a51edc686
AMD,0x0000000000000000000000000000000086aeaac3c7d9422c90f6fd41aff0eaf7,0x86923f96303d656e4aa86d9d42d1e57ad2023fdc,ETH,0x0000000000000000000000000000000000000000,uniswap,v4,0x09debb57e8079ea337b5e04c6e582252fddfc18a587ac2de4b68076cc8940b61,POOL_ID_BYTES32,THIRD_PARTY_DISCOVERY_ONLY,462.25,131.98,https://dexscreener.com/robinhood/0x09debb57e8079ea337b5e04c6e582252fddfc18a587ac2de4b68076cc8940b61
AMD,0x0000000000000000000000000000000086aeaac3c7d9422c90f6fd41aff0eaf7,0x86923f96303d656e4aa86d9d42d1e57ad2023fdc,ETH,0x0000000000000000000000000000000000000000,uniswap,v4,0x1a6d5579d20159a8e16b9ef7d41d7aedffb4198283f091427ec8f4cda8b30e9e,POOL_ID_BYTES32,THIRD_PARTY_DISCOVERY_ONLY,81.15,30.03,https://dexscreener.com/robinhood/0x1a6d5579d20159a8e16b9ef7d41d7aedffb4198283f091427ec8f4cda8b30e9e
AMD,0x0000000000000000000000000000000086aeaac3c7d9422c90f6fd41aff0eaf7,0x86923f96303d656e4aa86d9d42d1e57ad2023fdc,ETH,0x0000000000000000000000000000000000000000,uniswap,v4,0x7123b1e28b35a9ea4c3575efef37dbe14a8aa8fdb13bfb1f24ccad7287868ed4,POOL_ID_BYTES32,THIRD_PARTY_DISCOVERY_ONLY,1956.43,18.59,https://dexscreener.com/robinhood/0x7123b1e28b35a9ea4c3575efef37dbe14a8aa8fdb13bfb1f24ccad7287868ed4
AMD,0x0000000000000000000000000000000086aeaac3c7d9422c90f6fd41aff0eaf7,0x86923f96303d656e4aa86d9d42d1e57ad2023fdc,ETH,0x0000000000000000000000000000000000000000,uniswap,v4,0x7299841b076c2e7021cc1cad26b0f96046a32bd5212851b68ee3cf1958f57e3d,POOL_ID_BYTES32,THIRD_PARTY_DISCOVERY_ONLY,27592.28,6724.13,https://dexscreener.com/robinhood/0x7299841b076c2e7021cc1cad26b0f96046a32bd5212851b68ee3cf1958f57e3d
AMD,0x0000000000000000000000000000000086aeaac3c7d9422c90f6fd41aff0eaf7,0x86923f96303d656e4aa86d9d42d1e57ad2023fdc,ETH,0x0000000000000000000000000000000000000000,uniswap,v4,0x80e23c0dd75ec1e84757b41fa7530101b6775b61fdc6233eaf046e9cc5f90516,POOL_ID_BYTES32,THIRD_PARTY_DISCOVERY_ONLY,4626.29,422.64,https://dexscreener.com/robinhood/0x80e23c0dd75ec1e84757b41fa7530101b6775b61fdc6233eaf046e9cc5f90516
AMD,0x0000000000000000000000000000000086aeaac3c7d9422c90f6fd41aff0eaf7,0x86923f96303d656e4aa86d9d42d1e57ad2023fdc,ETH,0x0000000000000000000000000000000000000000,uniswap,v4,0xce64759af046c48f96886774df784b07b3d42e3670866968e51c3a0e6a102d5f,POOL_ID_BYTES32,THIRD_PARTY_DISCOVERY_ONLY,3506.42,863.88,https://dexscreener.com/robinhood/0xce64759af046c48f96886774df784b07b3d42e3670866968e51c3a0e6a102d5f
AMD,0x0000000000000000000000000000000086aeaac3c7d9422c90f6fd41aff0eaf7,0x86923f96303d656e4aa86d9d42d1e57ad2023fdc,USDG,0x5fc5360d0400a0fd4f2af552add042d716f1d168,uniswap,v4,0xde9f85fdd9e05a943a52f2c69ffafe3064a3287df03d02c9b431bc92d4781274,POOL_ID_BYTES32,THIRD_PARTY_DISCOVERY_ONLY,168571.15,891367.87,https://dexscreener.com/robinhood/0xde9f85fdd9e05a943a52f2c69ffafe3064a3287df03d02c9b431bc92d4781274
AMD,0x0000000000000000000000000000000086aeaac3c7d9422c90f6fd41aff0eaf7,0x86923f96303d656e4aa86d9d42d1e57ad2023fdc,ETH,0x0000000000000000000000000000000000000000,uniswap,v4,0xf7855dbdd050fdeabb085fd4828b079f678746a8fbdf303373d141a9d22b0d2d,POOL_ID_BYTES32,THIRD_PARTY_DISCOVERY_ONLY,49.06,3.52,https://dexscreener.com/robinhood/0xf7855dbdd050fdeabb085fd4828b079f678746a8fbdf303373d141a9d22b0d2d
AMZN,0x000000000000000000000000000000004f508d5e2a7042299694d85c2f362ad2,0x12f190a9f9d7d37a250758b26824b97ce941bf54,USDG,0x5fc5360d0400a0fd4f2af552add042d716f1d168,ramses,v3,0x3ce15b447aa05d1017a9d4c9d2631b813bc01ae8,CONTRACT_ADDRESS,THIRD_PARTY_DISCOVERY_ONLY,22.2,128.14,https://dexscreener.com/robinhood/0x3ce15b447aa05d1017a9d4c9d2631b813bc01ae8
AMZN,0x000000000000000000000000000000004f508d5e2a7042299694d85c2f362ad2,0x12f190a9f9d7d37a250758b26824b97ce941bf54,USDG,0x5fc5360d0400a0fd4f2af552add042d716f1d168,uniswap,v3,0x8ac92da74ab5f3b1d024dc1943ad7e15dc4179ef,CONTRACT_ADDRESS,MATCHED_CANONICAL_UNISWAP_FACTORY_RESULT,451686.2,1088915.12,https://dexscreener.com/robinhood/0x8ac92da74ab5f3b1d024dc1943ad7e15dc4179ef
AMZN,0x000000000000000000000000000000004f508d5e2a7042299694d85c2f362ad2,0x12f190a9f9d7d37a250758b26824b97ce941bf54,WETH,0x0bd7d308f8e1639fab988df18a8011f41eacad73,uniswap,v3,0x8b2a73a8234cfc12b8b53ae048d0ddf76bfac37c,CONTRACT_ADDRESS,MATCHED_CANONICAL_UNISWAP_FACTORY_RESULT,0,1009.49,https://dexscreener.com/robinhood/0x8b2a73a8234cfc12b8b53ae048d0ddf76bfac37c
AMZN,0x000000000000000000000000000000004f508d5e2a7042299694d85c2f362ad2,0x12f190a9f9d7d37a250758b26824b97ce941bf54,ETH,0x0000000000000000000000000000000000000000,uniswap,v4,0x222212731bfcc2104c97787b1a04f6e896f71be7d14eade8a7c8ac032b2d65d8,POOL_ID_BYTES32,THIRD_PARTY_DISCOVERY_ONLY,4553.5,2024.84,https://dexscreener.com/robinhood/0x222212731bfcc2104c97787b1a04f6e896f71be7d14eade8a7c8ac032b2d65d8
AMZN,0x000000000000000000000000000000004f508d5e2a7042299694d85c2f362ad2,0x12f190a9f9d7d37a250758b26824b97ce941bf54,ETH,0x0000000000000000000000000000000000000000,uniswap,v4,0x24fe1c9ad6f3e4118505f3269716b2f532396895611440679192d299e5aa16f8,POOL_ID_BYTES32,THIRD_PARTY_DISCOVERY_ONLY,5084.49,38.2,https://dexscreener.com/robinhood/0x24fe1c9ad6f3e4118505f3269716b2f532396895611440679192d299e5aa16f8
AMZN,0x000000000000000000000000000000004f508d5e2a7042299694d85c2f362ad2,0x12f190a9f9d7d37a250758b26824b97ce941bf54,ETH,0x0000000000000000000000000000000000000000,uniswap,v4,0x6122185073beec84636be40e0336c56b639cb8a6c0331c9458c56a6048a55b1c,POOL_ID_BYTES32,THIRD_PARTY_DISCOVERY_ONLY,12054.35,7107.14,https://dexscreener.com/robinhood/0x6122185073beec84636be40e0336c56b639cb8a6c0331c9458c56a6048a55b1c
AMZN,0x000000000000000000000000000000004f508d5e2a7042299694d85c2f362ad2,0x12f190a9f9d7d37a250758b26824b97ce941bf54,ETH,0x0000000000000000000000000000000000000000,uniswap,v4,0x73114aaba7ff255570256af9edcd7a3caf143040fe7e6db5f2997ebe3c981436,POOL_ID_BYTES32,THIRD_PARTY_DISCOVERY_ONLY,241.69,81.33,https://dexscreener.com/robinhood/0x73114aaba7ff255570256af9edcd7a3caf143040fe7e6db5f2997ebe3c981436
AMZN,0x000000000000000000000000000000004f508d5e2a7042299694d85c2f362ad2,0x12f190a9f9d7d37a250758b26824b97ce941bf54,USDG,0x5fc5360d0400a0fd4f2af552add042d716f1d168,uniswap,v4,0x751e89b1e830a959e282377cf53bacc046ff7d6b67c6209504c3db692992c3cd,POOL_ID_BYTES32,THIRD_PARTY_DISCOVERY_ONLY,6799.72,52520.88,https://dexscreener.com/robinhood/0x751e89b1e830a959e282377cf53bacc046ff7d6b67c6209504c3db692992c3cd
AMZN,0x000000000000000000000000000000004f508d5e2a7042299694d85c2f362ad2,0x12f190a9f9d7d37a250758b26824b97ce941bf54,USDG,0x5fc5360d0400a0fd4f2af552add042d716f1d168,uniswap,v4,0xd32646872e6712af8cf778e34b6bbef1d2ae0bddd83764e1b07333518ad59333,POOL_ID_BYTES32,THIRD_PARTY_DISCOVERY_ONLY,8582.81,23813.81,https://dexscreener.com/robinhood/0xd32646872e6712af8cf778e34b6bbef1d2ae0bddd83764e1b07333518ad59333
AMZN,0x000000000000000000000000000000004f508d5e2a7042299694d85c2f362ad2,0x12f190a9f9d7d37a250758b26824b97ce941bf54,USDG,0x5fc5360d0400a0fd4f2af552add042d716f1d168,uniswap,v4,0xde84c76c858a7916242790ea5fa785292f03c0cb01c90ac1b2cc8983b75ff05b,POOL_ID_BYTES32,THIRD_PARTY_DISCOVERY_ONLY,376.8,13.78,https://dexscreener.com/robinhood/0xde84c76c858a7916242790ea5fa785292f03c0cb01c90ac1b2cc8983b75ff05b
AMZN,0x000000000000000000000000000000004f508d5e2a7042299694d85c2f362ad2,0x12f190a9f9d7d37a250758b26824b97ce941bf54,USDG,0x5fc5360d0400a0fd4f2af552add042d716f1d168,uniswap,v4,0xe2cca39a304be4d97a4f0e8f23492fa5aec7fc1b142f04fe62091e0d37a5957e,POOL_ID_BYTES32,THIRD_PARTY_DISCOVERY_ONLY,5670.75,1887.33,https://dexscreener.com/robinhood/0xe2cca39a304be4d97a4f0e8f23492fa5aec7fc1b142f04fe62091e0d37a5957e
AMZN,0x000000000000000000000000000000004f508d5e2a7042299694d85c2f362ad2,0x12f190a9f9d7d37a250758b26824b97ce941bf54,ETH,0x0000000000000000000000000000000000000000,uniswap,v4,0xe530f455b70ab60a0bbc078d0a5da84942f36f85d2b09f82c0e098ac00501a15,POOL_ID_BYTES32,THIRD_PARTY_DISCOVERY_ONLY,1790.92,117.42,https://dexscreener.com/robinhood/0xe530f455b70ab60a0bbc078d0a5da84942f36f85d2b09f82c0e098ac00501a15
AMZN,0x000000000000000000000000000000004f508d5e2a7042299694d85c2f362ad2,0x12f190a9f9d7d37a250758b26824b97ce941bf54,USDG,0x5fc5360d0400a0fd4f2af552add042d716f1d168,uniswap,v4,0xe96c31d26bf13b66e8538574ae7b16cb908358f7c9013583e41b5136bda46b32,POOL_ID_BYTES32,THIRD_PARTY_DISCOVERY_ONLY,,4.05,https://dexscreener.com/robinhood/0xe96c31d26bf13b66e8538574ae7b16cb908358f7c9013583e41b5136bda46b32
AMZN,0x000000000000000000000000000000004f508d5e2a7042299694d85c2f362ad2,0x12f190a9f9d7d37a250758b26824b97ce941bf54,ETH,0x0000000000000000000000000000000000000000,uniswap,v4,0xf50fb6880e6e2d57e9f01a072fbb2c6a196188303582bb63b625c6c7f4b526ad,POOL_ID_BYTES32,THIRD_PARTY_DISCOVERY_ONLY,0,125.93,https://dexscreener.com/robinhood/0xf50fb6880e6e2d57e9f01a072fbb2c6a196188303582bb63b625c6c7f4b526ad
APLD,0x0000000000000000000000000000000004a960b45163413698f0f69b5454785d,0xb8dbf92f9741c9ac1c32115e78581f23509916fd,USDG,0x5fc5360d0400a0fd4f2af552add042d716f1d168,uniswap,v4,0x3290ce6652e9a71d7ba850367ff1fa3f139f782c345338c19ae208ccda3f1121,POOL_ID_BYTES32,THIRD_PARTY_DISCOVERY_ONLY,479.01,21.41,https://dexscreener.com/robinhood/0x3290ce6652e9a71d7ba850367ff1fa3f139f782c345338c19ae208ccda3f1121
APLD,0x0000000000000000000000000000000004a960b45163413698f0f69b5454785d,0xb8dbf92f9741c9ac1c32115e78581f23509916fd,USDG,0x5fc5360d0400a0fd4f2af552add042d716f1d168,uniswap,v4,0x470bdedb7eb28ff964af9849c4a888a272dcacad05eebe268e8cec9d6348cf41,POOL_ID_BYTES32,THIRD_PARTY_DISCOVERY_ONLY,1000.29,221.79,https://dexscreener.com/robinhood/0x470bdedb7eb28ff964af9849c4a888a272dcacad05eebe268e8cec9d6348cf41
APLD,0x0000000000000000000000000000000004a960b45163413698f0f69b5454785d,0xb8dbf92f9741c9ac1c32115e78581f23509916fd,ETH,0x0000000000000000000000000000000000000000,uniswap,v4,0x801ec7d47032002cf82d80b2003f9a5cbf64434a21d234d0f4c80bb4200e2edb,POOL_ID_BYTES32,THIRD_PARTY_DISCOVERY_ONLY,1283.63,30.14,https://dexscreener.com/robinhood/0x801ec7d47032002cf82d80b2003f9a5cbf64434a21d234d0f4c80bb4200e2edb
APLD,0x0000000000000000000000000000000004a960b45163413698f0f69b5454785d,0xb8dbf92f9741c9ac1c32115e78581f23509916fd,ETH,0x0000000000000000000000000000000000000000,uniswap,v4,0x91c8a5147c0e00cf501838c8b7b8854407a88cdf7e97dd0d90fec2b7aa9c4092,POOL_ID_BYTES32,THIRD_PARTY_DISCOVERY_ONLY,3576.14,26.33,https://dexscreener.com/robinhood/0x91c8a5147c0e00cf501838c8b7b8854407a88cdf7e97dd0d90fec2b7aa9c4092
APLD,0x0000000000000000000000000000000004a960b45163413698f0f69b5454785d,0xb8dbf92f9741c9ac1c32115e78581f23509916fd,USDG,0x5fc5360d0400a0fd4f2af552add042d716f1d168,uniswap,v4,0xa66b5af03f402fa739c18b7dc29719adafe18af5c11a44fd956423856ae4e1c2,POOL_ID_BYTES32,THIRD_PARTY_DISCOVERY_ONLY,13786.61,3352.26,https://dexscreener.com/robinhood/0xa66b5af03f402fa739c18b7dc29719adafe18af5c11a44fd956423856ae4e1c2
APLD,0x0000000000000000000000000000000004a960b45163413698f0f69b5454785d,0xb8dbf92f9741c9ac1c32115e78581f23509916fd,ETH,0x0000000000000000000000000000000000000000,uniswap,v4,0xbb27d182a1b8bc6f693d52033613b49e242eb0d476ce389bdd9f402215dedf6f,POOL_ID_BYTES32,THIRD_PARTY_DISCOVERY_ONLY,9288.19,45.64,https://dexscreener.com/robinhood/0xbb27d182a1b8bc6f693d52033613b49e242eb0d476ce389bdd9f402215dedf6f
ASTS,0x00000000000000000000000000000000778bc606b4504ca0babd4e171d5262ee,0x1af6446f07eb1d97c546afc8c9544cbdf3ad5137,ETH,0x0000000000000000000000000000000000000000,uniswap,v4,0x11e9e1ae302d8d21dbefcfa85c54acbd3e23b587af4bff47771b665006866a15,POOL_ID_BYTES32,THIRD_PARTY_DISCOVERY_ONLY,6171.26,185.82,https://dexscreener.com/robinhood/0x11e9e1ae302d8d21dbefcfa85c54acbd3e23b587af4bff47771b665006866a15
ASTS,0x00000000000000000000000000000000778bc606b4504ca0babd4e171d5262ee,0x1af6446f07eb1d97c546afc8c9544cbdf3ad5137,ETH,0x0000000000000000000000000000000000000000,uniswap,v4,0x49bd3aada630dfedd13735ae583706707bd1594927ef6f158efcda3d14f05f60,POOL_ID_BYTES32,THIRD_PARTY_DISCOVERY_ONLY,254.21,2.3,https://dexscreener.com/robinhood/0x49bd3aada630dfedd13735ae583706707bd1594927ef6f158efcda3d14f05f60
ASTS,0x00000000000000000000000000000000778bc606b4504ca0babd4e171d5262ee,0x1af6446f07eb1d97c546afc8c9544cbdf3ad5137,USDG,0x5fc5360d0400a0fd4f2af552add042d716f1d168,uniswap,v4,0x53bad07eaac2b399627544191edcfc6c2e68510ea7c0da898924a539566feb3a,POOL_ID_BYTES32,THIRD_PARTY_DISCOVERY_ONLY,582.15,4.99,https://dexscreener.com/robinhood/0x53bad07eaac2b399627544191edcfc6c2e68510ea7c0da898924a539566feb3a
ASTS,0x00000000000000000000000000000000778bc606b4504ca0babd4e171d5262ee,0x1af6446f07eb1d97c546afc8c9544cbdf3ad5137,USDG,0x5fc5360d0400a0fd4f2af552add042d716f1d168,uniswap,v4,0x9e4760d6c9a5d4aa3cc4119eb20f0dabb840ab9f38fb7bc8097a573ba7baaa00,POOL_ID_BYTES32,THIRD_PARTY_DISCOVERY_ONLY,3888.32,12216.31,https://dexscreener.com/robinhood/0x9e4760d6c9a5d4aa3cc4119eb20f0dabb840ab9f38fb7bc8097a573ba7baaa00
ASTS,0x00000000000000000000000000000000778bc606b4504ca0babd4e171d5262ee,0x1af6446f07eb1d97c546afc8c9544cbdf3ad5137,ETH,0x0000000000000000000000000000000000000000,uniswap,v4,0xceed73faa10bba0c34a9155b9aa8c7bf3d3719cea381fd9fa4421f207ca0a3a1,POOL_ID_BYTES32,THIRD_PARTY_DISCOVERY_ONLY,682.96,4.18,https://dexscreener.com/robinhood/0xceed73faa10bba0c34a9155b9aa8c7bf3d3719cea381fd9fa4421f207ca0a3a1
ASTS,0x00000000000000000000000000000000778bc606b4504ca0babd4e171d5262ee,0x1af6446f07eb1d97c546afc8c9544cbdf3ad5137,ETH,0x0000000000000000000000000000000000000000,uniswap,v4,0xd72e0c7bd02120ac041c6666dc35bbc3ab21fc3060ae80ffbe8a1fc799ed91da,POOL_ID_BYTES32,THIRD_PARTY_DISCOVERY_ONLY,486.78,5.73,https://dexscreener.com/robinhood/0xd72e0c7bd02120ac041c6666dc35bbc3ab21fc3060ae80ffbe8a1fc799ed91da
ASTS,0x00000000000000000000000000000000778bc606b4504ca0babd4e171d5262ee,0x1af6446f07eb1d97c546afc8c9544cbdf3ad5137,USDG,0x5fc5360d0400a0fd4f2af552add042d716f1d168,uniswap,v4,0xd94506f18e4d618fba9653e48af35df392ce91d30ea0bff327ad8a1102e11942,POOL_ID_BYTES32,THIRD_PARTY_DISCOVERY_ONLY,19079.42,14004.57,https://dexscreener.com/robinhood/0xd94506f18e4d618fba9653e48af35df392ce91d30ea0bff327ad8a1102e11942
ASTS,0x00000000000000000000000000000000778bc606b4504ca0babd4e171d5262ee,0x1af6446f07eb1d97c546afc8c9544cbdf3ad5137,ETH,0x0000000000000000000000000000000000000000,uniswap,v4,0xf35eda885a381b37f6d528948945d0a89de53657353196da4d34b47278ec1b79,POOL_ID_BYTES32,THIRD_PARTY_DISCOVERY_ONLY,31657.24,2366.3,https://dexscreener.com/robinhood/0xf35eda885a381b37f6d528948945d0a89de53657353196da4d34b47278ec1b79
AVGO,0x000000000000000000000000000000001bbb45628de84cb2917abd26680c7ab9,0x156e175dd063a8ce274c50654ef40e0032b3fbcf,USDG,0x5fc5360d0400a0fd4f2af552add042d716f1d168,uniswap,v3,0x5b7c404f1d7d77f9f3885ab13d7764f8a173028c,CONTRACT_ADDRESS,MATCHED_CANONICAL_UNISWAP_FACTORY_RESULT,1.11,486.23,https://dexscreener.com/robinhood/0x5b7c404f1d7d77f9f3885ab13d7764f8a173028c
AVGO,0x000000000000000000000000000000001bbb45628de84cb2917abd26680c7ab9,0x156e175dd063a8ce274c50654ef40e0032b3fbcf,ETH,0x0000000000000000000000000000000000000000,uniswap,v4,0x19d20d40955096bd8f7d3f66574460daf90e24031d0c56d1e6fbcebb7f2171e0,POOL_ID_BYTES32,THIRD_PARTY_DISCOVERY_ONLY,1156.59,88.49,https://dexscreener.com/robinhood/0x19d20d40955096bd8f7d3f66574460daf90e24031d0c56d1e6fbcebb7f2171e0
AVGO,0x000000000000000000000000000000001bbb45628de84cb2917abd26680c7ab9,0x156e175dd063a8ce274c50654ef40e0032b3fbcf,ETH,0x0000000000000000000000000000000000000000,uniswap,v4,0x1d539e1d430a46ea9c99fe1cbe1b3e18cb39234108bab9fa47f837e342f553e9,POOL_ID_BYTES32,THIRD_PARTY_DISCOVERY_ONLY,3668.48,146,https://dexscreener.com/robinhood/0x1d539e1d430a46ea9c99fe1cbe1b3e18cb39234108bab9fa47f837e342f553e9
AVGO,0x000000000000000000000000000000001bbb45628de84cb2917abd26680c7ab9,0x156e175dd063a8ce274c50654ef40e0032b3fbcf,USDG,0x5fc5360d0400a0fd4f2af552add042d716f1d168,uniswap,v4,0x2838631ac2ebd21eda6b59dee8f733cfba7e4bd80f4d968f375e7afde87713f8,POOL_ID_BYTES32,THIRD_PARTY_DISCOVERY_ONLY,503.06,12.91,https://dexscreener.com/robinhood/0x2838631ac2ebd21eda6b59dee8f733cfba7e4bd80f4d968f375e7afde87713f8
AVGO,0x000000000000000000000000000000001bbb45628de84cb2917abd26680c7ab9,0x156e175dd063a8ce274c50654ef40e0032b3fbcf,USDG,0x5fc5360d0400a0fd4f2af552add042d716f1d168,uniswap,v4,0x3ba691cfa6268f7bbdf7a20e55c2212cced4b3519ec2744173b624b9a79d19f3,POOL_ID_BYTES32,THIRD_PARTY_DISCOVERY_ONLY,2350.11,3258.69,https://dexscreener.com/robinhood/0x3ba691cfa6268f7bbdf7a20e55c2212cced4b3519ec2744173b624b9a79d19f3
AVGO,0x000000000000000000000000000000001bbb45628de84cb2917abd26680c7ab9,0x156e175dd063a8ce274c50654ef40e0032b3fbcf,USDG,0x5fc5360d0400a0fd4f2af552add042d716f1d168,uniswap,v4,0x555207fb06119a668a0b56724f0544b4deac20989f77f43bf9ad93fdc84b77bd,POOL_ID_BYTES32,THIRD_PARTY_DISCOVERY_ONLY,271.18,11139.9,https://dexscreener.com/robinhood/0x555207fb06119a668a0b56724f0544b4deac20989f77f43bf9ad93fdc84b77bd
AVGO,0x000000000000000000000000000000001bbb45628de84cb2917abd26680c7ab9,0x156e175dd063a8ce274c50654ef40e0032b3fbcf,USDG,0x5fc5360d0400a0fd4f2af552add042d716f1d168,uniswap,v4,0x573b82fd7b555d4c778f43a1c3cf83db9c16b6a7c447b1b3ec226bd9ecf24146,POOL_ID_BYTES32,THIRD_PARTY_DISCOVERY_ONLY,2963.99,2828.21,https://dexscreener.com/robinhood/0x573b82fd7b555d4c778f43a1c3cf83db9c16b6a7c447b1b3ec226bd9ecf24146
AVGO,0x000000000000000000000000000000001bbb45628de84cb2917abd26680c7ab9,0x156e175dd063a8ce274c50654ef40e0032b3fbcf,USDG,0x5fc5360d0400a0fd4f2af552add042d716f1d168,uniswap,v4,0x7cb9986275bfb8d7e79b09fc30e8a814627b0ae09d5bbe54a927d5d320ddd786,POOL_ID_BYTES32,THIRD_PARTY_DISCOVERY_ONLY,27837.51,4010.51,https://dexscreener.com/robinhood/0x7cb9986275bfb8d7e79b09fc30e8a814627b0ae09d5bbe54a927d5d320ddd786
AVGO,0x000000000000000000000000000000001bbb45628de84cb2917abd26680c7ab9,0x156e175dd063a8ce274c50654ef40e0032b3fbcf,USDG,0x5fc5360d0400a0fd4f2af552add042d716f1d168,uniswap,v4,0x7f4e844a4a74e81313c470f0c506dcc000322ed543ac0af2a650d810d8d96327,POOL_ID_BYTES32,THIRD_PARTY_DISCOVERY_ONLY,1000.87,235,https://dexscreener.com/robinhood/0x7f4e844a4a74e81313c470f0c506dcc000322ed543ac0af2a650d810d8d96327
AVGO,0x000000000000000000000000000000001bbb45628de84cb2917abd26680c7ab9,0x156e175dd063a8ce274c50654ef40e0032b3fbcf,USDG,0x5fc5360d0400a0fd4f2af552add042d716f1d168,uniswap,v4,0x9214bd3afeae46a8df2a39278050362e0bde9d587f0e0934a38031bc4831a90e,POOL_ID_BYTES32,THIRD_PARTY_DISCOVERY_ONLY,14617.02,40475.27,https://dexscreener.com/robinhood/0x9214bd3afeae46a8df2a39278050362e0bde9d587f0e0934a38031bc4831a90e
AVGO,0x000000000000000000000000000000001bbb45628de84cb2917abd26680c7ab9,0x156e175dd063a8ce274c50654ef40e0032b3fbcf,USDG,0x5fc5360d0400a0fd4f2af552add042d716f1d168,uniswap,v4,0xa19bec984f3ba60b7747f62f36d9a93735abac47470edc797fecb6e8f00e1a64,POOL_ID_BYTES32,THIRD_PARTY_DISCOVERY_ONLY,,8683.48,https://dexscreener.com/robinhood/0xa19bec984f3ba60b7747f62f36d9a93735abac47470edc797fecb6e8f00e1a64
AVGO,0x000000000000000000000000000000001bbb45628de84cb2917abd26680c7ab9,0x156e175dd063a8ce274c50654ef40e0032b3fbcf,ETH,0x0000000000000000000000000000000000000000,uniswap,v4,0xb26f466057ddb8b782792b039bed3ad4b953d65a5b0717e4af400fc46c81715b,POOL_ID_BYTES32,THIRD_PARTY_DISCOVERY_ONLY,8481.12,1639.87,https://dexscreener.com/robinhood/0xb26f466057ddb8b782792b039bed3ad4b953d65a5b0717e4af400fc46c81715b
AVGO,0x000000000000000000000000000000001bbb45628de84cb2917abd26680c7ab9,0x156e175dd063a8ce274c50654ef40e0032b3fbcf,USDG,0x5fc5360d0400a0fd4f2af552add042d716f1d168,uniswap,v4,0xc958d340d15a74335e014a20092145a1fadc17bb9fc1f6c841ef18ae4f255988,POOL_ID_BYTES32,THIRD_PARTY_DISCOVERY_ONLY,842.68,253.27,https://dexscreener.com/robinhood/0xc958d340d15a74335e014a20092145a1fadc17bb9fc1f6c841ef18ae4f255988
AXTI,0x000000000000000000000000000000005756ed74636b4fb7a1cb3bbdbd18eb64,0x141eea040c2250eec0314e336975e81f85f6585e,ETH,0x0000000000000000000000000000000000000000,uniswap,v4,0x085a50d809d76cb9581c0cdebe432882351b1185c21497612eb33c2c80ebab6b,POOL_ID_BYTES32,THIRD_PARTY_DISCOVERY_ONLY,475.96,63.8,https://dexscreener.com/robinhood/0x085a50d809d76cb9581c0cdebe432882351b1185c21497612eb33c2c80ebab6b
AXTI,0x000000000000000000000000000000005756ed74636b4fb7a1cb3bbdbd18eb64,0x141eea040c2250eec0314e336975e81f85f6585e,ETH,0x0000000000000000000000000000000000000000,uniswap,v4,0x47d2dc7d27a3d6da9be82fba26ee4aaab935246adde2f0d98431c9cdbbc46978,POOL_ID_BYTES32,THIRD_PARTY_DISCOVERY_ONLY,8650.12,465.6,https://dexscreener.com/robinhood/0x47d2dc7d27a3d6da9be82fba26ee4aaab935246adde2f0d98431c9cdbbc46978
AXTI,0x000000000000000000000000000000005756ed74636b4fb7a1cb3bbdbd18eb64,0x141eea040c2250eec0314e336975e81f85f6585e,USDG,0x5fc5360d0400a0fd4f2af552add042d716f1d168,uniswap,v4,0x74f0d4d02d43e4a1702a55623640778d35bcd7e889856bac90abed208406438e,POOL_ID_BYTES32,THIRD_PARTY_DISCOVERY_ONLY,518.36,11.16,https://dexscreener.com/robinhood/0x74f0d4d02d43e4a1702a55623640778d35bcd7e889856bac90abed208406438e
AXTI,0x000000000000000000000000000000005756ed74636b4fb7a1cb3bbdbd18eb64,0x141eea040c2250eec0314e336975e81f85f6585e,USDG,0x5fc5360d0400a0fd4f2af552add042d716f1d168,uniswap,v4,0xd435e51f549d3de0c488ef8fe306fe52f67da0939fc60108434ee087b901a142,POOL_ID_BYTES32,THIRD_PARTY_DISCOVERY_ONLY,1159.92,4.34,https://dexscreener.com/robinhood/0xd435e51f549d3de0c488ef8fe306fe52f67da0939fc60108434ee087b901a142
AXTI,0x000000000000000000000000000000005756ed74636b4fb7a1cb3bbdbd18eb64,0x141eea040c2250eec0314e336975e81f85f6585e,ETH,0x0000000000000000000000000000000000000000,uniswap,v4,0xd82df753c3e6a6ed25270c261b177bffa6b3edfddcd64be0116eb953e91dcdc8,POOL_ID_BYTES32,THIRD_PARTY_DISCOVERY_ONLY,2771.14,55.99,https://dexscreener.com/robinhood/0xd82df753c3e6a6ed25270c261b177bffa6b3edfddcd64be0116eb953e91dcdc8
AXTI,0x000000000000000000000000000000005756ed74636b4fb7a1cb3bbdbd18eb64,0x141eea040c2250eec0314e336975e81f85f6585e,USDG,0x5fc5360d0400a0fd4f2af552add042d716f1d168,uniswap,v4,0xe3c12308d10ba378f58c46eea594783ef41b54e715a87fe76e290885d2dcabda,POOL_ID_BYTES32,THIRD_PARTY_DISCOVERY_ONLY,2991.17,2005.63,https://dexscreener.com/robinhood/0xe3c12308d10ba378f58c46eea594783ef41b54e715a87fe76e290885d2dcabda
AXTI,0x000000000000000000000000000000005756ed74636b4fb7a1cb3bbdbd18eb64,0x141eea040c2250eec0314e336975e81f85f6585e,ETH,0x0000000000000000000000000000000000000000,uniswap,v4,0xf3b0546b2e62d1e979adafbb56dd63c29e0dbb7632845b538dc493d3e5fe9efd,POOL_ID_BYTES32,THIRD_PARTY_DISCOVERY_ONLY,2684.84,109.03,https://dexscreener.com/robinhood/0xf3b0546b2e62d1e979adafbb56dd63c29e0dbb7632845b538dc493d3e5fe9efd
BA,0x0000000000000000000000000000000047129a8e0f8f4091841e4004bfa08013,0x4d21483a44bf67a86b77e3da301411880797d452,USDG,0x5fc5360d0400a0fd4f2af552add042d716f1d168,ramses,v3,0x32ec3314ae7ae9fab0f589fde0c3bca0f4cb2f88,CONTRACT_ADDRESS,THIRD_PARTY_DISCOVERY_ONLY,3130.25,5508.28,https://dexscreener.com/robinhood/0x32ec3314ae7ae9fab0f589fde0c3bca0f4cb2f88
BA,0x0000000000000000000000000000000047129a8e0f8f4091841e4004bfa08013,0x4d21483a44bf67a86b77e3da301411880797d452,USDG,0x5fc5360d0400a0fd4f2af552add042d716f1d168,uniswap,v3,0xbf3904cad0e63a4796cf806c21f2c1528b8ebe06,CONTRACT_ADDRESS,MATCHED_CANONICAL_UNISWAP_FACTORY_RESULT,15220.28,30059.01,https://dexscreener.com/robinhood/0xbf3904cad0e63a4796cf806c21f2c1528b8ebe06
BA,0x0000000000000000000000000000000047129a8e0f8f4091841e4004bfa08013,0x4d21483a44bf67a86b77e3da301411880797d452,USDG,0x5fc5360d0400a0fd4f2af552add042d716f1d168,uniswap,v3,0xc6517047b189c72d3baa9ef37d1d28f27a63638a,CONTRACT_ADDRESS,MATCHED_CANONICAL_UNISWAP_FACTORY_RESULT,50991.17,339058.25,https://dexscreener.com/robinhood/0xc6517047b189c72d3baa9ef37d1d28f27a63638a
BA,0x0000000000000000000000000000000047129a8e0f8f4091841e4004bfa08013,0x4d21483a44bf67a86b77e3da301411880797d452,USDG,0x5fc5360d0400a0fd4f2af552add042d716f1d168,uniswap,v4,0x1bd266afaf99164a3913a959e4d27698c51fe51535bbe0af0718d7ae666c7e10,POOL_ID_BYTES32,THIRD_PARTY_DISCOVERY_ONLY,43204.94,482259.59,https://dexscreener.com/robinhood/0x1bd266afaf99164a3913a959e4d27698c51fe51535bbe0af0718d7ae666c7e10
BA,0x0000000000000000000000000000000047129a8e0f8f4091841e4004bfa08013,0x4d21483a44bf67a86b77e3da301411880797d452,ETH,0x0000000000000000000000000000000000000000,uniswap,v4,0x213fc3a59a843928627e5d48986eb34e90bc57cb883467f2217d2b0978cdd251,POOL_ID_BYTES32,THIRD_PARTY_DISCOVERY_ONLY,491.31,4.39,https://dexscreener.com/robinhood/0x213fc3a59a843928627e5d48986eb34e90bc57cb883467f2217d2b0978cdd251
BA,0x0000000000000000000000000000000047129a8e0f8f4091841e4004bfa08013,0x4d21483a44bf67a86b77e3da301411880797d452,USDG,0x5fc5360d0400a0fd4f2af552add042d716f1d168,uniswap,v4,0x36f89794cd5c81e4cc462d25a9c91acaa73ab34ce00038f59f0590b15ee08ab0,POOL_ID_BYTES32,THIRD_PARTY_DISCOVERY_ONLY,7680.72,655.67,https://dexscreener.com/robinhood/0x36f89794cd5c81e4cc462d25a9c91acaa73ab34ce00038f59f0590b15ee08ab0
BA,0x0000000000000000000000000000000047129a8e0f8f4091841e4004bfa08013,0x4d21483a44bf67a86b77e3da301411880797d452,ETH,0x0000000000000000000000000000000000000000,uniswap,v4,0x454a5e0f0fb4eeb5faebcee205ddb106344989f27a7dc57c86c2b5aeb7e7b9a8,POOL_ID_BYTES32,THIRD_PARTY_DISCOVERY_ONLY,7812.87,1024.61,https://dexscreener.com/robinhood/0x454a5e0f0fb4eeb5faebcee205ddb106344989f27a7dc57c86c2b5aeb7e7b9a8
BA,0x0000000000000000000000000000000047129a8e0f8f4091841e4004bfa08013,0x4d21483a44bf67a86b77e3da301411880797d452,ETH,0x0000000000000000000000000000000000000000,uniswap,v4,0x638210ff7ccddf8919bffbff2d0b23c40c5eab84b198d4bc96dc3041e76bbc2f,POOL_ID_BYTES32,THIRD_PARTY_DISCOVERY_ONLY,29607.71,7538.73,https://dexscreener.com/robinhood/0x638210ff7ccddf8919bffbff2d0b23c40c5eab84b198d4bc96dc3041e76bbc2f
BA,0x0000000000000000000000000000000047129a8e0f8f4091841e4004bfa08013,0x4d21483a44bf67a86b77e3da301411880797d452,ETH,0x0000000000000000000000000000000000000000,uniswap,v4,0x75b950e8d3b7a9fcdd4165ac939dc510d836f47f0ea6e1c79902d205b9179cec,POOL_ID_BYTES32,THIRD_PARTY_DISCOVERY_ONLY,4311.68,791.39,https://dexscreener.com/robinhood/0x75b950e8d3b7a9fcdd4165ac939dc510d836f47f0ea6e1c79902d205b9179cec
BABA,0x000000000000000000000000000000006ef9da606f504495ad7de6a7a58b87cd,0xad25ac6c84d497db898fa1e8387bf6af3532a1c4,USDG,0x5fc5360d0400a0fd4f2af552add042d716f1d168,ramses,v3,0xbe8e1c7fa06945c3c44d5f140bbc9a71fa72c0da,CONTRACT_ADDRESS,THIRD_PARTY_DISCOVERY_ONLY,171.04,62.67,https://dexscreener.com/robinhood/0xbe8e1c7fa06945c3c44d5f140bbc9a71fa72c0da
BABA,0x000000000000000000000000000000006ef9da606f504495ad7de6a7a58b87cd,0xad25ac6c84d497db898fa1e8387bf6af3532a1c4,USDG,0x5fc5360d0400a0fd4f2af552add042d716f1d168,ramses,v3,0xdef60746b5f710aa66a6807fdcc6336b7f9480f2,CONTRACT_ADDRESS,THIRD_PARTY_DISCOVERY_ONLY,53622.42,287711.36,https://dexscreener.com/robinhood/0xdef60746b5f710aa66a6807fdcc6336b7f9480f2
BABA,0x000000000000000000000000000000006ef9da606f504495ad7de6a7a58b87cd,0xad25ac6c84d497db898fa1e8387bf6af3532a1c4,USDG,0x5fc5360d0400a0fd4f2af552add042d716f1d168,uniswap,v3,0x368ddd38861d31435d764fc54df7d16481e3590b,CONTRACT_ADDRESS,MATCHED_CANONICAL_UNISWAP_FACTORY_RESULT,85.9,103075.49,https://dexscreener.com/robinhood/0x368ddd38861d31435d764fc54df7d16481e3590b
BABA,0x000000000000000000000000000000006ef9da606f504495ad7de6a7a58b87cd,0xad25ac6c84d497db898fa1e8387bf6af3532a1c4,USDG,0x5fc5360d0400a0fd4f2af552add042d716f1d168,uniswap,v3,0x9eda4bcb3ebfede532f3cae3864fc0cefff782aa,CONTRACT_ADDRESS,MATCHED_CANONICAL_UNISWAP_FACTORY_RESULT,7035.14,12530.38,https://dexscreener.com/robinhood/0x9eda4bcb3ebfede532f3cae3864fc0cefff782aa
BABA,0x000000000000000000000000000000006ef9da606f504495ad7de6a7a58b87cd,0xad25ac6c84d497db898fa1e8387bf6af3532a1c4,USDG,0x5fc5360d0400a0fd4f2af552add042d716f1d168,uniswap,v3,0xa57ab582b310dd6f9e934ea1eeea152741545e6a,CONTRACT_ADDRESS,MATCHED_CANONICAL_UNISWAP_FACTORY_RESULT,66343.54,609023.6,https://dexscreener.com/robinhood/0xa57ab582b310dd6f9e934ea1eeea152741545e6a
BABA,0x000000000000000000000000000000006ef9da606f504495ad7de6a7a58b87cd,0xad25ac6c84d497db898fa1e8387bf6af3532a1c4,USDG,0x5fc5360d0400a0fd4f2af552add042d716f1d168,uniswap,v4,0x0ce40d279b1852a3b66ad8e09bfdbe11176d1ad3f831e3356bbe34b36bed0d3c,POOL_ID_BYTES32,THIRD_PARTY_DISCOVERY_ONLY,1264.64,293558.59,https://dexscreener.com/robinhood/0x0ce40d279b1852a3b66ad8e09bfdbe11176d1ad3f831e3356bbe34b36bed0d3c
BABA,0x000000000000000000000000000000006ef9da606f504495ad7de6a7a58b87cd,0xad25ac6c84d497db898fa1e8387bf6af3532a1c4,USDG,0x5fc5360d0400a0fd4f2af552add042d716f1d168,uniswap,v4,0x1791fc651cc794a282e5dbcb56d0b2b38eff8754b677c8876e86901521ecc439,POOL_ID_BYTES32,THIRD_PARTY_DISCOVERY_ONLY,7860.68,156871.35,https://dexscreener.com/robinhood/0x1791fc651cc794a282e5dbcb56d0b2b38eff8754b677c8876e86901521ecc439
BABA,0x000000000000000000000000000000006ef9da606f504495ad7de6a7a58b87cd,0xad25ac6c84d497db898fa1e8387bf6af3532a1c4,ETH,0x0000000000000000000000000000000000000000,uniswap,v4,0x3db198b913522aceaa2149be87a02ae3487491c6a5281846ffe444e20f5bf1ca,POOL_ID_BYTES32,THIRD_PARTY_DISCOVERY_ONLY,34192.12,1712.68,https://dexscreener.com/robinhood/0x3db198b913522aceaa2149be87a02ae3487491c6a5281846ffe444e20f5bf1ca
BABA,0x000000000000000000000000000000006ef9da606f504495ad7de6a7a58b87cd,0xad25ac6c84d497db898fa1e8387bf6af3532a1c4,ETH,0x0000000000000000000000000000000000000000,uniswap,v4,0x436bbc61a24a69095a1c012884b3a3d4f943376c6f462923653f5666fd229b84,POOL_ID_BYTES32,THIRD_PARTY_DISCOVERY_ONLY,322.42,1273.27,https://dexscreener.com/robinhood/0x436bbc61a24a69095a1c012884b3a3d4f943376c6f462923653f5666fd229b84
BABA,0x000000000000000000000000000000006ef9da606f504495ad7de6a7a58b87cd,0xad25ac6c84d497db898fa1e8387bf6af3532a1c4,USDG,0x5fc5360d0400a0fd4f2af552add042d716f1d168,uniswap,v4,0x607c9eb459c2c229dd27318a6a1bc18b3eeaaa1f37d147124f0a883d6efefdec,POOL_ID_BYTES32,THIRD_PARTY_DISCOVERY_ONLY,12583.45,333.82,https://dexscreener.com/robinhood/0x607c9eb459c2c229dd27318a6a1bc18b3eeaaa1f37d147124f0a883d6efefdec
BABA,0x000000000000000000000000000000006ef9da606f504495ad7de6a7a58b87cd,0xad25ac6c84d497db898fa1e8387bf6af3532a1c4,ETH,0x0000000000000000000000000000000000000000,uniswap,v4,0x733a4ada337378a73f16f63466023d945cd98ca3a6cbb098b90c1ea0b337bdf4,POOL_ID_BYTES32,THIRD_PARTY_DISCOVERY_ONLY,1370.06,84.34,https://dexscreener.com/robinhood/0x733a4ada337378a73f16f63466023d945cd98ca3a6cbb098b90c1ea0b337bdf4
BABA,0x000000000000000000000000000000006ef9da606f504495ad7de6a7a58b87cd,0xad25ac6c84d497db898fa1e8387bf6af3532a1c4,USDG,0x5fc5360d0400a0fd4f2af552add042d716f1d168,uniswap,v4,0x9c307d04b2dc61111608ebc80c3c39faffa6a6e3e05a9a2330171065e4d3efa4,POOL_ID_BYTES32,THIRD_PARTY_DISCOVERY_ONLY,1431.35,929.95,https://dexscreener.com/robinhood/0x9c307d04b2dc61111608ebc80c3c39faffa6a6e3e05a9a2330171065e4d3efa4
BABA,0x000000000000000000000000000000006ef9da606f504495ad7de6a7a58b87cd,0xad25ac6c84d497db898fa1e8387bf6af3532a1c4,ETH,0x0000000000000000000000000000000000000000,uniswap,v4,0xad5b9d47cc3077a0efbdbe95dcbf0ce33cb4e607817388fb1111b3a3fc01439a,POOL_ID_BYTES32,THIRD_PARTY_DISCOVERY_ONLY,3472.1,516.71,https://dexscreener.com/robinhood/0xad5b9d47cc3077a0efbdbe95dcbf0ce33cb4e607817388fb1111b3a3fc01439a
BABA,0x000000000000000000000000000000006ef9da606f504495ad7de6a7a58b87cd,0xad25ac6c84d497db898fa1e8387bf6af3532a1c4,USDG,0x5fc5360d0400a0fd4f2af552add042d716f1d168,uniswap,v4,0xc9515ecdfcc7e241f2942420797b7fb47288728797e6bfb6d17eba72d33717bc,POOL_ID_BYTES32,THIRD_PARTY_DISCOVERY_ONLY,,410.43,https://dexscreener.com/robinhood/0xc9515ecdfcc7e241f2942420797b7fb47288728797e6bfb6d17eba72d33717bc
BABA,0x000000000000000000000000000000006ef9da606f504495ad7de6a7a58b87cd,0xad25ac6c84d497db898fa1e8387bf6af3532a1c4,USDG,0x5fc5360d0400a0fd4f2af552add042d716f1d168,uniswap,v4,0xe631b433cd0ae30df841e6604fc86734a192d8f4043f51ab8a02cb2e644c88e5,POOL_ID_BYTES32,THIRD_PARTY_DISCOVERY_ONLY,29936.18,8833.87,https://dexscreener.com/robinhood/0xe631b433cd0ae30df841e6604fc86734a192d8f4043f51ab8a02cb2e644c88e5
BB,0x00000000000000000000000000000000551774850f194601b6cdefc8c802696d,0x48e39e56acdba37b09020c0b734a613c9a2f100a,WETH,0x0bd7d308f8e1639fab988df18a8011f41eacad73,uniswap,v3,0x183304567485e97e68835708f572aaa0e0e71d08,CONTRACT_ADDRESS,MATCHED_CANONICAL_UNISWAP_FACTORY_RESULT,8683.73,54109.28,https://dexscreener.com/robinhood/0x183304567485e97e68835708f572aaa0e0e71d08
BB,0x00000000000000000000000000000000551774850f194601b6cdefc8c802696d,0x48e39e56acdba37b09020c0b734a613c9a2f100a,USDG,0x5fc5360d0400a0fd4f2af552add042d716f1d168,uniswap,v3,0xc424e56e816f148a8b30ccbde2128e04d21f51e9,CONTRACT_ADDRESS,MATCHED_CANONICAL_UNISWAP_FACTORY_RESULT,8869.07,84241.72,https://dexscreener.com/robinhood/0xc424e56e816f148a8b30ccbde2128e04d21f51e9
BB,0x00000000000000000000000000000000551774850f194601b6cdefc8c802696d,0x48e39e56acdba37b09020c0b734a613c9a2f100a,USDG,0x5fc5360d0400a0fd4f2af552add042d716f1d168,uniswap,v4,0x08704768f4fcae04178996f91a661fb5a64dae02b73e0e6b9a7cd42e3ac400bc,POOL_ID_BYTES32,THIRD_PARTY_DISCOVERY_ONLY,1987.85,88205.77,https://dexscreener.com/robinhood/0x08704768f4fcae04178996f91a661fb5a64dae02b73e0e6b9a7cd42e3ac400bc
BB,0x00000000000000000000000000000000551774850f194601b6cdefc8c802696d,0x48e39e56acdba37b09020c0b734a613c9a2f100a,USDG,0x5fc5360d0400a0fd4f2af552add042d716f1d168,uniswap,v4,0x497d52302ec9f8855ee4f084e7879c4c1d125a52d548c6a7b810bc3af769e800,POOL_ID_BYTES32,THIRD_PARTY_DISCOVERY_ONLY,35939.15,269876.06,https://dexscreener.com/robinhood/0x497d52302ec9f8855ee4f084e7879c4c1d125a52d548c6a7b810bc3af769e800
BB,0x00000000000000000000000000000000551774850f194601b6cdefc8c802696d,0x48e39e56acdba37b09020c0b734a613c9a2f100a,ETH,0x0000000000000000000000000000000000000000,uniswap,v4,0x53f2ec0c1277c50254be57092808550e7d1909b0b9ed4f28db8fc6c31099dc90,POOL_ID_BYTES32,THIRD_PARTY_DISCOVERY_ONLY,2011.53,46.54,https://dexscreener.com/robinhood/0x53f2ec0c1277c50254be57092808550e7d1909b0b9ed4f28db8fc6c31099dc90
BB,0x00000000000000000000000000000000551774850f194601b6cdefc8c802696d,0x48e39e56acdba37b09020c0b734a613c9a2f100a,USDG,0x5fc5360d0400a0fd4f2af552add042d716f1d168,uniswap,v4,0x557e7e292fb7bbedd846a7907fbb8bc87b8f2a3b908fd2309e6e85c4a3a4bc72,POOL_ID_BYTES32,THIRD_PARTY_DISCOVERY_ONLY,1002.12,1173.55,https://dexscreener.com/robinhood/0x557e7e292fb7bbedd846a7907fbb8bc87b8f2a3b908fd2309e6e85c4a3a4bc72
BB,0x00000000000000000000000000000000551774850f194601b6cdefc8c802696d,0x48e39e56acdba37b09020c0b734a613c9a2f100a,ETH,0x0000000000000000000000000000000000000000,uniswap,v4,0x5ec2d65f6a9924f9bc2fec77fc0b86133900830944431ee10236f3231d4040f6,POOL_ID_BYTES32,THIRD_PARTY_DISCOVERY_ONLY,657.54,23.86,https://dexscreener.com/robinhood/0x5ec2d65f6a9924f9bc2fec77fc0b86133900830944431ee10236f3231d4040f6
BB,0x00000000000000000000000000000000551774850f194601b6cdefc8c802696d,0x48e39e56acdba37b09020c0b734a613c9a2f100a,USDG,0x5fc5360d0400a0fd4f2af552add042d716f1d168,uniswap,v4,0x72db837b5ca8991f4a483248f2e09115ad8d283d62caf72e64320c02e5aa98d0,POOL_ID_BYTES32,THIRD_PARTY_DISCOVERY_ONLY,,944.16,https://dexscreener.com/robinhood/0x72db837b5ca8991f4a483248f2e09115ad8d283d62caf72e64320c02e5aa98d0
BB,0x00000000000000000000000000000000551774850f194601b6cdefc8c802696d,0x48e39e56acdba37b09020c0b734a613c9a2f100a,ETH,0x0000000000000000000000000000000000000000,uniswap,v4,0x8ced0bf5aee435b9eb7cc06ae040b36a547f6e3a3b55d95a7022419002fb77bb,POOL_ID_BYTES32,THIRD_PARTY_DISCOVERY_ONLY,5669.42,942.15,https://dexscreener.com/robinhood/0x8ced0bf5aee435b9eb7cc06ae040b36a547f6e3a3b55d95a7022419002fb77bb
BB,0x00000000000000000000000000000000551774850f194601b6cdefc8c802696d,0x48e39e56acdba37b09020c0b734a613c9a2f100a,USDG,0x5fc5360d0400a0fd4f2af552add042d716f1d168,uniswap,v4,0xa7eb309aa1705b8b28e13b620158e08ebb66c3f6af03f0fc11d1fd89414b1c9d,POOL_ID_BYTES32,THIRD_PARTY_DISCOVERY_ONLY,7404.63,21567.01,https://dexscreener.com/robinhood/0xa7eb309aa1705b8b28e13b620158e08ebb66c3f6af03f0fc11d1fd89414b1c9d
BB,0x00000000000000000000000000000000551774850f194601b6cdefc8c802696d,0x48e39e56acdba37b09020c0b734a613c9a2f100a,USDG,0x5fc5360d0400a0fd4f2af552add042d716f1d168,uniswap,v4,0xc250650901b49785b18443a0b1bfee10b98f5c20f11988635252030e5283a288,POOL_ID_BYTES32,THIRD_PARTY_DISCOVERY_ONLY,84180.21,921447.12,https://dexscreener.com/robinhood/0xc250650901b49785b18443a0b1bfee10b98f5c20f11988635252030e5283a288
BB,0x00000000000000000000000000000000551774850f194601b6cdefc8c802696d,0x48e39e56acdba37b09020c0b734a613c9a2f100a,ETH,0x0000000000000000000000000000000000000000,uniswap,v4,0xdee33c7a7005210ad7d687aa95fe4493bff49e9e1addf5f8cf39ece17bdbde19,POOL_ID_BYTES32,THIRD_PARTY_DISCOVERY_ONLY,27355.51,12558.81,https://dexscreener.com/robinhood/0xdee33c7a7005210ad7d687aa95fe4493bff49e9e1addf5f8cf39ece17bdbde19
BULL,0x000000000000000000000000000000006b598b911bbf43ee8ca6be4dd7267f6d,0xcef9027c7d6985b85f0ba431125073529a947a68,USDG,0x5fc5360d0400a0fd4f2af552add042d716f1d168,ramses,v3,0x6bbaaa39eaa3dd49a8d2721798b120f2f25cdff0,CONTRACT_ADDRESS,THIRD_PARTY_DISCOVERY_ONLY,39424.09,115413.72,https://dexscreener.com/robinhood/0x6bbaaa39eaa3dd49a8d2721798b120f2f25cdff0
BULL,0x000000000000000000000000000000006b598b911bbf43ee8ca6be4dd7267f6d,0xcef9027c7d6985b85f0ba431125073529a947a68,WETH,0x0bd7d308f8e1639fab988df18a8011f41eacad73,uniswap,v3,0x0a393801fea32a50be77dab6c8bbb503db3a4663,CONTRACT_ADDRESS,MATCHED_CANONICAL_UNISWAP_FACTORY_RESULT,8670.84,575.65,https://dexscreener.com/robinhood/0x0a393801fea32a50be77dab6c8bbb503db3a4663
BULL,0x000000000000000000000000000000006b598b911bbf43ee8ca6be4dd7267f6d,0xcef9027c7d6985b85f0ba431125073529a947a68,USDG,0x5fc5360d0400a0fd4f2af552add042d716f1d168,uniswap,v3,0x396e9f3c8cd496311ba3cd19901b2022fe265c2c,CONTRACT_ADDRESS,MATCHED_CANONICAL_UNISWAP_FACTORY_RESULT,6.39,6698.96,https://dexscreener.com/robinhood/0x396e9f3c8cd496311ba3cd19901b2022fe265c2c
BULL,0x000000000000000000000000000000006b598b911bbf43ee8ca6be4dd7267f6d,0xcef9027c7d6985b85f0ba431125073529a947a68,USDG,0x5fc5360d0400a0fd4f2af552add042d716f1d168,uniswap,v4,0x03b892c0b6bfe1fa9147e10afb88d9e79bedb86c34730112d416d019f4607df5,POOL_ID_BYTES32,THIRD_PARTY_DISCOVERY_ONLY,24918.27,1882.76,https://dexscreener.com/robinhood/0x03b892c0b6bfe1fa9147e10afb88d9e79bedb86c34730112d416d019f4607df5
BULL,0x000000000000000000000000000000006b598b911bbf43ee8ca6be4dd7267f6d,0xcef9027c7d6985b85f0ba431125073529a947a68,USDG,0x5fc5360d0400a0fd4f2af552add042d716f1d168,uniswap,v4,0x1bda41eb5701e01bb4ff3659e9e614cd92260efa25731ce3d6ee18e1e25e2cd6,POOL_ID_BYTES32,THIRD_PARTY_DISCOVERY_ONLY,92011.35,444608.95,https://dexscreener.com/robinhood/0x1bda41eb5701e01bb4ff3659e9e614cd92260efa25731ce3d6ee18e1e25e2cd6
BULL,0x000000000000000000000000000000006b598b911bbf43ee8ca6be4dd7267f6d,0xcef9027c7d6985b85f0ba431125073529a947a68,USDG,0x5fc5360d0400a0fd4f2af552add042d716f1d168,uniswap,v4,0x208b3c98509cc3da0c7912aa7e8b42cc04d5ee2c02234ab53d92fc27862b645f,POOL_ID_BYTES32,THIRD_PARTY_DISCOVERY_ONLY,,23703.14,https://dexscreener.com/robinhood/0x208b3c98509cc3da0c7912aa7e8b42cc04d5ee2c02234ab53d92fc27862b645f
BULL,0x000000000000000000000000000000006b598b911bbf43ee8ca6be4dd7267f6d,0xcef9027c7d6985b85f0ba431125073529a947a68,USDG,0x5fc5360d0400a0fd4f2af552add042d716f1d168,uniswap,v4,0x211ee86a840985e936dbe5e3cdbcd8bb9b69c2d0b31868b12f44d30b69e6bb6f,POOL_ID_BYTES32,THIRD_PARTY_DISCOVERY_ONLY,99.69,190635.13,https://dexscreener.com/robinhood/0x211ee86a840985e936dbe5e3cdbcd8bb9b69c2d0b31868b12f44d30b69e6bb6f
BULL,0x000000000000000000000000000000006b598b911bbf43ee8ca6be4dd7267f6d,0xcef9027c7d6985b85f0ba431125073529a947a68,ETH,0x0000000000000000000000000000000000000000,uniswap,v4,0x282d418612ba85d347cda58680eefadca20b9ad5d30b62b624fd00f03668fc7d,POOL_ID_BYTES32,THIRD_PARTY_DISCOVERY_ONLY,5835.88,3689.94,https://dexscreener.com/robinhood/0x282d418612ba85d347cda58680eefadca20b9ad5d30b62b624fd00f03668fc7d
BULL,0x000000000000000000000000000000006b598b911bbf43ee8ca6be4dd7267f6d,0xcef9027c7d6985b85f0ba431125073529a947a68,ETH,0x0000000000000000000000000000000000000000,uniswap,v4,0x30ce8b0fdeb8d80062a98105bf8245819982a0632548f836e24dc4e0c591f107,POOL_ID_BYTES32,THIRD_PARTY_DISCOVERY_ONLY,2581.62,686.28,https://dexscreener.com/robinhood/0x30ce8b0fdeb8d80062a98105bf8245819982a0632548f836e24dc4e0c591f107
BULL,0x000000000000000000000000000000006b598b911bbf43ee8ca6be4dd7267f6d,0xcef9027c7d6985b85f0ba431125073529a947a68,USDG,0x5fc5360d0400a0fd4f2af552add042d716f1d168,uniswap,v4,0x33ddc8ecef8fa087828904476e6364d46fc8c2707fa805ef39b76561bc6f81be,POOL_ID_BYTES32,THIRD_PARTY_DISCOVERY_ONLY,9874.28,10405.94,https://dexscreener.com/robinhood/0x33ddc8ecef8fa087828904476e6364d46fc8c2707fa805ef39b76561bc6f81be
BULL,0x000000000000000000000000000000006b598b911bbf43ee8ca6be4dd7267f6d,0xcef9027c7d6985b85f0ba431125073529a947a68,USDG,0x5fc5360d0400a0fd4f2af552add042d716f1d168,uniswap,v4,0x3f5b2dbba2455153db55e847b1b4c2a51e05f8f11de364d108249fbbcf425afa,POOL_ID_BYTES32,THIRD_PARTY_DISCOVERY_ONLY,,4703.76,https://dexscreener.com/robinhood/0x3f5b2dbba2455153db55e847b1b4c2a51e05f8f11de364d108249fbbcf425afa
BULL,0x000000000000000000000000000000006b598b911bbf43ee8ca6be4dd7267f6d,0xcef9027c7d6985b85f0ba431125073529a947a68,USDG,0x5fc5360d0400a0fd4f2af552add042d716f1d168,uniswap,v4,0x5bc0f2361bedda0d792cde0bd1bd6cce9bce11d4e9d47a75893731d1ac0f6e48,POOL_ID_BYTES32,THIRD_PARTY_DISCOVERY_ONLY,574.55,274.03,https://dexscreener.com/robinhood/0x5bc0f2361bedda0d792cde0bd1bd6cce9bce11d4e9d47a75893731d1ac0f6e48
BULL,0x000000000000000000000000000000006b598b911bbf43ee8ca6be4dd7267f6d,0xcef9027c7d6985b85f0ba431125073529a947a68,USDG,0x5fc5360d0400a0fd4f2af552add042d716f1d168,uniswap,v4,0x5f77ab845d2b2b9e4f52054feb1d77fc056462ae40e1da2f90eb80e90ca30dc2,POOL_ID_BYTES32,THIRD_PARTY_DISCOVERY_ONLY,2701.52,88720.58,https://dexscreener.com/robinhood/0x5f77ab845d2b2b9e4f52054feb1d77fc056462ae40e1da2f90eb80e90ca30dc2
BULL,0x000000000000000000000000000000006b598b911bbf43ee8ca6be4dd7267f6d,0xcef9027c7d6985b85f0ba431125073529a947a68,USDG,0x5fc5360d0400a0fd4f2af552add042d716f1d168,uniswap,v4,0x62983dc730394865ecaeb5a8132f47cb49798052dc13457dff41c5b7593b27a4,POOL_ID_BYTES32,THIRD_PARTY_DISCOVERY_ONLY,13733.71,24121.57,https://dexscreener.com/robinhood/0x62983dc730394865ecaeb5a8132f47cb49798052dc13457dff41c5b7593b27a4
BULL,0x000000000000000000000000000000006b598b911bbf43ee8ca6be4dd7267f6d,0xcef9027c7d6985b85f0ba431125073529a947a68,USDG,0x5fc5360d0400a0fd4f2af552add042d716f1d168,uniswap,v4,0x6b1ea8d1357802a488970f281e2bbe05f345595dd696116f91cf98e27fe62235,POOL_ID_BYTES32,THIRD_PARTY_DISCOVERY_ONLY,31746.69,13892.6,https://dexscreener.com/robinhood/0x6b1ea8d1357802a488970f281e2bbe05f345595dd696116f91cf98e27fe62235
BULL,0x000000000000000000000000000000006b598b911bbf43ee8ca6be4dd7267f6d,0xcef9027c7d6985b85f0ba431125073529a947a68,USDG,0x5fc5360d0400a0fd4f2af552add042d716f1d168,uniswap,v4,0x756b7f5e9b62099b303efb6d9a983777270de24a260ae78518fe72ae825ab3c8,POOL_ID_BYTES32,THIRD_PARTY_DISCOVERY_ONLY,11020.11,723.62,https://dexscreener.com/robinhood/0x756b7f5e9b62099b303efb6d9a983777270de24a260ae78518fe72ae825ab3c8
BULL,0x000000000000000000000000000000006b598b911bbf43ee8ca6be4dd7267f6d,0xcef9027c7d6985b85f0ba431125073529a947a68,ETH,0x0000000000000000000000000000000000000000,uniswap,v4,0x827928776faafaa14033eca2c7b231c4437230ce5d0df3e1f70ee11141c116c9,POOL_ID_BYTES32,THIRD_PARTY_DISCOVERY_ONLY,24842.83,80388.51,https://dexscreener.com/robinhood/0x827928776faafaa14033eca2c7b231c4437230ce5d0df3e1f70ee11141c116c9
BULL,0x000000000000000000000000000000006b598b911bbf43ee8ca6be4dd7267f6d,0xcef9027c7d6985b85f0ba431125073529a947a68,USDG,0x5fc5360d0400a0fd4f2af552add042d716f1d168,uniswap,v4,0x87548c706a4657b9c66e903e899ad1f2860f9f067ff76b6542bbfe7755352c7e,POOL_ID_BYTES32,THIRD_PARTY_DISCOVERY_ONLY,607.71,265.02,https://dexscreener.com/robinhood/0x87548c706a4657b9c66e903e899ad1f2860f9f067ff76b6542bbfe7755352c7e
BULL,0x000000000000000000000000000000006b598b911bbf43ee8ca6be4dd7267f6d,0xcef9027c7d6985b85f0ba431125073529a947a68,USDG,0x5fc5360d0400a0fd4f2af552add042d716f1d168,uniswap,v4,0x9574cd3cf895aa9597faa6c21d91e5dc005a574bb4d12f6d310eadc2ecd6b847,POOL_ID_BYTES32,THIRD_PARTY_DISCOVERY_ONLY,3968.46,17030.55,https://dexscreener.com/robinhood/0x9574cd3cf895aa9597faa6c21d91e5dc005a574bb4d12f6d310eadc2ecd6b847
BULL,0x000000000000000000000000000000006b598b911bbf43ee8ca6be4dd7267f6d,0xcef9027c7d6985b85f0ba431125073529a947a68,USDG,0x5fc5360d0400a0fd4f2af552add042d716f1d168,uniswap,v4,0xbf1cf89897591c68576e16b2bbaaa9043feb6d1193453c4c14b28c33366d596a,POOL_ID_BYTES32,THIRD_PARTY_DISCOVERY_ONLY,22970.3,36201.21,https://dexscreener.com/robinhood/0xbf1cf89897591c68576e16b2bbaaa9043feb6d1193453c4c14b28c33366d596a
BULL,0x000000000000000000000000000000006b598b911bbf43ee8ca6be4dd7267f6d,0xcef9027c7d6985b85f0ba431125073529a947a68,ETH,0x0000000000000000000000000000000000000000,uniswap,v4,0xc900a48b05f762646e1b93acffb2f13fb6059aaa971ad9c931c24c94b5e59f6a,POOL_ID_BYTES32,THIRD_PARTY_DISCOVERY_ONLY,1192.88,384.98,https://dexscreener.com/robinhood/0xc900a48b05f762646e1b93acffb2f13fb6059aaa971ad9c931c24c94b5e59f6a
BULL,0x000000000000000000000000000000006b598b911bbf43ee8ca6be4dd7267f6d,0xcef9027c7d6985b85f0ba431125073529a947a68,USDG,0x5fc5360d0400a0fd4f2af552add042d716f1d168,uniswap,v4,0xcae65e88a84eda26c4b5a4926d3f9ba9f47f75606ef65056b0c2fb1795eedbc4,POOL_ID_BYTES32,THIRD_PARTY_DISCOVERY_ONLY,1377.97,11037.2,https://dexscreener.com/robinhood/0xcae65e88a84eda26c4b5a4926d3f9ba9f47f75606ef65056b0c2fb1795eedbc4
BULL,0x000000000000000000000000000000006b598b911bbf43ee8ca6be4dd7267f6d,0xcef9027c7d6985b85f0ba431125073529a947a68,USDG,0x5fc5360d0400a0fd4f2af552add042d716f1d168,uniswap,v4,0xdfc620485cebd394955e7cde9e3d336ec8dabe24a7c80c4b9de71ea896208e79,POOL_ID_BYTES32,THIRD_PARTY_DISCOVERY_ONLY,34033.25,374565.91,https://dexscreener.com/robinhood/0xdfc620485cebd394955e7cde9e3d336ec8dabe24a7c80c4b9de71ea896208e79
BULL,0x000000000000000000000000000000006b598b911bbf43ee8ca6be4dd7267f6d,0xcef9027c7d6985b85f0ba431125073529a947a68,USDG,0x5fc5360d0400a0fd4f2af552add042d716f1d168,uniswap,v4,0xe05e647daa264eae97b8a9b8072859025d227558a5043ab3763d15faa25210af,POOL_ID_BYTES32,THIRD_PARTY_DISCOVERY_ONLY,568.58,255.26,https://dexscreener.com/robinhood/0xe05e647daa264eae97b8a9b8072859025d227558a5043ab3763d15faa25210af
BULL,0x000000000000000000000000000000006b598b911bbf43ee8ca6be4dd7267f6d,0xcef9027c7d6985b85f0ba431125073529a947a68,USDG,0x5fc5360d0400a0fd4f2af552add042d716f1d168,uniswap,v4,0xe4f3024330a20a9d36bb8e8a3020be32e87cb2460c58d38a831a8ce0a2cddddd,POOL_ID_BYTES32,THIRD_PARTY_DISCOVERY_ONLY,30004.6,865.31,https://dexscreener.com/robinhood/0xe4f3024330a20a9d36bb8e8a3020be32e87cb2460c58d38a831a8ce0a2cddddd
BULL,0x000000000000000000000000000000006b598b911bbf43ee8ca6be4dd7267f6d,0xcef9027c7d6985b85f0ba431125073529a947a68,WETH,0x0bd7d308f8e1639fab988df18a8011f41eacad73,up,v3,0xafcb64203dd06cf6a576e812aa9d89fbb110642c,CONTRACT_ADDRESS,THIRD_PARTY_DISCOVERY_ONLY,845.87,1038.99,https://dexscreener.com/robinhood/0xafcb64203dd06cf6a576e812aa9d89fbb110642c
CBRS,0x000000000000000000000000000000002e030d9bc86c45e2b9e02418dd312548,0x5c90450bbb4273d7b2f17cf6917aeb237a569679,USDG,0x5fc5360d0400a0fd4f2af552add042d716f1d168,uniswap,v4,0x1c384453d6cffe614c540e2cae39e6bb8702987d2ecbfb86a344054b9bea38e7,POOL_ID_BYTES32,THIRD_PARTY_DISCOVERY_ONLY,180,5.73,https://dexscreener.com/robinhood/0x1c384453d6cffe614c540e2cae39e6bb8702987d2ecbfb86a344054b9bea38e7
CBRS,0x000000000000000000000000000000002e030d9bc86c45e2b9e02418dd312548,0x5c90450bbb4273d7b2f17cf6917aeb237a569679,ETH,0x0000000000000000000000000000000000000000,uniswap,v4,0x43f1312767df6def316c539a44ba67dd3e31e61b64e2b973d881bfc43ce7214b,POOL_ID_BYTES32,THIRD_PARTY_DISCOVERY_ONLY,3123.34,115.38,https://dexscreener.com/robinhood/0x43f1312767df6def316c539a44ba67dd3e31e61b64e2b973d881bfc43ce7214b
CBRS,0x000000000000000000000000000000002e030d9bc86c45e2b9e02418dd312548,0x5c90450bbb4273d7b2f17cf6917aeb237a569679,ETH,0x0000000000000000000000000000000000000000,uniswap,v4,0x52c4673e8afaae9e6f27776bf567d8eb7d98881409ccbf355ed044717e26735d,POOL_ID_BYTES32,THIRD_PARTY_DISCOVERY_ONLY,12508.08,330.05,https://dexscreener.com/robinhood/0x52c4673e8afaae9e6f27776bf567d8eb7d98881409ccbf355ed044717e26735d
CBRS,0x000000000000000000000000000000002e030d9bc86c45e2b9e02418dd312548,0x5c90450bbb4273d7b2f17cf6917aeb237a569679,USDG,0x5fc5360d0400a0fd4f2af552add042d716f1d168,uniswap,v4,0x6456f6ebe19048dff4dcfce60798408fcc4678ede1d8b01f255672f1c96a898a,POOL_ID_BYTES32,THIRD_PARTY_DISCOVERY_ONLY,3465.12,29.9,https://dexscreener.com/robinhood/0x6456f6ebe19048dff4dcfce60798408fcc4678ede1d8b01f255672f1c96a898a
CBRS,0x000000000000000000000000000000002e030d9bc86c45e2b9e02418dd312548,0x5c90450bbb4273d7b2f17cf6917aeb237a569679,ETH,0x0000000000000000000000000000000000000000,uniswap,v4,0x969842e724175035d473de592cf245b1c29815c229b4b9070f3116f02d9c8677,POOL_ID_BYTES32,THIRD_PARTY_DISCOVERY_ONLY,4720.26,285.09,https://dexscreener.com/robinhood/0x969842e724175035d473de592cf245b1c29815c229b4b9070f3116f02d9c8677
CBRS,0x000000000000000000000000000000002e030d9bc86c45e2b9e02418dd312548,0x5c90450bbb4273d7b2f17cf6917aeb237a569679,USDG,0x5fc5360d0400a0fd4f2af552add042d716f1d168,uniswap,v4,0xcf98215d3d6cd1508daf3b56523eb572c93f3c4a1f7b36a8033d439f97c8e91e,POOL_ID_BYTES32,THIRD_PARTY_DISCOVERY_ONLY,445.92,64.79,https://dexscreener.com/robinhood/0xcf98215d3d6cd1508daf3b56523eb572c93f3c4a1f7b36a8033d439f97c8e91e
CCL,0x000000000000000000000000000000001cf204e4aa464340bf2e68461ff6d8d3,0x9651342cea770ae9a2969ba2a52611523146aef9,USDG,0x5fc5360d0400a0fd4f2af552add042d716f1d168,uniswap,v3,0xb19ace635ef3a28b85bfb01bae97d0de80750680,CONTRACT_ADDRESS,MATCHED_CANONICAL_UNISWAP_FACTORY_RESULT,39459.7,245867.12,https://dexscreener.com/robinhood/0xb19ace635ef3a28b85bfb01bae97d0de80750680
CCL,0x000000000000000000000000000000001cf204e4aa464340bf2e68461ff6d8d3,0x9651342cea770ae9a2969ba2a52611523146aef9,ETH,0x0000000000000000000000000000000000000000,uniswap,v4,0x0030481bcce57da9328d55cf70cc012dd950ade84d096552a3f8d63d111c189c,POOL_ID_BYTES32,THIRD_PARTY_DISCOVERY_ONLY,4194.02,1041.41,https://dexscreener.com/robinhood/0x0030481bcce57da9328d55cf70cc012dd950ade84d096552a3f8d63d111c189c
CCL,0x000000000000000000000000000000001cf204e4aa464340bf2e68461ff6d8d3,0x9651342cea770ae9a2969ba2a52611523146aef9,USDG,0x5fc5360d0400a0fd4f2af552add042d716f1d168,uniswap,v4,0x3111f698a75bd4cb79376c43e59411bdf6fc06cb14a0df308eac91b7d3b03f9c,POOL_ID_BYTES32,THIRD_PARTY_DISCOVERY_ONLY,18035.08,15673.09,https://dexscreener.com/robinhood/0x3111f698a75bd4cb79376c43e59411bdf6fc06cb14a0df308eac91b7d3b03f9c
CCL,0x000000000000000000000000000000001cf204e4aa464340bf2e68461ff6d8d3,0x9651342cea770ae9a2969ba2a52611523146aef9,USDG,0x5fc5360d0400a0fd4f2af552add042d716f1d168,uniswap,v4,0x622c8ea237558aa2bdd7b8929670e41da206c28c4883c7dddb6ffaba6e9bec7a,POOL_ID_BYTES32,THIRD_PARTY_DISCOVERY_ONLY,687.56,206.35,https://dexscreener.com/robinhood/0x622c8ea237558aa2bdd7b8929670e41da206c28c4883c7dddb6ffaba6e9bec7a
CCL,0x000000000000000000000000000000001cf204e4aa464340bf2e68461ff6d8d3,0x9651342cea770ae9a2969ba2a52611523146aef9,ETH,0x0000000000000000000000000000000000000000,uniswap,v4,0x64432d49a0f7456dea4532351ff8a131794b3db0f792196ca1c411abafb7e0cd,POOL_ID_BYTES32,THIRD_PARTY_DISCOVERY_ONLY,494.09,14.93,https://dexscreener.com/robinhood/0x64432d49a0f7456dea4532351ff8a131794b3db0f792196ca1c411abafb7e0cd
CCL,0x000000000000000000000000000000001cf204e4aa464340bf2e68461ff6d8d3,0x9651342cea770ae9a2969ba2a52611523146aef9,USDG,0x5fc5360d0400a0fd4f2af552add042d716f1d168,uniswap,v4,0x6525a630d9166e6564cc4e6220f5440abb3b4ccbdb933e434a3bf1f53f19c564,POOL_ID_BYTES32,THIRD_PARTY_DISCOVERY_ONLY,1172.69,104,https://dexscreener.com/robinhood/0x6525a630d9166e6564cc4e6220f5440abb3b4ccbdb933e434a3bf1f53f19c564
CCL,0x000000000000000000000000000000001cf204e4aa464340bf2e68461ff6d8d3,0x9651342cea770ae9a2969ba2a52611523146aef9,USDG,0x5fc5360d0400a0fd4f2af552add042d716f1d168,uniswap,v4,0x7a8e5f6757683688e957de2ed3740fcc3d31e2fabb7992fdb3e4603ed1ff97d7,POOL_ID_BYTES32,THIRD_PARTY_DISCOVERY_ONLY,514.45,75.41,https://dexscreener.com/robinhood/0x7a8e5f6757683688e957de2ed3740fcc3d31e2fabb7992fdb3e4603ed1ff97d7
CCL,0x000000000000000000000000000000001cf204e4aa464340bf2e68461ff6d8d3,0x9651342cea770ae9a2969ba2a52611523146aef9,ETH,0x0000000000000000000000000000000000000000,uniswap,v4,0x8306c03b421cfe0696a52cc372159468fbdee5fedeba96cf4413ebe147f0c456,POOL_ID_BYTES32,THIRD_PARTY_DISCOVERY_ONLY,6401.71,2571.91,https://dexscreener.com/robinhood/0x8306c03b421cfe0696a52cc372159468fbdee5fedeba96cf4413ebe147f0c456
CCL,0x000000000000000000000000000000001cf204e4aa464340bf2e68461ff6d8d3,0x9651342cea770ae9a2969ba2a52611523146aef9,ETH,0x0000000000000000000000000000000000000000,uniswap,v4,0x8cb5f652306e368763b20c5e53373ecda3e16d58c68a8ddf9721a64cf7a2a0f3,POOL_ID_BYTES32,THIRD_PARTY_DISCOVERY_ONLY,679.28,49.06,https://dexscreener.com/robinhood/0x8cb5f652306e368763b20c5e53373ecda3e16d58c68a8ddf9721a64cf7a2a0f3
CCL,0x000000000000000000000000000000001cf204e4aa464340bf2e68461ff6d8d3,0x9651342cea770ae9a2969ba2a52611523146aef9,USDG,0x5fc5360d0400a0fd4f2af552add042d716f1d168,uniswap,v4,0xb5509396a074d20f9e493c7e5ae9e1637626cdd3431d477418301dd4bc479d36,POOL_ID_BYTES32,THIRD_PARTY_DISCOVERY_ONLY,1086.56,9071.01,https://dexscreener.com/robinhood/0xb5509396a074d20f9e493c7e5ae9e1637626cdd3431d477418301dd4bc479d36
CCL,0x000000000000000000000000000000001cf204e4aa464340bf2e68461ff6d8d3,0x9651342cea770ae9a2969ba2a52611523146aef9,ETH,0x0000000000000000000000000000000000000000,uniswap,v4,0xbf02084124a835301d1160f3705f8ad823dfd0896ca6ce9f2324255cb0895a99,POOL_ID_BYTES32,THIRD_PARTY_DISCOVERY_ONLY,4706.84,715.4,https://dexscreener.com/robinhood/0xbf02084124a835301d1160f3705f8ad823dfd0896ca6ce9f2324255cb0895a99
CCL,0x000000000000000000000000000000001cf204e4aa464340bf2e68461ff6d8d3,0x9651342cea770ae9a2969ba2a52611523146aef9,USDG,0x5fc5360d0400a0fd4f2af552add042d716f1d168,uniswap,v4,0xde50d3af9ff829ae222d0a06a41b35c694f9e64335cbfe8c61f090dab2459cf5,POOL_ID_BYTES32,THIRD_PARTY_DISCOVERY_ONLY,13285.18,2082.68,https://dexscreener.com/robinhood/0xde50d3af9ff829ae222d0a06a41b35c694f9e64335cbfe8c61f090dab2459cf5
CEG,0x0000000000000000000000000000000068576a5b6aee4a6bbc9f0d91f47e3918,0xae517a2903e68bd929dfd15be875f8369d53e94a,USDG,0x5fc5360d0400a0fd4f2af552add042d716f1d168,uniswap,v4,0x28ce4e42483bfb2ffa9d123aeb3b81c1fe1778cb25e747232babd0a8cbfd9c8c,POOL_ID_BYTES32,THIRD_PARTY_DISCOVERY_ONLY,860.17,2706.93,https://dexscreener.com/robinhood/0x28ce4e42483bfb2ffa9d123aeb3b81c1fe1778cb25e747232babd0a8cbfd9c8c
CEG,0x0000000000000000000000000000000068576a5b6aee4a6bbc9f0d91f47e3918,0xae517a2903e68bd929dfd15be875f8369d53e94a,USDG,0x5fc5360d0400a0fd4f2af552add042d716f1d168,uniswap,v4,0x294eb3947369b1db16aec4d0a964d0bdfcc2fe8ba668ed6198811ac960723643,POOL_ID_BYTES32,THIRD_PARTY_DISCOVERY_ONLY,1998.63,2630.51,https://dexscreener.com/robinhood/0x294eb3947369b1db16aec4d0a964d0bdfcc2fe8ba668ed6198811ac960723643
CEG,0x0000000000000000000000000000000068576a5b6aee4a6bbc9f0d91f47e3918,0xae517a2903e68bd929dfd15be875f8369d53e94a,ETH,0x0000000000000000000000000000000000000000,uniswap,v4,0x3493b0b3c51903811e9f3e32e3fe7c0bf59ddaa0fbd34f67ac90046548d85118,POOL_ID_BYTES32,THIRD_PARTY_DISCOVERY_ONLY,2319.78,84.05,https://dexscreener.com/robinhood/0x3493b0b3c51903811e9f3e32e3fe7c0bf59ddaa0fbd34f67ac90046548d85118
CEG,0x0000000000000000000000000000000068576a5b6aee4a6bbc9f0d91f47e3918,0xae517a2903e68bd929dfd15be875f8369d53e94a,USDG,0x5fc5360d0400a0fd4f2af552add042d716f1d168,uniswap,v4,0x357c15982ede73ebc90bc3bd0d938ec5da425467e4999505d68a80276f58f96e,POOL_ID_BYTES32,THIRD_PARTY_DISCOVERY_ONLY,67798.58,51699.83,https://dexscreener.com/robinhood/0x357c15982ede73ebc90bc3bd0d938ec5da425467e4999505d68a80276f58f96e
CEG,0x0000000000000000000000000000000068576a5b6aee4a6bbc9f0d91f47e3918,0xae517a2903e68bd929dfd15be875f8369d53e94a,ETH,0x0000000000000000000000000000000000000000,uniswap,v4,0x633cca89d0bafdfa45a7052f9778394b170828c193e3f85a5fda47b911fb5275,POOL_ID_BYTES32,THIRD_PARTY_DISCOVERY_ONLY,15844.09,926.68,https://dexscreener.com/robinhood/0x633cca89d0bafdfa45a7052f9778394b170828c193e3f85a5fda47b911fb5275
CEG,0x0000000000000000000000000000000068576a5b6aee4a6bbc9f0d91f47e3918,0xae517a2903e68bd929dfd15be875f8369d53e94a,ETH,0x0000000000000000000000000000000000000000,uniswap,v4,0x9d9b8f01bc0cf2d621773ea79f6c08495c1c61189a7086d8efa6354877ce2df3,POOL_ID_BYTES32,THIRD_PARTY_DISCOVERY_ONLY,2638.87,12.9,https://dexscreener.com/robinhood/0x9d9b8f01bc0cf2d621773ea79f6c08495c1c61189a7086d8efa6354877ce2df3
CEG,0x0000000000000000000000000000000068576a5b6aee4a6bbc9f0d91f47e3918,0xae517a2903e68bd929dfd15be875f8369d53e94a,ETH,0x0000000000000000000000000000000000000000,uniswap,v4,0xb2af2d3f40257e9f653bf64d14cb8b4aab545e4b08064a6223dc0884236cfa34,POOL_ID_BYTES32,THIRD_PARTY_DISCOVERY_ONLY,456.95,25.9,https://dexscreener.com/robinhood/0xb2af2d3f40257e9f653bf64d14cb8b4aab545e4b08064a6223dc0884236cfa34
CEG,0x0000000000000000000000000000000068576a5b6aee4a6bbc9f0d91f47e3918,0xae517a2903e68bd929dfd15be875f8369d53e94a,USDG,0x5fc5360d0400a0fd4f2af552add042d716f1d168,uniswap,v4,0xb6fc6aed2fdddf4f7b19dbb5416d718347d395137dc6c97b8e9cb99098a92838,POOL_ID_BYTES32,THIRD_PARTY_DISCOVERY_ONLY,1100.39,14.33,https://dexscreener.com/robinhood/0xb6fc6aed2fdddf4f7b19dbb5416d718347d395137dc6c97b8e9cb99098a92838
CEG,0x0000000000000000000000000000000068576a5b6aee4a6bbc9f0d91f47e3918,0xae517a2903e68bd929dfd15be875f8369d53e94a,USDG,0x5fc5360d0400a0fd4f2af552add042d716f1d168,uniswap,v4,0xd4fd323502b79b21c96f7aa949377e214a1f2338a6b3564d6a681050a925f141,POOL_ID_BYTES32,THIRD_PARTY_DISCOVERY_ONLY,21261.05,16760.91,https://dexscreener.com/robinhood/0xd4fd323502b79b21c96f7aa949377e214a1f2338a6b3564d6a681050a925f141
CEG,0x0000000000000000000000000000000068576a5b6aee4a6bbc9f0d91f47e3918,0xae517a2903e68bd929dfd15be875f8369d53e94a,USDG,0x5fc5360d0400a0fd4f2af552add042d716f1d168,uniswap,v4,0xe29cae7c4625ad933e1861ad07021fcdcf90b5ebf18d41ed8485e8a6aaa8c918,POOL_ID_BYTES32,THIRD_PARTY_DISCOVERY_ONLY,3575.64,180.15,https://dexscreener.com/robinhood/0xe29cae7c4625ad933e1861ad07021fcdcf90b5ebf18d41ed8485e8a6aaa8c918
CEG,0x0000000000000000000000000000000068576a5b6aee4a6bbc9f0d91f47e3918,0xae517a2903e68bd929dfd15be875f8369d53e94a,USDG,0x5fc5360d0400a0fd4f2af552add042d716f1d168,uniswap,v4,0xf430c62e9b4c8dff17fb39891df5b03d928e391f594762569b8a27c361cfbe41,POOL_ID_BYTES32,THIRD_PARTY_DISCOVERY_ONLY,2632.85,53.29,https://dexscreener.com/robinhood/0xf430c62e9b4c8dff17fb39891df5b03d928e391f594762569b8a27c361cfbe41
CEG,0x0000000000000000000000000000000068576a5b6aee4a6bbc9f0d91f47e3918,0xae517a2903e68bd929dfd15be875f8369d53e94a,USDG,0x5fc5360d0400a0fd4f2af552add042d716f1d168,uniswap,v4,0xfa0405a0183971bf1d0cdbc162db042d219541b95cf47590d25ebf20cb665f69,POOL_ID_BYTES32,THIRD_PARTY_DISCOVERY_ONLY,35338.55,64986.15,https://dexscreener.com/robinhood/0xfa0405a0183971bf1d0cdbc162db042d219541b95cf47590d25ebf20cb665f69
CIEN,0x0000000000000000000000000000000003bd94e037654c6a9828af2137edd3c3,0x44f6d488021f8233b9416294d1fe9b1fee28382d,ETH,0x0000000000000000000000000000000000000000,uniswap,v4,0x06632484dd52ab260d67e4f4259989d508c5e6c571e063df451ca6f00e98bcdc,POOL_ID_BYTES32,THIRD_PARTY_DISCOVERY_ONLY,4044.5,342.19,https://dexscreener.com/robinhood/0x06632484dd52ab260d67e4f4259989d508c5e6c571e063df451ca6f00e98bcdc
CIEN,0x0000000000000000000000000000000003bd94e037654c6a9828af2137edd3c3,0x44f6d488021f8233b9416294d1fe9b1fee28382d,ETH,0x0000000000000000000000000000000000000000,uniswap,v4,0x08d99268a599777de8aff18c129d0d75d7e812ded53cee689ec475ae4ea1971a,POOL_ID_BYTES32,THIRD_PARTY_DISCOVERY_ONLY,3809.53,1364.24,https://dexscreener.com/robinhood/0x08d99268a599777de8aff18c129d0d75d7e812ded53cee689ec475ae4ea1971a
CIEN,0x0000000000000000000000000000000003bd94e037654c6a9828af2137edd3c3,0x44f6d488021f8233b9416294d1fe9b1fee28382d,USDG,0x5fc5360d0400a0fd4f2af552add042d716f1d168,uniswap,v4,0x4d886e3c3ad7983b4727a6db2d45cb8fc06d4b0d2807a94eb4661b4f68327ade,POOL_ID_BYTES32,THIRD_PARTY_DISCOVERY_ONLY,952.05,365.39,https://dexscreener.com/robinhood/0x4d886e3c3ad7983b4727a6db2d45cb8fc06d4b0d2807a94eb4661b4f68327ade
CIEN,0x0000000000000000000000000000000003bd94e037654c6a9828af2137edd3c3,0x44f6d488021f8233b9416294d1fe9b1fee28382d,ETH,0x0000000000000000000000000000000000000000,uniswap,v4,0x7c55253782bd5c98ec75a2a08cfbfcf5c62642d13dcd6f154e5b566bc72ce02a,POOL_ID_BYTES32,THIRD_PARTY_DISCOVERY_ONLY,528.8,7.52,https://dexscreener.com/robinhood/0x7c55253782bd5c98ec75a2a08cfbfcf5c62642d13dcd6f154e5b566bc72ce02a
CIEN,0x0000000000000000000000000000000003bd94e037654c6a9828af2137edd3c3,0x44f6d488021f8233b9416294d1fe9b1fee28382d,USDG,0x5fc5360d0400a0fd4f2af552add042d716f1d168,uniswap,v4,0xc95560483f794e8d894f17917d3f6df5d8460e99d4cd7b46bc10c5e2d8f94196,POOL_ID_BYTES32,THIRD_PARTY_DISCOVERY_ONLY,3289.41,350.28,https://dexscreener.com/robinhood/0xc95560483f794e8d894f17917d3f6df5d8460e99d4cd7b46bc10c5e2d8f94196
CIEN,0x0000000000000000000000000000000003bd94e037654c6a9828af2137edd3c3,0x44f6d488021f8233b9416294d1fe9b1fee28382d,ETH,0x0000000000000000000000000000000000000000,uniswap,v4,0xfb2b13dd6bf413254f5ad9b26eb773b5550269c53f8f6581fd77d18f0538e3c2,POOL_ID_BYTES32,THIRD_PARTY_DISCOVERY_ONLY,1321.05,72.49,https://dexscreener.com/robinhood/0xfb2b13dd6bf413254f5ad9b26eb773b5550269c53f8f6581fd77d18f0538e3c2
CLOV,0x000000000000000000000000000000006e6855f045c84b9cabd44da9108be2f8,0x62200915e7deab1ec7f79fb246dadbb80eacddd0,USDG,0x5fc5360d0400a0fd4f2af552add042d716f1d168,uniswap,v3,0xbdfbc71db927fd566080ac21c6a2a89ae061f940,CONTRACT_ADDRESS,MATCHED_CANONICAL_UNISWAP_FACTORY_RESULT,556.32,7541.64,https://dexscreener.com/robinhood/0xbdfbc71db927fd566080ac21c6a2a89ae061f940
CLOV,0x000000000000000000000000000000006e6855f045c84b9cabd44da9108be2f8,0x62200915e7deab1ec7f79fb246dadbb80eacddd0,ETH,0x0000000000000000000000000000000000000000,uniswap,v4,0x3fd324ea6a91434d9d95d455b223d819ee859876c47d250070a53344b361d35f,POOL_ID_BYTES32,THIRD_PARTY_DISCOVERY_ONLY,1331.27,1420.04,https://dexscreener.com/robinhood/0x3fd324ea6a91434d9d95d455b223d819ee859876c47d250070a53344b361d35f
CLOV,0x000000000000000000000000000000006e6855f045c84b9cabd44da9108be2f8,0x62200915e7deab1ec7f79fb246dadbb80eacddd0,USDG,0x5fc5360d0400a0fd4f2af552add042d716f1d168,uniswap,v4,0x493161378a25ff1da916cfc29643bb006bcdac940d6d393e11207aeff2bf631c,POOL_ID_BYTES32,THIRD_PARTY_DISCOVERY_ONLY,543.7,832.48,https://dexscreener.com/robinhood/0x493161378a25ff1da916cfc29643bb006bcdac940d6d393e11207aeff2bf631c
CLOV,0x000000000000000000000000000000006e6855f045c84b9cabd44da9108be2f8,0x62200915e7deab1ec7f79fb246dadbb80eacddd0,USDG,0x5fc5360d0400a0fd4f2af552add042d716f1d168,uniswap,v4,0x73fa85bb27e0168f5fea56d0959a0b19d09930b62879cb99fca3a0dcbbf151bf,POOL_ID_BYTES32,THIRD_PARTY_DISCOVERY_ONLY,591.93,112.89,https://dexscreener.com/robinhood/0x73fa85bb27e0168f5fea56d0959a0b19d09930b62879cb99fca3a0dcbbf151bf
CLOV,0x000000000000000000000000000000006e6855f045c84b9cabd44da9108be2f8,0x62200915e7deab1ec7f79fb246dadbb80eacddd0,ETH,0x0000000000000000000000000000000000000000,uniswap,v4,0x775255e49c85f2b241ceca36ba75f8ee2ff78ec358bac80fca6ddc153dc98793,POOL_ID_BYTES32,THIRD_PARTY_DISCOVERY_ONLY,7025.83,25329.14,https://dexscreener.com/robinhood/0x775255e49c85f2b241ceca36ba75f8ee2ff78ec358bac80fca6ddc153dc98793
CLOV,0x000000000000000000000000000000006e6855f045c84b9cabd44da9108be2f8,0x62200915e7deab1ec7f79fb246dadbb80eacddd0,USDG,0x5fc5360d0400a0fd4f2af552add042d716f1d168,uniswap,v4,0x7ed624e3741a6ccdef08107d360dd789ad9387271a33cba8c4ff9bf7a2ae7f26,POOL_ID_BYTES32,THIRD_PARTY_DISCOVERY_ONLY,214.15,81.91,https://dexscreener.com/robinhood/0x7ed624e3741a6ccdef08107d360dd789ad9387271a33cba8c4ff9bf7a2ae7f26
CLOV,0x000000000000000000000000000000006e6855f045c84b9cabd44da9108be2f8,0x62200915e7deab1ec7f79fb246dadbb80eacddd0,USDG,0x5fc5360d0400a0fd4f2af552add042d716f1d168,uniswap,v4,0x9800ee9b5c9dffbfdeed31d1e6d340857d95a7f1bffe27b8c8111907359f44b9,POOL_ID_BYTES32,THIRD_PARTY_DISCOVERY_ONLY,2927.49,7282.02,https://dexscreener.com/robinhood/0x9800ee9b5c9dffbfdeed31d1e6d340857d95a7f1bffe27b8c8111907359f44b9
CLOV,0x000000000000000000000000000000006e6855f045c84b9cabd44da9108be2f8,0x62200915e7deab1ec7f79fb246dadbb80eacddd0,USDG,0x5fc5360d0400a0fd4f2af552add042d716f1d168,uniswap,v4,0xab0bb756ffa9b93d889fc6c1dcba22283ec668c365b47c23ffea77d76befa940,POOL_ID_BYTES32,THIRD_PARTY_DISCOVERY_ONLY,12265.02,16608.92,https://dexscreener.com/robinhood/0xab0bb756ffa9b93d889fc6c1dcba22283ec668c365b47c23ffea77d76befa940
CLOV,0x000000000000000000000000000000006e6855f045c84b9cabd44da9108be2f8,0x62200915e7deab1ec7f79fb246dadbb80eacddd0,ETH,0x0000000000000000000000000000000000000000,uniswap,v4,0xfca617ef0fe9f6026845bfb864cc8687b7267cb67c9eb30ac2b43c4bba3065ff,POOL_ID_BYTES32,THIRD_PARTY_DISCOVERY_ONLY,1291.45,2676.93,https://dexscreener.com/robinhood/0xfca617ef0fe9f6026845bfb864cc8687b7267cb67c9eb30ac2b43c4bba3065ff
CLS,0x00000000000000000000000000000000819d5f213b4746e79145d1fc118dcfed,0xbf449977089c718c004a66c554b26b94ef3ad4de,USDG,0x5fc5360d0400a0fd4f2af552add042d716f1d168,uniswap,v4,0x3e32abbbd5ba9a78e2e375bc66a397b9e407920434744d9e2c31973c844be203,POOL_ID_BYTES32,THIRD_PARTY_DISCOVERY_ONLY,3002.53,93.16,https://dexscreener.com/robinhood/0x3e32abbbd5ba9a78e2e375bc66a397b9e407920434744d9e2c31973c844be203
CLS,0x00000000000000000000000000000000819d5f213b4746e79145d1fc118dcfed,0xbf449977089c718c004a66c554b26b94ef3ad4de,ETH,0x0000000000000000000000000000000000000000,uniswap,v4,0x568633ce8967d55c31ce8b8f565ee58b301db699a7543d8381b256a57e75fbf1,POOL_ID_BYTES32,THIRD_PARTY_DISCOVERY_ONLY,7178.37,215.2,https://dexscreener.com/robinhood/0x568633ce8967d55c31ce8b8f565ee58b301db699a7543d8381b256a57e75fbf1
CLS,0x00000000000000000000000000000000819d5f213b4746e79145d1fc118dcfed,0xbf449977089c718c004a66c554b26b94ef3ad4de,ETH,0x0000000000000000000000000000000000000000,uniswap,v4,0x7506ef9174f6795894b08f0d2c64e97bdaeb112fcee32a1410beda479c062679,POOL_ID_BYTES32,THIRD_PARTY_DISCOVERY_ONLY,585.08,34.1,https://dexscreener.com/robinhood/0x7506ef9174f6795894b08f0d2c64e97bdaeb112fcee32a1410beda479c062679
CLS,0x00000000000000000000000000000000819d5f213b4746e79145d1fc118dcfed,0xbf449977089c718c004a66c554b26b94ef3ad4de,USDG,0x5fc5360d0400a0fd4f2af552add042d716f1d168,uniswap,v4,0xaa83284254123b800e91616c23cdae205272803f15c0c6989943a8bd42a24357,POOL_ID_BYTES32,THIRD_PARTY_DISCOVERY_ONLY,3567.21,21.2,https://dexscreener.com/robinhood/0xaa83284254123b800e91616c23cdae205272803f15c0c6989943a8bd42a24357
CLS,0x00000000000000000000000000000000819d5f213b4746e79145d1fc118dcfed,0xbf449977089c718c004a66c554b26b94ef3ad4de,USDG,0x5fc5360d0400a0fd4f2af552add042d716f1d168,uniswap,v4,0xfbdd733f4126b89ff843d1a60de900aef2ada676981dfd9ee066a0b02732f253,POOL_ID_BYTES32,THIRD_PARTY_DISCOVERY_ONLY,5382.8,197.38,https://dexscreener.com/robinhood/0xfbdd733f4126b89ff843d1a60de900aef2ada676981dfd9ee066a0b02732f253
CLSK,0x00000000000000000000000000000000730835cf25474184af89c27075a82be1,0xcbb95bbf36099d34da091dc6fa6f49efa257cee3,USDG,0x5fc5360d0400a0fd4f2af552add042d716f1d168,uniswap,v4,0x2a957ec877e91cccd9920e39b8d50128310a75ba7fa3765eb4e4a5ef11ab69a5,POOL_ID_BYTES32,THIRD_PARTY_DISCOVERY_ONLY,1094.46,197.78,https://dexscreener.com/robinhood/0x2a957ec877e91cccd9920e39b8d50128310a75ba7fa3765eb4e4a5ef11ab69a5
CLSK,0x00000000000000000000000000000000730835cf25474184af89c27075a82be1,0xcbb95bbf36099d34da091dc6fa6f49efa257cee3,ETH,0x0000000000000000000000000000000000000000,uniswap,v4,0x40e4ceb2358e0fbd20c4d77c62b4830f3363966995e5e54600917de034f77b8d,POOL_ID_BYTES32,THIRD_PARTY_DISCOVERY_ONLY,2950.73,90.68,https://dexscreener.com/robinhood/0x40e4ceb2358e0fbd20c4d77c62b4830f3363966995e5e54600917de034f77b8d
CLSK,0x00000000000000000000000000000000730835cf25474184af89c27075a82be1,0xcbb95bbf36099d34da091dc6fa6f49efa257cee3,USDG,0x5fc5360d0400a0fd4f2af552add042d716f1d168,uniswap,v4,0x56d1f0f63a069d481e48ee9c042f1111734d20da622bcf0989dc5fde377e8303,POOL_ID_BYTES32,THIRD_PARTY_DISCOVERY_ONLY,6934.18,69.67,https://dexscreener.com/robinhood/0x56d1f0f63a069d481e48ee9c042f1111734d20da622bcf0989dc5fde377e8303
CLSK,0x00000000000000000000000000000000730835cf25474184af89c27075a82be1,0xcbb95bbf36099d34da091dc6fa6f49efa257cee3,USDG,0x5fc5360d0400a0fd4f2af552add042d716f1d168,uniswap,v4,0x7a9fd17b8630ce49d0860a31d7fa8b482b6a7f3bebd81318b0555fce76bb828e,POOL_ID_BYTES32,THIRD_PARTY_DISCOVERY_ONLY,9041.82,6032.84,https://dexscreener.com/robinhood/0x7a9fd17b8630ce49d0860a31d7fa8b482b6a7f3bebd81318b0555fce76bb828e
CLSK,0x00000000000000000000000000000000730835cf25474184af89c27075a82be1,0xcbb95bbf36099d34da091dc6fa6f49efa257cee3,USDG,0x5fc5360d0400a0fd4f2af552add042d716f1d168,uniswap,v4,0x87e5f4c2f00a449b4419f51189e5604803dacda5b22ea857324c4c4f983a84a8,POOL_ID_BYTES32,THIRD_PARTY_DISCOVERY_ONLY,581.15,282.77,https://dexscreener.com/robinhood/0x87e5f4c2f00a449b4419f51189e5604803dacda5b22ea857324c4c4f983a84a8
CLSK,0x00000000000000000000000000000000730835cf25474184af89c27075a82be1,0xcbb95bbf36099d34da091dc6fa6f49efa257cee3,ETH,0x0000000000000000000000000000000000000000,uniswap,v4,0xae4b4abd5ff26f965b783b31b10d97d5a520b581d78fd43dba0b4fa114a65bdb,POOL_ID_BYTES32,THIRD_PARTY_DISCOVERY_ONLY,623.71,288.24,https://dexscreener.com/robinhood/0xae4b4abd5ff26f965b783b31b10d97d5a520b581d78fd43dba0b4fa114a65bdb
CLSK,0x00000000000000000000000000000000730835cf25474184af89c27075a82be1,0xcbb95bbf36099d34da091dc6fa6f49efa257cee3,ETH,0x0000000000000000000000000000000000000000,uniswap,v4,0xdd270b25548a2c18ca73fe7152605124ccab729713047b5889a6dbe61bb49a03,POOL_ID_BYTES32,THIRD_PARTY_DISCOVERY_ONLY,6500.57,3979.16,https://dexscreener.com/robinhood/0xdd270b25548a2c18ca73fe7152605124ccab729713047b5889a6dbe61bb49a03
COIN,0x00000000000000000000000000000000970b46dbdece4ae4958a53815e62a85a,0x6330d8c3178a418788df01a47479c0ce7ccf450b,USDG,0x5fc5360d0400a0fd4f2af552add042d716f1d168,ramses,v3,0xe9b6f324a7019b1f073aff1870d664bf9673f782,CONTRACT_ADDRESS,THIRD_PARTY_DISCOVERY_ONLY,7393.84,20084.76,https://dexscreener.com/robinhood/0xe9b6f324a7019b1f073aff1870d664bf9673f782
COIN,0x00000000000000000000000000000000970b46dbdece4ae4958a53815e62a85a,0x6330d8c3178a418788df01a47479c0ce7ccf450b,WETH,0x0bd7d308f8e1639fab988df18a8011f41eacad73,uniswap,v3,0x6707aeac7d0e519b083219d27bb427364363183a,CONTRACT_ADDRESS,MATCHED_CANONICAL_UNISWAP_FACTORY_RESULT,237931.36,1412093.44,https://dexscreener.com/robinhood/0x6707aeac7d0e519b083219d27bb427364363183a
COIN,0x00000000000000000000000000000000970b46dbdece4ae4958a53815e62a85a,0x6330d8c3178a418788df01a47479c0ce7ccf450b,USDG,0x5fc5360d0400a0fd4f2af552add042d716f1d168,uniswap,v4,0x007a13fa152f6dc383cad20a8eaab4e1e2538b606936eae2a424f8aa47d6db31,POOL_ID_BYTES32,THIRD_PARTY_DISCOVERY_ONLY,271188.95,745738.11,https://dexscreener.com/robinhood/0x007a13fa152f6dc383cad20a8eaab4e1e2538b606936eae2a424f8aa47d6db31
COIN,0x00000000000000000000000000000000970b46dbdece4ae4958a53815e62a85a,0x6330d8c3178a418788df01a47479c0ce7ccf450b,USDG,0x5fc5360d0400a0fd4f2af552add042d716f1d168,uniswap,v4,0x146b5d8ecc33a37b179a89f32125bfc183a37d29b529210d32d922ecdd3db2eb,POOL_ID_BYTES32,THIRD_PARTY_DISCOVERY_ONLY,11039.23,8676.26,https://dexscreener.com/robinhood/0x146b5d8ecc33a37b179a89f32125bfc183a37d29b529210d32d922ecdd3db2eb
COIN,0x00000000000000000000000000000000970b46dbdece4ae4958a53815e62a85a,0x6330d8c3178a418788df01a47479c0ce7ccf450b,USDG,0x5fc5360d0400a0fd4f2af552add042d716f1d168,uniswap,v4,0x7ed03c790c6310b2b620f4625269097f243bb7ba14f324331db68aa701c745a2,POOL_ID_BYTES32,THIRD_PARTY_DISCOVERY_ONLY,,545.41,https://dexscreener.com/robinhood/0x7ed03c790c6310b2b620f4625269097f243bb7ba14f324331db68aa701c745a2
COIN,0x00000000000000000000000000000000970b46dbdece4ae4958a53815e62a85a,0x6330d8c3178a418788df01a47479c0ce7ccf450b,ETH,0x0000000000000000000000000000000000000000,uniswap,v4,0xa31885709b0962366fee1e182ef1fbc81f39c150d8694965fdca2f4cd13ccc26,POOL_ID_BYTES32,THIRD_PARTY_DISCOVERY_ONLY,71332.64,123857.66,https://dexscreener.com/robinhood/0xa31885709b0962366fee1e182ef1fbc81f39c150d8694965fdca2f4cd13ccc26
COIN,0x00000000000000000000000000000000970b46dbdece4ae4958a53815e62a85a,0x6330d8c3178a418788df01a47479c0ce7ccf450b,USDG,0x5fc5360d0400a0fd4f2af552add042d716f1d168,uniswap,v4,0xaeae5ca5faebe37741065af682151d4d2cf55a5b0c00ea1debb3534d8220dd8b,POOL_ID_BYTES32,THIRD_PARTY_DISCOVERY_ONLY,1031.97,0.35,https://dexscreener.com/robinhood/0xaeae5ca5faebe37741065af682151d4d2cf55a5b0c00ea1debb3534d8220dd8b
COIN,0x00000000000000000000000000000000970b46dbdece4ae4958a53815e62a85a,0x6330d8c3178a418788df01a47479c0ce7ccf450b,USDG,0x5fc5360d0400a0fd4f2af552add042d716f1d168,uniswap,v4,0xb7c4fde4753648884d2f1210742c0ff6809b1424034b08e1aff0f19d16fb7765,POOL_ID_BYTES32,THIRD_PARTY_DISCOVERY_ONLY,373.54,312.38,https://dexscreener.com/robinhood/0xb7c4fde4753648884d2f1210742c0ff6809b1424034b08e1aff0f19d16fb7765
COIN,0x00000000000000000000000000000000970b46dbdece4ae4958a53815e62a85a,0x6330d8c3178a418788df01a47479c0ce7ccf450b,USDG,0x5fc5360d0400a0fd4f2af552add042d716f1d168,uniswap,v4,0xb859456829852a17cf01363c8e6286d8684cb9fce6fb25337ee573a30bdeb972,POOL_ID_BYTES32,THIRD_PARTY_DISCOVERY_ONLY,1454.55,1330.91,https://dexscreener.com/robinhood/0xb859456829852a17cf01363c8e6286d8684cb9fce6fb25337ee573a30bdeb972
COIN,0x00000000000000000000000000000000970b46dbdece4ae4958a53815e62a85a,0x6330d8c3178a418788df01a47479c0ce7ccf450b,ETH,0x0000000000000000000000000000000000000000,uniswap,v4,0xb89bf159829295ef79c13c9824f677a1819d437c9b1082b2578c8ad0b5c307a3,POOL_ID_BYTES32,THIRD_PARTY_DISCOVERY_ONLY,0,1056.43,https://dexscreener.com/robinhood/0xb89bf159829295ef79c13c9824f677a1819d437c9b1082b2578c8ad0b5c307a3
COIN,0x00000000000000000000000000000000970b46dbdece4ae4958a53815e62a85a,0x6330d8c3178a418788df01a47479c0ce7ccf450b,ETH,0x0000000000000000000000000000000000000000,uniswap,v4,0xdf741e7f93b448de4666dd4aebfe7f2dbd65bea32fd41b9774e112ec768b5512,POOL_ID_BYTES32,THIRD_PARTY_DISCOVERY_ONLY,1971.56,334.35,https://dexscreener.com/robinhood/0xdf741e7f93b448de4666dd4aebfe7f2dbd65bea32fd41b9774e112ec768b5512
COIN,0x00000000000000000000000000000000970b46dbdece4ae4958a53815e62a85a,0x6330d8c3178a418788df01a47479c0ce7ccf450b,USDG,0x5fc5360d0400a0fd4f2af552add042d716f1d168,up,v3,0xf13a2d87e13904e0b38270686d5953a7d8207b91,CONTRACT_ADDRESS,THIRD_PARTY_DISCOVERY_ONLY,33852.75,117071.17,https://dexscreener.com/robinhood/0xf13a2d87e13904e0b38270686d5953a7d8207b91
CRCL,0x000000000000000000000000000000005047f8f8a1a34a9ebee52a4155570807,0xdf0992e440dd0be65bd8439b609d6d4366bf1cb5,USDG,0x5fc5360d0400a0fd4f2af552add042d716f1d168,ramses,v3,0x9176c773fc386c94aed7b50ede68cf992ee143d9,CONTRACT_ADDRESS,THIRD_PARTY_DISCOVERY_ONLY,2201.04,22874.82,https://dexscreener.com/robinhood/0x9176c773fc386c94aed7b50ede68cf992ee143d9
CRCL,0x000000000000000000000000000000005047f8f8a1a34a9ebee52a4155570807,0xdf0992e440dd0be65bd8439b609d6d4366bf1cb5,USDG,0x5fc5360d0400a0fd4f2af552add042d716f1d168,uniswap,v3,0x654e4143e82a5824445ade0824351c2a9acd95a8,CONTRACT_ADDRESS,MATCHED_CANONICAL_UNISWAP_FACTORY_RESULT,1446839.51,11393072.98,https://dexscreener.com/robinhood/0x654e4143e82a5824445ade0824351c2a9acd95a8
CRCL,0x000000000000000000000000000000005047f8f8a1a34a9ebee52a4155570807,0xdf0992e440dd0be65bd8439b609d6d4366bf1cb5,WETH,0x0bd7d308f8e1639fab988df18a8011f41eacad73,uniswap,v3,0x754ddd4bf8e8635b4301a7f4af2ea7a82ab6cea7,CONTRACT_ADDRESS,MATCHED_CANONICAL_UNISWAP_FACTORY_RESULT,164372.32,296791.8,https://dexscreener.com/robinhood/0x754ddd4bf8e8635b4301a7f4af2ea7a82ab6cea7
CRCL,0x000000000000000000000000000000005047f8f8a1a34a9ebee52a4155570807,0xdf0992e440dd0be65bd8439b609d6d4366bf1cb5,USDG,0x5fc5360d0400a0fd4f2af552add042d716f1d168,uniswap,v3,0x9324a34abd68e46cd0f62a561a7bb10a2b1fa477,CONTRACT_ADDRESS,MATCHED_CANONICAL_UNISWAP_FACTORY_RESULT,0.11,258.62,https://dexscreener.com/robinhood/0x9324a34abd68e46cd0f62a561a7bb10a2b1fa477
CRCL,0x000000000000000000000000000000005047f8f8a1a34a9ebee52a4155570807,0xdf0992e440dd0be65bd8439b609d6d4366bf1cb5,USDG,0x5fc5360d0400a0fd4f2af552add042d716f1d168,uniswap,v4,0x0112f42d2da7164a1e224ef55be60c10ef9607cabdadbc003123daa500750358,POOL_ID_BYTES32,THIRD_PARTY_DISCOVERY_ONLY,31467.13,2092579.45,https://dexscreener.com/robinhood/0x0112f42d2da7164a1e224ef55be60c10ef9607cabdadbc003123daa500750358
CRCL,0x000000000000000000000000000000005047f8f8a1a34a9ebee52a4155570807,0xdf0992e440dd0be65bd8439b609d6d4366bf1cb5,ETH,0x0000000000000000000000000000000000000000,uniswap,v4,0x1fc3e834049a557d970408e908516a0f4aa964fa24f3f2262e215d786080b773,POOL_ID_BYTES32,THIRD_PARTY_DISCOVERY_ONLY,0,100.05,https://dexscreener.com/robinhood/0x1fc3e834049a557d970408e908516a0f4aa964fa24f3f2262e215d786080b773
CRCL,0x000000000000000000000000000000005047f8f8a1a34a9ebee52a4155570807,0xdf0992e440dd0be65bd8439b609d6d4366bf1cb5,USDG,0x5fc5360d0400a0fd4f2af552add042d716f1d168,uniswap,v4,0x28c1769d63edaaef99dcccd32a65dbc20a9a435c13ef2b7940f7e3975b268c86,POOL_ID_BYTES32,THIRD_PARTY_DISCOVERY_ONLY,78646.54,476.83,https://dexscreener.com/robinhood/0x28c1769d63edaaef99dcccd32a65dbc20a9a435c13ef2b7940f7e3975b268c86
CRCL,0x000000000000000000000000000000005047f8f8a1a34a9ebee52a4155570807,0xdf0992e440dd0be65bd8439b609d6d4366bf1cb5,ETH,0x0000000000000000000000000000000000000000,uniswap,v4,0x306ce925f9a75fb7d66074bb9544698431aaa6c740a5c5ca46543db4dd1fad65,POOL_ID_BYTES32,THIRD_PARTY_DISCOVERY_ONLY,258.8,4.27,https://dexscreener.com/robinhood/0x306ce925f9a75fb7d66074bb9544698431aaa6c740a5c5ca46543db4dd1fad65
CRCL,0x000000000000000000000000000000005047f8f8a1a34a9ebee52a4155570807,0xdf0992e440dd0be65bd8439b609d6d4366bf1cb5,ETH,0x0000000000000000000000000000000000000000,uniswap,v4,0x32e81b5d748b618118b371560a30e9683b32b79d9dd99af44b8c2ac394278646,POOL_ID_BYTES32,THIRD_PARTY_DISCOVERY_ONLY,622.65,305.8,https://dexscreener.com/robinhood/0x32e81b5d748b618118b371560a30e9683b32b79d9dd99af44b8c2ac394278646
CRCL,0x000000000000000000000000000000005047f8f8a1a34a9ebee52a4155570807,0xdf0992e440dd0be65bd8439b609d6d4366bf1cb5,USDG,0x5fc5360d0400a0fd4f2af552add042d716f1d168,uniswap,v4,0x447ede3c1eb7a15486e65e82898f8e52fa0db64175a50dd5de75e766d55f7c00,POOL_ID_BYTES32,THIRD_PARTY_DISCOVERY_ONLY,430.57,86.14,https://dexscreener.com/robinhood/0x447ede3c1eb7a15486e65e82898f8e52fa0db64175a50dd5de75e766d55f7c00
CRCL,0x000000000000000000000000000000005047f8f8a1a34a9ebee52a4155570807,0xdf0992e440dd0be65bd8439b609d6d4366bf1cb5,USDG,0x5fc5360d0400a0fd4f2af552add042d716f1d168,uniswap,v4,0x4cf7f270a62fd60132bb39c8f352baa65f1b16f3285f66f070c189bc560924de,POOL_ID_BYTES32,THIRD_PARTY_DISCOVERY_ONLY,40742.29,278968.35,https://dexscreener.com/robinhood/0x4cf7f270a62fd60132bb39c8f352baa65f1b16f3285f66f070c189bc560924de
CRCL,0x000000000000000000000000000000005047f8f8a1a34a9ebee52a4155570807,0xdf0992e440dd0be65bd8439b609d6d4366bf1cb5,USDG,0x5fc5360d0400a0fd4f2af552add042d716f1d168,uniswap,v4,0x628c98ab436ee34a6a7decd606242890582591bdf7c9a35d90e0d08021c31ea0,POOL_ID_BYTES32,THIRD_PARTY_DISCOVERY_ONLY,9302.33,187103.88,https://dexscreener.com/robinhood/0x628c98ab436ee34a6a7decd606242890582591bdf7c9a35d90e0d08021c31ea0
CRCL,0x000000000000000000000000000000005047f8f8a1a34a9ebee52a4155570807,0xdf0992e440dd0be65bd8439b609d6d4366bf1cb5,ETH,0x0000000000000000000000000000000000000000,uniswap,v4,0xa1b6a3ec8d5fdfab79cbf29a996bd053618a1d1534e183cbd92ea370d4d1a6c5,POOL_ID_BYTES32,THIRD_PARTY_DISCOVERY_ONLY,14651.06,14931.6,https://dexscreener.com/robinhood/0xa1b6a3ec8d5fdfab79cbf29a996bd053618a1d1534e183cbd92ea370d4d1a6c5
CRCL,0x000000000000000000000000000000005047f8f8a1a34a9ebee52a4155570807,0xdf0992e440dd0be65bd8439b609d6d4366bf1cb5,USDG,0x5fc5360d0400a0fd4f2af552add042d716f1d168,uniswap,v4,0xd80febc27f9d3d504c1e4eb341f553d5c71521445de0ba20ddf0ce91b68a04ae,POOL_ID_BYTES32,THIRD_PARTY_DISCOVERY_ONLY,196436.67,614.16,https://dexscreener.com/robinhood/0xd80febc27f9d3d504c1e4eb341f553d5c71521445de0ba20ddf0ce91b68a04ae
CRCL,0x000000000000000000000000000000005047f8f8a1a34a9ebee52a4155570807,0xdf0992e440dd0be65bd8439b609d6d4366bf1cb5,ETH,0x0000000000000000000000000000000000000000,uniswap,v4,0xe03bed8a0d56b2762ab40e8df2f210437d79abc442e53d036d2ae346ceaa9e33,POOL_ID_BYTES32,THIRD_PARTY_DISCOVERY_ONLY,3834.27,650.91,https://dexscreener.com/robinhood/0xe03bed8a0d56b2762ab40e8df2f210437d79abc442e53d036d2ae346ceaa9e33
CRCL,0x000000000000000000000000000000005047f8f8a1a34a9ebee52a4155570807,0xdf0992e440dd0be65bd8439b609d6d4366bf1cb5,ETH,0x0000000000000000000000000000000000000000,uniswap,v4,0xfab653230648e8daffe293c05373ee70b3fb23225721310077b313f8baaa95bd,POOL_ID_BYTES32,THIRD_PARTY_DISCOVERY_ONLY,129.02,4.38,https://dexscreener.com/robinhood/0xfab653230648e8daffe293c05373ee70b3fb23225721310077b313f8baaa95bd
CRCL,0x000000000000000000000000000000005047f8f8a1a34a9ebee52a4155570807,0xdf0992e440dd0be65bd8439b609d6d4366bf1cb5,USDG,0x5fc5360d0400a0fd4f2af552add042d716f1d168,up,v3,0xbe1563da6cc4e3057334fd10735bebc6770b537f,CONTRACT_ADDRESS,THIRD_PARTY_DISCOVERY_ONLY,3529.13,6605.71,https://dexscreener.com/robinhood/0xbe1563da6cc4e3057334fd10735bebc6770b537f
CRDO,0x000000000000000000000000000000008e29de423e4b4105b3644e645fda354a,0x4d67253bc223e6b0e104f1084c1fb2b669ddc41b,ETH,0x0000000000000000000000000000000000000000,uniswap,v4,0x06c87f8fd797f59d0dc7c52a19c120440ba1b644b1d210a5d977a6c04b8ba897,POOL_ID_BYTES32,THIRD_PARTY_DISCOVERY_ONLY,482.96,65.61,https://dexscreener.com/robinhood/0x06c87f8fd797f59d0dc7c52a19c120440ba1b644b1d210a5d977a6c04b8ba897
CRDO,0x000000000000000000000000000000008e29de423e4b4105b3644e645fda354a,0x4d67253bc223e6b0e104f1084c1fb2b669ddc41b,USDG,0x5fc5360d0400a0fd4f2af552add042d716f1d168,uniswap,v4,0x32d0592b98619beb29f1156320f42b2c26e43437eae7a85f3f183e5f9d121a34,POOL_ID_BYTES32,THIRD_PARTY_DISCOVERY_ONLY,4497.71,2877.48,https://dexscreener.com/robinhood/0x32d0592b98619beb29f1156320f42b2c26e43437eae7a85f3f183e5f9d121a34
CRDO,0x000000000000000000000000000000008e29de423e4b4105b3644e645fda354a,0x4d67253bc223e6b0e104f1084c1fb2b669ddc41b,ETH,0x0000000000000000000000000000000000000000,uniswap,v4,0x595d46b6ac80fcbc35cf07fbde5252d1cc7a68363e3e1e30a4a68101f3ea73e2,POOL_ID_BYTES32,THIRD_PARTY_DISCOVERY_ONLY,9142.54,1216.01,https://dexscreener.com/robinhood/0x595d46b6ac80fcbc35cf07fbde5252d1cc7a68363e3e1e30a4a68101f3ea73e2
CRDO,0x000000000000000000000000000000008e29de423e4b4105b3644e645fda354a,0x4d67253bc223e6b0e104f1084c1fb2b669ddc41b,USDG,0x5fc5360d0400a0fd4f2af552add042d716f1d168,uniswap,v4,0x6d130ca832b334417343b223f104dfb521b9b121a5084f1738d0bd5f948da7bc,POOL_ID_BYTES32,THIRD_PARTY_DISCOVERY_ONLY,1529.72,238.06,https://dexscreener.com/robinhood/0x6d130ca832b334417343b223f104dfb521b9b121a5084f1738d0bd5f948da7bc
CRDO,0x000000000000000000000000000000008e29de423e4b4105b3644e645fda354a,0x4d67253bc223e6b0e104f1084c1fb2b669ddc41b,USDG,0x5fc5360d0400a0fd4f2af552add042d716f1d168,uniswap,v4,0x89ab58a58b076be72939e90e01e4fee1e33606cd17a1fb9041a63f67c3700af5,POOL_ID_BYTES32,THIRD_PARTY_DISCOVERY_ONLY,203.44,35.98,https://dexscreener.com/robinhood/0x89ab58a58b076be72939e90e01e4fee1e33606cd17a1fb9041a63f67c3700af5
CRDO,0x000000000000000000000000000000008e29de423e4b4105b3644e645fda354a,0x4d67253bc223e6b0e104f1084c1fb2b669ddc41b,USDG,0x5fc5360d0400a0fd4f2af552add042d716f1d168,uniswap,v4,0xbe8c2d4471f558ddfef2b792a9839fdcf496362241e68e77f1c3cd943954cdf3,POOL_ID_BYTES32,THIRD_PARTY_DISCOVERY_ONLY,565.47,314.45,https://dexscreener.com/robinhood/0xbe8c2d4471f558ddfef2b792a9839fdcf496362241e68e77f1c3cd943954cdf3
CRM,0x00000000000000000000000000000000022015c295294037bfe416d3e45327b9,0xd95b44124e475743a7589e68f3d74008a5536d44,USDG,0x5fc5360d0400a0fd4f2af552add042d716f1d168,uniswap,v4,0x054c27d231f83af8891157d238dfed61a02c2d15daa3854c4e0355c3ea3f0c28,POOL_ID_BYTES32,V4_INITIALIZE_LOG_EXAMPLE_VERIFIED,3389.43,3.53,https://dexscreener.com/robinhood/0x054c27d231f83af8891157d238dfed61a02c2d15daa3854c4e0355c3ea3f0c28
CRM,0x00000000000000000000000000000000022015c295294037bfe416d3e45327b9,0xd95b44124e475743a7589e68f3d74008a5536d44,USDG,0x5fc5360d0400a0fd4f2af552add042d716f1d168,uniswap,v4,0x5762e5cb2acd7eae40d8ba9703b2c1465a96be51bf3e241db801da0547cc2be1,POOL_ID_BYTES32,THIRD_PARTY_DISCOVERY_ONLY,9864.32,7971.97,https://dexscreener.com/robinhood/0x5762e5cb2acd7eae40d8ba9703b2c1465a96be51bf3e241db801da0547cc2be1
CRM,0x00000000000000000000000000000000022015c295294037bfe416d3e45327b9,0xd95b44124e475743a7589e68f3d74008a5536d44,ETH,0x0000000000000000000000000000000000000000,uniswap,v4,0x5bfea5c46dd6576f995517ae8b349e6d5a0f7e248f2b8dcb4c150e43ec83b246,POOL_ID_BYTES32,V4_INITIALIZE_LOG_EXAMPLE_VERIFIED,2088.42,119.6,https://dexscreener.com/robinhood/0x5bfea5c46dd6576f995517ae8b349e6d5a0f7e248f2b8dcb4c150e43ec83b246
CRM,0x00000000000000000000000000000000022015c295294037bfe416d3e45327b9,0xd95b44124e475743a7589e68f3d74008a5536d44,USDG,0x5fc5360d0400a0fd4f2af552add042d716f1d168,uniswap,v4,0x88fd76ccfc95e9040155e2da2262c6cbdd9ce3fa66c3cbb2ce14edafad907d9d,POOL_ID_BYTES32,THIRD_PARTY_DISCOVERY_ONLY,12524.05,2674.41,https://dexscreener.com/robinhood/0x88fd76ccfc95e9040155e2da2262c6cbdd9ce3fa66c3cbb2ce14edafad907d9d
CRM,0x00000000000000000000000000000000022015c295294037bfe416d3e45327b9,0xd95b44124e475743a7589e68f3d74008a5536d44,USDG,0x5fc5360d0400a0fd4f2af552add042d716f1d168,uniswap,v4,0xa6b973d47204d55709a5e3c94e32183e27835fc7e3d1226541231263f74e39b6,POOL_ID_BYTES32,THIRD_PARTY_DISCOVERY_ONLY,6211.58,3448.1,https://dexscreener.com/robinhood/0xa6b973d47204d55709a5e3c94e32183e27835fc7e3d1226541231263f74e39b6
CRM,0x00000000000000000000000000000000022015c295294037bfe416d3e45327b9,0xd95b44124e475743a7589e68f3d74008a5536d44,ETH,0x0000000000000000000000000000000000000000,uniswap,v4,0xc31d98e0890f84d61c9113921952dbecc02b290f451faa2e4077afafc9360404,POOL_ID_BYTES32,THIRD_PARTY_DISCOVERY_ONLY,2812.72,185.14,https://dexscreener.com/robinhood/0xc31d98e0890f84d61c9113921952dbecc02b290f451faa2e4077afafc9360404
CRM,0x00000000000000000000000000000000022015c295294037bfe416d3e45327b9,0xd95b44124e475743a7589e68f3d74008a5536d44,ETH,0x0000000000000000000000000000000000000000,uniswap,v4,0xc76b3d934108bea5afde792ce3069942bcb1a48ddd7ae48bbd37ef3cff0fdb3c,POOL_ID_BYTES32,THIRD_PARTY_DISCOVERY_ONLY,20109.69,843,https://dexscreener.com/robinhood/0xc76b3d934108bea5afde792ce3069942bcb1a48ddd7ae48bbd37ef3cff0fdb3c
CRWD,0x000000000000000000000000000000001adecf2c6a3749f9873b8926b5977c0a,0xea72ecca2d0f6bfa1394dbbcff85b52cd4233931,USDG,0x5fc5360d0400a0fd4f2af552add042d716f1d168,uniswap,v4,0x08e077775abe490453d6c9d2455badba6a9bd1550d561fe1351b4b6e56763a08,POOL_ID_BYTES32,THIRD_PARTY_DISCOVERY_ONLY,,1461.57,https://dexscreener.com/robinhood/0x08e077775abe490453d6c9d2455badba6a9bd1550d561fe1351b4b6e56763a08
CRWD,0x000000000000000000000000000000001adecf2c6a3749f9873b8926b5977c0a,0xea72ecca2d0f6bfa1394dbbcff85b52cd4233931,USDG,0x5fc5360d0400a0fd4f2af552add042d716f1d168,uniswap,v4,0x0fcec191bc016b894cde86cb79be2c30b248f8d05fe9c7ba1d64a5739cec9dec,POOL_ID_BYTES32,THIRD_PARTY_DISCOVERY_ONLY,5350.35,529.86,https://dexscreener.com/robinhood/0x0fcec191bc016b894cde86cb79be2c30b248f8d05fe9c7ba1d64a5739cec9dec
CRWD,0x000000000000000000000000000000001adecf2c6a3749f9873b8926b5977c0a,0xea72ecca2d0f6bfa1394dbbcff85b52cd4233931,USDG,0x5fc5360d0400a0fd4f2af552add042d716f1d168,uniswap,v4,0x1472690a7ef574c9d6ce872a9c4b3f4a90028ac1327e71498f9cd16df997e8a1,POOL_ID_BYTES32,THIRD_PARTY_DISCOVERY_ONLY,1053.14,388.41,https://dexscreener.com/robinhood/0x1472690a7ef574c9d6ce872a9c4b3f4a90028ac1327e71498f9cd16df997e8a1
CRWD,0x000000000000000000000000000000001adecf2c6a3749f9873b8926b5977c0a,0xea72ecca2d0f6bfa1394dbbcff85b52cd4233931,ETH,0x0000000000000000000000000000000000000000,uniswap,v4,0x1d054a6687f34076dd00937c34d827aecf101ef0879f00a46b39409dba69f680,POOL_ID_BYTES32,THIRD_PARTY_DISCOVERY_ONLY,12513.97,5715.58,https://dexscreener.com/robinhood/0x1d054a6687f34076dd00937c34d827aecf101ef0879f00a46b39409dba69f680
CRWD,0x000000000000000000000000000000001adecf2c6a3749f9873b8926b5977c0a,0xea72ecca2d0f6bfa1394dbbcff85b52cd4233931,USDG,0x5fc5360d0400a0fd4f2af552add042d716f1d168,uniswap,v4,0x28908375e1ea679729acc11a86013347c928647a9e500369ab1e5d7acbdecfe2,POOL_ID_BYTES32,THIRD_PARTY_DISCOVERY_ONLY,2419.66,39.6,https://dexscreener.com/robinhood/0x28908375e1ea679729acc11a86013347c928647a9e500369ab1e5d7acbdecfe2
CRWD,0x000000000000000000000000000000001adecf2c6a3749f9873b8926b5977c0a,0xea72ecca2d0f6bfa1394dbbcff85b52cd4233931,ETH,0x0000000000000000000000000000000000000000,uniswap,v4,0x4949fa3a94b4b3725c83bb109f1bb0ba69b8460048e411c181df744860f9967b,POOL_ID_BYTES32,THIRD_PARTY_DISCOVERY_ONLY,8932.02,2608.02,https://dexscreener.com/robinhood/0x4949fa3a94b4b3725c83bb109f1bb0ba69b8460048e411c181df744860f9967b
CRWD,0x000000000000000000000000000000001adecf2c6a3749f9873b8926b5977c0a,0xea72ecca2d0f6bfa1394dbbcff85b52cd4233931,USDG,0x5fc5360d0400a0fd4f2af552add042d716f1d168,uniswap,v4,0x50e7c15c5ccbc3ee5d2dd8ac60d32803ec01cf0aca1043a8ec2580e063c8fce2,POOL_ID_BYTES32,THIRD_PARTY_DISCOVERY_ONLY,1649.32,108.88,https://dexscreener.com/robinhood/0x50e7c15c5ccbc3ee5d2dd8ac60d32803ec01cf0aca1043a8ec2580e063c8fce2
CRWD,0x000000000000000000000000000000001adecf2c6a3749f9873b8926b5977c0a,0xea72ecca2d0f6bfa1394dbbcff85b52cd4233931,USDG,0x5fc5360d0400a0fd4f2af552add042d716f1d168,uniswap,v4,0x5f821fb6375536036d61372b33381d3396302a9fc5c1b97830a80ba0120f1f0c,POOL_ID_BYTES32,THIRD_PARTY_DISCOVERY_ONLY,1633.26,2458.18,https://dexscreener.com/robinhood/0x5f821fb6375536036d61372b33381d3396302a9fc5c1b97830a80ba0120f1f0c
CRWD,0x000000000000000000000000000000001adecf2c6a3749f9873b8926b5977c0a,0xea72ecca2d0f6bfa1394dbbcff85b52cd4233931,USDG,0x5fc5360d0400a0fd4f2af552add042d716f1d168,uniswap,v4,0x6c298a7b67bb3783bae6be4ce113a0718d4f6a5db3a38e845b6d70b589d4a5e7,POOL_ID_BYTES32,THIRD_PARTY_DISCOVERY_ONLY,2092.14,140.2,https://dexscreener.com/robinhood/0x6c298a7b67bb3783bae6be4ce113a0718d4f6a5db3a38e845b6d70b589d4a5e7
CRWD,0x000000000000000000000000000000001adecf2c6a3749f9873b8926b5977c0a,0xea72ecca2d0f6bfa1394dbbcff85b52cd4233931,ETH,0x0000000000000000000000000000000000000000,uniswap,v4,0x723e9f6cb9f5ac165c0582f97b3556484e842a926e2948d14c7f8f21a0d4f3bc,POOL_ID_BYTES32,THIRD_PARTY_DISCOVERY_ONLY,755.13,415.33,https://dexscreener.com/robinhood/0x723e9f6cb9f5ac165c0582f97b3556484e842a926e2948d14c7f8f21a0d4f3bc
CRWD,0x000000000000000000000000000000001adecf2c6a3749f9873b8926b5977c0a,0xea72ecca2d0f6bfa1394dbbcff85b52cd4233931,USDG,0x5fc5360d0400a0fd4f2af552add042d716f1d168,uniswap,v4,0x828739e0a2d96c020b67fd6d3848d36b99f7fc854b4aff7e68c8fb1ad57e4bc4,POOL_ID_BYTES32,THIRD_PARTY_DISCOVERY_ONLY,1377.95,192.5,https://dexscreener.com/robinhood/0x828739e0a2d96c020b67fd6d3848d36b99f7fc854b4aff7e68c8fb1ad57e4bc4
CRWD,0x000000000000000000000000000000001adecf2c6a3749f9873b8926b5977c0a,0xea72ecca2d0f6bfa1394dbbcff85b52cd4233931,USDG,0x5fc5360d0400a0fd4f2af552add042d716f1d168,uniswap,v4,0xa8f24e179171846758581a176400e7f2e980a26493e7f719bec4201223ea2fae,POOL_ID_BYTES32,THIRD_PARTY_DISCOVERY_ONLY,7749.43,28214.71,https://dexscreener.com/robinhood/0xa8f24e179171846758581a176400e7f2e980a26493e7f719bec4201223ea2fae
CRWD,0x000000000000000000000000000000001adecf2c6a3749f9873b8926b5977c0a,0xea72ecca2d0f6bfa1394dbbcff85b52cd4233931,ETH,0x0000000000000000000000000000000000000000,uniswap,v4,0xb44f075f281c715deb72371305e07158995917f7f669a36617d5f606b6b6c1b6,POOL_ID_BYTES32,THIRD_PARTY_DISCOVERY_ONLY,1451.87,1120.79,https://dexscreener.com/robinhood/0xb44f075f281c715deb72371305e07158995917f7f669a36617d5f606b6b6c1b6
CRWD,0x000000000000000000000000000000001adecf2c6a3749f9873b8926b5977c0a,0xea72ecca2d0f6bfa1394dbbcff85b52cd4233931,USDG,0x5fc5360d0400a0fd4f2af552add042d716f1d168,uniswap,v4,0xb6efc36ef1706efa6bc13918e4dd7ee3f2e0d40d25b270a3fe14fb5f0a8072f4,POOL_ID_BYTES32,THIRD_PARTY_DISCOVERY_ONLY,996.91,2075.37,https://dexscreener.com/robinhood/0xb6efc36ef1706efa6bc13918e4dd7ee3f2e0d40d25b270a3fe14fb5f0a8072f4
CRWD,0x000000000000000000000000000000001adecf2c6a3749f9873b8926b5977c0a,0xea72ecca2d0f6bfa1394dbbcff85b52cd4233931,ETH,0x0000000000000000000000000000000000000000,uniswap,v4,0xbc55fe7ec0e5014dc4ec380d6e7cdf24b7aa98f63ca3edb04378c3f04cdebc3f,POOL_ID_BYTES32,THIRD_PARTY_DISCOVERY_ONLY,1448.93,638.92,https://dexscreener.com/robinhood/0xbc55fe7ec0e5014dc4ec380d6e7cdf24b7aa98f63ca3edb04378c3f04cdebc3f
CRWD,0x000000000000000000000000000000001adecf2c6a3749f9873b8926b5977c0a,0xea72ecca2d0f6bfa1394dbbcff85b52cd4233931,USDG,0x5fc5360d0400a0fd4f2af552add042d716f1d168,uniswap,v4,0xbf8c26419ca51b3aed257a6b14b1eeea527b8ca79a648012de207d39fb9c5452,POOL_ID_BYTES32,THIRD_PARTY_DISCOVERY_ONLY,4729.27,1558.13,https://dexscreener.com/robinhood/0xbf8c26419ca51b3aed257a6b14b1eeea527b8ca79a648012de207d39fb9c5452
CRWD,0x000000000000000000000000000000001adecf2c6a3749f9873b8926b5977c0a,0xea72ecca2d0f6bfa1394dbbcff85b52cd4233931,USDG,0x5fc5360d0400a0fd4f2af552add042d716f1d168,uniswap,v4,0xe7e516fc92d2e5a0c24d15a9b2dd8aa1358c5700012e55af5e063782e4996f3d,POOL_ID_BYTES32,THIRD_PARTY_DISCOVERY_ONLY,1175.96,2232.71,https://dexscreener.com/robinhood/0xe7e516fc92d2e5a0c24d15a9b2dd8aa1358c5700012e55af5e063782e4996f3d
CRWV,0x000000000000000000000000000000007f48cdbfaced4ff4b34fbc832f449c33,0x5f10a1c971b69e47e059e1dc91901b59b3fb49c3,USDG,0x5fc5360d0400a0fd4f2af552add042d716f1d168,ramses,v3,0xe2deaea0bdd86158e7dbfdf74318a9d68bd3e98f,CONTRACT_ADDRESS,THIRD_PARTY_DISCOVERY_ONLY,2765.06,56444.2,https://dexscreener.com/robinhood/0xe2deaea0bdd86158e7dbfdf74318a9d68bd3e98f
CRWV,0x000000000000000000000000000000007f48cdbfaced4ff4b34fbc832f449c33,0x5f10a1c971b69e47e059e1dc91901b59b3fb49c3,USDG,0x5fc5360d0400a0fd4f2af552add042d716f1d168,uniswap,v4,0x10f8b54808bbc0990c903135df26c35d0fdf2e1e87d72b5f1e8cae9711feee89,POOL_ID_BYTES32,THIRD_PARTY_DISCOVERY_ONLY,400.15,79.43,https://dexscreener.com/robinhood/0x10f8b54808bbc0990c903135df26c35d0fdf2e1e87d72b5f1e8cae9711feee89
CRWV,0x000000000000000000000000000000007f48cdbfaced4ff4b34fbc832f449c33,0x5f10a1c971b69e47e059e1dc91901b59b3fb49c3,USDG,0x5fc5360d0400a0fd4f2af552add042d716f1d168,uniswap,v4,0x150f171415f2e48b6d02b900832695cb30c1f0588a3fd37474353e0524814b5c,POOL_ID_BYTES32,THIRD_PARTY_DISCOVERY_ONLY,656.91,640.03,https://dexscreener.com/robinhood/0x150f171415f2e48b6d02b900832695cb30c1f0588a3fd37474353e0524814b5c
CRWV,0x000000000000000000000000000000007f48cdbfaced4ff4b34fbc832f449c33,0x5f10a1c971b69e47e059e1dc91901b59b3fb49c3,ETH,0x0000000000000000000000000000000000000000,uniswap,v4,0x2228c71d41554a5069843b8d785f48293dc9a8475092e134ba46d2fc513c37e5,POOL_ID_BYTES32,THIRD_PARTY_DISCOVERY_ONLY,2876.73,43.11,https://dexscreener.com/robinhood/0x2228c71d41554a5069843b8d785f48293dc9a8475092e134ba46d2fc513c37e5
CRWV,0x000000000000000000000000000000007f48cdbfaced4ff4b34fbc832f449c33,0x5f10a1c971b69e47e059e1dc91901b59b3fb49c3,USDG,0x5fc5360d0400a0fd4f2af552add042d716f1d168,uniswap,v4,0x237014478f7ef98afbe7412ac35b6a3f96b8fb111de48b7c4dbf49dba4bd9c4b,POOL_ID_BYTES32,THIRD_PARTY_DISCOVERY_ONLY,26335.12,248032,https://dexscreener.com/robinhood/0x237014478f7ef98afbe7412ac35b6a3f96b8fb111de48b7c4dbf49dba4bd9c4b
CRWV,0x000000000000000000000000000000007f48cdbfaced4ff4b34fbc832f449c33,0x5f10a1c971b69e47e059e1dc91901b59b3fb49c3,ETH,0x0000000000000000000000000000000000000000,uniswap,v4,0x63bcd31f3734436d9414ea87f488f051d6bd60d9352744ae891be74a3b423702,POOL_ID_BYTES32,THIRD_PARTY_DISCOVERY_ONLY,12039.08,19431.72,https://dexscreener.com/robinhood/0x63bcd31f3734436d9414ea87f488f051d6bd60d9352744ae891be74a3b423702
CRWV,0x000000000000000000000000000000007f48cdbfaced4ff4b34fbc832f449c33,0x5f10a1c971b69e47e059e1dc91901b59b3fb49c3,ETH,0x0000000000000000000000000000000000000000,uniswap,v4,0x778f82789690522c9e9b00cd28f0c299033a6f4c9975069f33eff8b991e90c61,POOL_ID_BYTES32,THIRD_PARTY_DISCOVERY_ONLY,6402.71,1024.64,https://dexscreener.com/robinhood/0x778f82789690522c9e9b00cd28f0c299033a6f4c9975069f33eff8b991e90c61
CRWV,0x000000000000000000000000000000007f48cdbfaced4ff4b34fbc832f449c33,0x5f10a1c971b69e47e059e1dc91901b59b3fb49c3,ETH,0x0000000000000000000000000000000000000000,uniswap,v4,0xa8cb43943f15a2da3cf218b826eba9ea4052df7b1739073783904d5aa74c5e9b,POOL_ID_BYTES32,THIRD_PARTY_DISCOVERY_ONLY,1179.7,244.29,https://dexscreener.com/robinhood/0xa8cb43943f15a2da3cf218b826eba9ea4052df7b1739073783904d5aa74c5e9b
CRWV,0x000000000000000000000000000000007f48cdbfaced4ff4b34fbc832f449c33,0x5f10a1c971b69e47e059e1dc91901b59b3fb49c3,ETH,0x0000000000000000000000000000000000000000,uniswap,v4,0xc3b1336c97daa9ca117c5bd527133a37a84ff447737fdcf4281f2ed20a9cedb8,POOL_ID_BYTES32,THIRD_PARTY_DISCOVERY_ONLY,3533.54,730.3,https://dexscreener.com/robinhood/0xc3b1336c97daa9ca117c5bd527133a37a84ff447737fdcf4281f2ed20a9cedb8
CRWV,0x000000000000000000000000000000007f48cdbfaced4ff4b34fbc832f449c33,0x5f10a1c971b69e47e059e1dc91901b59b3fb49c3,USDG,0x5fc5360d0400a0fd4f2af552add042d716f1d168,uniswap,v4,0xf93a37fb0974aeca427423a0177484c85d69bc92a3be87389e27216f5225dee6,POOL_ID_BYTES32,THIRD_PARTY_DISCOVERY_ONLY,4007.51,2891.86,https://dexscreener.com/robinhood/0xf93a37fb0974aeca427423a0177484c85d69bc92a3be87389e27216f5225dee6
CRWV,0x000000000000000000000000000000007f48cdbfaced4ff4b34fbc832f449c33,0x5f10a1c971b69e47e059e1dc91901b59b3fb49c3,USDG,0x5fc5360d0400a0fd4f2af552add042d716f1d168,uniswap,v4,0xfc979f768e0d7a8087e6a11c56b6f23f81da7917fb0b35b5b437cdcc5b5dfbd0,POOL_ID_BYTES32,THIRD_PARTY_DISCOVERY_ONLY,518.95,15.45,https://dexscreener.com/robinhood/0xfc979f768e0d7a8087e6a11c56b6f23f81da7917fb0b35b5b437cdcc5b5dfbd0
CSCO,0x0000000000000000000000000000000052b1bd2848fd4837baefc662660c6b28,0xf543967eebb6f1917992ef0e68de63ab07a5a0da,ETH,0x0000000000000000000000000000000000000000,uniswap,v4,0x0dc674af3aa8f4395dcb338787784d492684ca60b98b6f672196cb084cca1fbd,POOL_ID_BYTES32,THIRD_PARTY_DISCOVERY_ONLY,18772.08,3.76,https://dexscreener.com/robinhood/0x0dc674af3aa8f4395dcb338787784d492684ca60b98b6f672196cb084cca1fbd
CSCO,0x0000000000000000000000000000000052b1bd2848fd4837baefc662660c6b28,0xf543967eebb6f1917992ef0e68de63ab07a5a0da,ETH,0x0000000000000000000000000000000000000000,uniswap,v4,0x0f5b707233dc9e08a2bf3bad879c6b4341d03e9b0d65c2c37b27e3af2c367dbd,POOL_ID_BYTES32,THIRD_PARTY_DISCOVERY_ONLY,489,13.1,https://dexscreener.com/robinhood/0x0f5b707233dc9e08a2bf3bad879c6b4341d03e9b0d65c2c37b27e3af2c367dbd
CSCO,0x0000000000000000000000000000000052b1bd2848fd4837baefc662660c6b28,0xf543967eebb6f1917992ef0e68de63ab07a5a0da,USDG,0x5fc5360d0400a0fd4f2af552add042d716f1d168,uniswap,v4,0x13bf682da8d76cfda75783ad2a3bdd269438c5083eb401facb69039f4e7ff333,POOL_ID_BYTES32,THIRD_PARTY_DISCOVERY_ONLY,800.16,417.16,https://dexscreener.com/robinhood/0x13bf682da8d76cfda75783ad2a3bdd269438c5083eb401facb69039f4e7ff333
CSCO,0x0000000000000000000000000000000052b1bd2848fd4837baefc662660c6b28,0xf543967eebb6f1917992ef0e68de63ab07a5a0da,USDG,0x5fc5360d0400a0fd4f2af552add042d716f1d168,uniswap,v4,0x21da62dabbb7f0c0be013d5c1650be781fc50f9d6c117ea479b5101a2989e111,POOL_ID_BYTES32,THIRD_PARTY_DISCOVERY_ONLY,15300.69,2374.28,https://dexscreener.com/robinhood/0x21da62dabbb7f0c0be013d5c1650be781fc50f9d6c117ea479b5101a2989e111
CSCO,0x0000000000000000000000000000000052b1bd2848fd4837baefc662660c6b28,0xf543967eebb6f1917992ef0e68de63ab07a5a0da,ETH,0x0000000000000000000000000000000000000000,uniswap,v4,0x230f74be5eec1b5097a5c07ce8549229efe49306bcdd99e91e4be45141f32df5,POOL_ID_BYTES32,THIRD_PARTY_DISCOVERY_ONLY,2996.73,36.11,https://dexscreener.com/robinhood/0x230f74be5eec1b5097a5c07ce8549229efe49306bcdd99e91e4be45141f32df5
CSCO,0x0000000000000000000000000000000052b1bd2848fd4837baefc662660c6b28,0xf543967eebb6f1917992ef0e68de63ab07a5a0da,ETH,0x0000000000000000000000000000000000000000,uniswap,v4,0x2340d4705f56e1ec9f1be83524c09d1a780629420917b90b6c93cf05c8ed84e4,POOL_ID_BYTES32,THIRD_PARTY_DISCOVERY_ONLY,504.74,1.6,https://dexscreener.com/robinhood/0x2340d4705f56e1ec9f1be83524c09d1a780629420917b90b6c93cf05c8ed84e4
CSCO,0x0000000000000000000000000000000052b1bd2848fd4837baefc662660c6b28,0xf543967eebb6f1917992ef0e68de63ab07a5a0da,ETH,0x0000000000000000000000000000000000000000,uniswap,v4,0x38c8093d598f62b5cf2652a36b4de182ba3dc6fa12e39d4bd814ec4ea4a10644,POOL_ID_BYTES32,THIRD_PARTY_DISCOVERY_ONLY,2271.67,12.26,https://dexscreener.com/robinhood/0x38c8093d598f62b5cf2652a36b4de182ba3dc6fa12e39d4bd814ec4ea4a10644
CSCO,0x0000000000000000000000000000000052b1bd2848fd4837baefc662660c6b28,0xf543967eebb6f1917992ef0e68de63ab07a5a0da,USDG,0x5fc5360d0400a0fd4f2af552add042d716f1d168,uniswap,v4,0x62b64b49f9505efa26ddde50e7203fed2a7b0543b9697695285b6fe580091e81,POOL_ID_BYTES32,THIRD_PARTY_DISCOVERY_ONLY,6722.32,435.94,https://dexscreener.com/robinhood/0x62b64b49f9505efa26ddde50e7203fed2a7b0543b9697695285b6fe580091e81
CSCO,0x0000000000000000000000000000000052b1bd2848fd4837baefc662660c6b28,0xf543967eebb6f1917992ef0e68de63ab07a5a0da,ETH,0x0000000000000000000000000000000000000000,uniswap,v4,0xb4988f31c6f57de310ed5f2b5a74cba329b8ef0e0440a072658bb1f9a535483d,POOL_ID_BYTES32,THIRD_PARTY_DISCOVERY_ONLY,4145.61,30.09,https://dexscreener.com/robinhood/0xb4988f31c6f57de310ed5f2b5a74cba329b8ef0e0440a072658bb1f9a535483d
CSCO,0x0000000000000000000000000000000052b1bd2848fd4837baefc662660c6b28,0xf543967eebb6f1917992ef0e68de63ab07a5a0da,USDG,0x5fc5360d0400a0fd4f2af552add042d716f1d168,uniswap,v4,0xed9d8d3ee1e18fe4d2ab3c45a53715f92115a99498072152f89669e2f27535f6,POOL_ID_BYTES32,THIRD_PARTY_DISCOVERY_ONLY,545.41,40.13,https://dexscreener.com/robinhood/0xed9d8d3ee1e18fe4d2ab3c45a53715f92115a99498072152f89669e2f27535f6
CVNA,0x00000000000000000000000000000000551774b7a07e4f24a8901f266c16a86d,0xa4f319104089fe321dc8093c6e707d4fe190a988,ETH,0x0000000000000000000000000000000000000000,uniswap,v4,0x37bab26ff48790bf68f287f1ade826288d091a9d527357d8a25b5f7f9700b90b,POOL_ID_BYTES32,THIRD_PARTY_DISCOVERY_ONLY,16134.67,886.39,https://dexscreener.com/robinhood/0x37bab26ff48790bf68f287f1ade826288d091a9d527357d8a25b5f7f9700b90b
CVNA,0x00000000000000000000000000000000551774b7a07e4f24a8901f266c16a86d,0xa4f319104089fe321dc8093c6e707d4fe190a988,USDG,0x5fc5360d0400a0fd4f2af552add042d716f1d168,uniswap,v4,0x4e001c9d3c2969f8b3d0c348e8842941355f1fa2ed8791456758ce26249883d9,POOL_ID_BYTES32,THIRD_PARTY_DISCOVERY_ONLY,32137.83,13905.36,https://dexscreener.com/robinhood/0x4e001c9d3c2969f8b3d0c348e8842941355f1fa2ed8791456758ce26249883d9
CVNA,0x00000000000000000000000000000000551774b7a07e4f24a8901f266c16a86d,0xa4f319104089fe321dc8093c6e707d4fe190a988,ETH,0x0000000000000000000000000000000000000000,uniswap,v4,0x9ddf3d692fb825b54f23aacd5c9a59340336be916c6ea85726008389c0c27fde,POOL_ID_BYTES32,THIRD_PARTY_DISCOVERY_ONLY,3711.61,220.52,https://dexscreener.com/robinhood/0x9ddf3d692fb825b54f23aacd5c9a59340336be916c6ea85726008389c0c27fde
CVNA,0x00000000000000000000000000000000551774b7a07e4f24a8901f266c16a86d,0xa4f319104089fe321dc8093c6e707d4fe190a988,USDG,0x5fc5360d0400a0fd4f2af552add042d716f1d168,uniswap,v4,0xa63e439247292b97a76c47ffb1a9fb30daa2227e8e4224e04ec29f4e3b0bc84a,POOL_ID_BYTES32,THIRD_PARTY_DISCOVERY_ONLY,15376.28,627.69,https://dexscreener.com/robinhood/0xa63e439247292b97a76c47ffb1a9fb30daa2227e8e4224e04ec29f4e3b0bc84a
CVNA,0x00000000000000000000000000000000551774b7a07e4f24a8901f266c16a86d,0xa4f319104089fe321dc8093c6e707d4fe190a988,USDG,0x5fc5360d0400a0fd4f2af552add042d716f1d168,uniswap,v4,0xc1ab2bffcd96212290cb5a7fd646bda77fb813d9a6c13a52d5dfe50d6e766d7f,POOL_ID_BYTES32,THIRD_PARTY_DISCOVERY_ONLY,498.43,20.43,https://dexscreener.com/robinhood/0xc1ab2bffcd96212290cb5a7fd646bda77fb813d9a6c13a52d5dfe50d6e766d7f
CVNA,0x00000000000000000000000000000000551774b7a07e4f24a8901f266c16a86d,0xa4f319104089fe321dc8093c6e707d4fe190a988,USDG,0x5fc5360d0400a0fd4f2af552add042d716f1d168,uniswap,v4,0xc4f024254737aa94800cc2c2aa8064549209642e8e4a41c5e910e9185c6c51b2,POOL_ID_BYTES32,THIRD_PARTY_DISCOVERY_ONLY,15707.07,5652.23,https://dexscreener.com/robinhood/0xc4f024254737aa94800cc2c2aa8064549209642e8e4a41c5e910e9185c6c51b2
CVNA,0x00000000000000000000000000000000551774b7a07e4f24a8901f266c16a86d,0xa4f319104089fe321dc8093c6e707d4fe190a988,USDG,0x5fc5360d0400a0fd4f2af552add042d716f1d168,uniswap,v4,0xca0bf8c3b2764a969473e8ad60277a484b126ef341d652b980e892868c500a1a,POOL_ID_BYTES32,THIRD_PARTY_DISCOVERY_ONLY,15040.78,14451.33,https://dexscreener.com/robinhood/0xca0bf8c3b2764a969473e8ad60277a484b126ef341d652b980e892868c500a1a
CVNA,0x00000000000000000000000000000000551774b7a07e4f24a8901f266c16a86d,0xa4f319104089fe321dc8093c6e707d4fe190a988,ETH,0x0000000000000000000000000000000000000000,uniswap,v4,0xcec24869b59b93a9744a8c37dd3f7e5258aa07568d0e5bc75a230457d26ea6bc,POOL_ID_BYTES32,THIRD_PARTY_DISCOVERY_ONLY,3138.04,90.16,https://dexscreener.com/robinhood/0xcec24869b59b93a9744a8c37dd3f7e5258aa07568d0e5bc75a230457d26ea6bc
DELL,0x0000000000000000000000000000000014eaef73a2c44d62b7952cfd0a44ff51,0x941ae714ec6d8130c7b75d67160ca08f1e7d11dd,USDG,0x5fc5360d0400a0fd4f2af552add042d716f1d168,uniswap,v3,0xa0f5ef20f49db62bb20e0f2b51257ca897a01a5f,CONTRACT_ADDRESS,MATCHED_CANONICAL_UNISWAP_FACTORY_RESULT,0,405.38,https://dexscreener.com/robinhood/0xa0f5ef20f49db62bb20e0f2b51257ca897a01a5f
DELL,0x0000000000000000000000000000000014eaef73a2c44d62b7952cfd0a44ff51,0x941ae714ec6d8130c7b75d67160ca08f1e7d11dd,USDG,0x5fc5360d0400a0fd4f2af552add042d716f1d168,uniswap,v3,0xc30c89cb7815a1488b7998d15eec73961707fc5a,CONTRACT_ADDRESS,MATCHED_CANONICAL_UNISWAP_FACTORY_RESULT,464870.29,856196.63,https://dexscreener.com/robinhood/0xc30c89cb7815a1488b7998d15eec73961707fc5a
DELL,0x0000000000000000000000000000000014eaef73a2c44d62b7952cfd0a44ff51,0x941ae714ec6d8130c7b75d67160ca08f1e7d11dd,ETH,0x0000000000000000000000000000000000000000,uniswap,v4,0x55f78f6152a537c27b3ac18cbbee3c1fabbe76bd7e4dca7a100303b77a957928,POOL_ID_BYTES32,THIRD_PARTY_DISCOVERY_ONLY,6641.96,499.02,https://dexscreener.com/robinhood/0x55f78f6152a537c27b3ac18cbbee3c1fabbe76bd7e4dca7a100303b77a957928
DELL,0x0000000000000000000000000000000014eaef73a2c44d62b7952cfd0a44ff51,0x941ae714ec6d8130c7b75d67160ca08f1e7d11dd,USDG,0x5fc5360d0400a0fd4f2af552add042d716f1d168,uniswap,v4,0x5eac3915ac51ecc6425f45b42148441616801e78d6434fbca1a188b6f6b64b90,POOL_ID_BYTES32,THIRD_PARTY_DISCOVERY_ONLY,308.28,444.18,https://dexscreener.com/robinhood/0x5eac3915ac51ecc6425f45b42148441616801e78d6434fbca1a188b6f6b64b90
DELL,0x0000000000000000000000000000000014eaef73a2c44d62b7952cfd0a44ff51,0x941ae714ec6d8130c7b75d67160ca08f1e7d11dd,USDG,0x5fc5360d0400a0fd4f2af552add042d716f1d168,uniswap,v4,0x77452082e657b13f5cf6283940f853c22e6213bdaccb96ca0852a06ad5efd58a,POOL_ID_BYTES32,THIRD_PARTY_DISCOVERY_ONLY,21124.78,19888.83,https://dexscreener.com/robinhood/0x77452082e657b13f5cf6283940f853c22e6213bdaccb96ca0852a06ad5efd58a
DELL,0x0000000000000000000000000000000014eaef73a2c44d62b7952cfd0a44ff51,0x941ae714ec6d8130c7b75d67160ca08f1e7d11dd,ETH,0x0000000000000000000000000000000000000000,uniswap,v4,0x923e8b43ebbb694b0be2945125fcb27b2902bf65ee2a703b06026a924216fee3,POOL_ID_BYTES32,THIRD_PARTY_DISCOVERY_ONLY,32579.8,11751.87,https://dexscreener.com/robinhood/0x923e8b43ebbb694b0be2945125fcb27b2902bf65ee2a703b06026a924216fee3
DELL,0x0000000000000000000000000000000014eaef73a2c44d62b7952cfd0a44ff51,0x941ae714ec6d8130c7b75d67160ca08f1e7d11dd,USDG,0x5fc5360d0400a0fd4f2af552add042d716f1d168,uniswap,v4,0xa92d3c7b017afbee7e144e904d7a73dd73630d883c6ee15d6ab734705c7cd6f9,POOL_ID_BYTES32,THIRD_PARTY_DISCOVERY_ONLY,9661.55,18286.16,https://dexscreener.com/robinhood/0xa92d3c7b017afbee7e144e904d7a73dd73630d883c6ee15d6ab734705c7cd6f9
DELL,0x0000000000000000000000000000000014eaef73a2c44d62b7952cfd0a44ff51,0x941ae714ec6d8130c7b75d67160ca08f1e7d11dd,ETH,0x0000000000000000000000000000000000000000,uniswap,v4,0xc10f573f8a4db9bd31c8c8cafb7ba18f70d42ebb9099eebf1caffeb00f1de3cd,POOL_ID_BYTES32,THIRD_PARTY_DISCOVERY_ONLY,3226.37,15.48,https://dexscreener.com/robinhood/0xc10f573f8a4db9bd31c8c8cafb7ba18f70d42ebb9099eebf1caffeb00f1de3cd
DELL,0x0000000000000000000000000000000014eaef73a2c44d62b7952cfd0a44ff51,0x941ae714ec6d8130c7b75d67160ca08f1e7d11dd,USDG,0x5fc5360d0400a0fd4f2af552add042d716f1d168,uniswap,v4,0xdd3449795c22490d53cfc2f8363db6fb304d46aa27ac89e4422fe72b46f2ef81,POOL_ID_BYTES32,THIRD_PARTY_DISCOVERY_ONLY,324.55,3.09,https://dexscreener.com/robinhood/0xdd3449795c22490d53cfc2f8363db6fb304d46aa27ac89e4422fe72b46f2ef81
ELF,0x000000000000000000000000000000004ed544ce43734899971a27f98af8972e,0x39ec44bee4f6a116c6f9b8de566848a985c53c60,USDG,0x5fc5360d0400a0fd4f2af552add042d716f1d168,uniswap,v4,0x0500d5f88ca1785f3ac959761f92ffa8b09f96f27432cf8ef95213450722beed,POOL_ID_BYTES32,THIRD_PARTY_DISCOVERY_ONLY,3483.11,55.74,https://dexscreener.com/robinhood/0x0500d5f88ca1785f3ac959761f92ffa8b09f96f27432cf8ef95213450722beed
ELF,0x000000000000000000000000000000004ed544ce43734899971a27f98af8972e,0x39ec44bee4f6a116c6f9b8de566848a985c53c60,USDG,0x5fc5360d0400a0fd4f2af552add042d716f1d168,uniswap,v4,0x39702999f3c938659614742ee50f19210fa423d75ea5badd6ee02269e91e62cb,POOL_ID_BYTES32,THIRD_PARTY_DISCOVERY_ONLY,966.88,626.75,https://dexscreener.com/robinhood/0x39702999f3c938659614742ee50f19210fa423d75ea5badd6ee02269e91e62cb
ELF,0x000000000000000000000000000000004ed544ce43734899971a27f98af8972e,0x39ec44bee4f6a116c6f9b8de566848a985c53c60,USDG,0x5fc5360d0400a0fd4f2af552add042d716f1d168,uniswap,v4,0x3c2bdae2a2ca35b1a730afafcc0c8a42c2094d1519abcb1c00bd1eb4394d25eb,POOL_ID_BYTES32,THIRD_PARTY_DISCOVERY_ONLY,669.75,26.64,https://dexscreener.com/robinhood/0x3c2bdae2a2ca35b1a730afafcc0c8a42c2094d1519abcb1c00bd1eb4394d25eb
ELF,0x000000000000000000000000000000004ed544ce43734899971a27f98af8972e,0x39ec44bee4f6a116c6f9b8de566848a985c53c60,USDG,0x5fc5360d0400a0fd4f2af552add042d716f1d168,uniswap,v4,0x4ba1f9536f7bf5e761786111675eefd23d81f8b61b8380a9ae4d86204e9b27a4,POOL_ID_BYTES32,THIRD_PARTY_DISCOVERY_ONLY,1248.79,393.72,https://dexscreener.com/robinhood/0x4ba1f9536f7bf5e761786111675eefd23d81f8b61b8380a9ae4d86204e9b27a4
ELF,0x000000000000000000000000000000004ed544ce43734899971a27f98af8972e,0x39ec44bee4f6a116c6f9b8de566848a985c53c60,ETH,0x0000000000000000000000000000000000000000,uniswap,v4,0x83bec75589ef86f282ae99afe088914e18ffc0f8d82c7d5d11a58795a9602019,POOL_ID_BYTES32,THIRD_PARTY_DISCOVERY_ONLY,470.47,46.09,https://dexscreener.com/robinhood/0x83bec75589ef86f282ae99afe088914e18ffc0f8d82c7d5d11a58795a9602019
ELF,0x000000000000000000000000000000004ed544ce43734899971a27f98af8972e,0x39ec44bee4f6a116c6f9b8de566848a985c53c60,USDG,0x5fc5360d0400a0fd4f2af552add042d716f1d168,uniswap,v4,0x8fe2ee8642b29cc354ca33128901b8b93d281aebbd5153d837b47feefdfac04f,POOL_ID_BYTES32,THIRD_PARTY_DISCOVERY_ONLY,1511.19,2722.3,https://dexscreener.com/robinhood/0x8fe2ee8642b29cc354ca33128901b8b93d281aebbd5153d837b47feefdfac04f
ELF,0x000000000000000000000000000000004ed544ce43734899971a27f98af8972e,0x39ec44bee4f6a116c6f9b8de566848a985c53c60,USDG,0x5fc5360d0400a0fd4f2af552add042d716f1d168,uniswap,v4,0xab8f8dbf8ee320db5cdc8557da661a319d7c91bcf0dd1208413224aed8539dbf,POOL_ID_BYTES32,THIRD_PARTY_DISCOVERY_ONLY,2475.03,1104.31,https://dexscreener.com/robinhood/0xab8f8dbf8ee320db5cdc8557da661a319d7c91bcf0dd1208413224aed8539dbf
ELF,0x000000000000000000000000000000004ed544ce43734899971a27f98af8972e,0x39ec44bee4f6a116c6f9b8de566848a985c53c60,ETH,0x0000000000000000000000000000000000000000,uniswap,v4,0xc9a5ab2715948a179c6b708b9579fbdeb4ef4bce44210b77646be2600081d206,POOL_ID_BYTES32,THIRD_PARTY_DISCOVERY_ONLY,3504.76,1160.16,https://dexscreener.com/robinhood/0xc9a5ab2715948a179c6b708b9579fbdeb4ef4bce44210b77646be2600081d206
ELF,0x000000000000000000000000000000004ed544ce43734899971a27f98af8972e,0x39ec44bee4f6a116c6f9b8de566848a985c53c60,ETH,0x0000000000000000000000000000000000000000,uniswap,v4,0xe19e795a74f18af2952805473ae75c5dd1c841111b52589b288547e9ad13df11,POOL_ID_BYTES32,THIRD_PARTY_DISCOVERY_ONLY,2441.2,303.76,https://dexscreener.com/robinhood/0xe19e795a74f18af2952805473ae75c5dd1c841111b52589b288547e9ad13df11
ELF,0x000000000000000000000000000000004ed544ce43734899971a27f98af8972e,0x39ec44bee4f6a116c6f9b8de566848a985c53c60,USDG,0x5fc5360d0400a0fd4f2af552add042d716f1d168,uniswap,v4,0xe5cd41620bc2b9371e481e808f509af3305b65fcfd3b5a55bd7da2f2fa7b3b93,POOL_ID_BYTES32,THIRD_PARTY_DISCOVERY_ONLY,22569.24,48448.69,https://dexscreener.com/robinhood/0xe5cd41620bc2b9371e481e808f509af3305b65fcfd3b5a55bd7da2f2fa7b3b93
ELF,0x000000000000000000000000000000004ed544ce43734899971a27f98af8972e,0x39ec44bee4f6a116c6f9b8de566848a985c53c60,ETH,0x0000000000000000000000000000000000000000,uniswap,v4,0xf1cc7135e2d1dccfe97ed9f7bcf23cef516a143074fd487f758ee09ec7544b6c,POOL_ID_BYTES32,THIRD_PARTY_DISCOVERY_ONLY,543.99,21,https://dexscreener.com/robinhood/0xf1cc7135e2d1dccfe97ed9f7bcf23cef516a143074fd487f758ee09ec7544b6c
ELF,0x000000000000000000000000000000004ed544ce43734899971a27f98af8972e,0x39ec44bee4f6a116c6f9b8de566848a985c53c60,ETH,0x0000000000000000000000000000000000000000,uniswap,v4,0xfcdbda4d9c7e1308d143e1faaeb90b8fd3b2453d4a542038d61b45ee55778295,POOL_ID_BYTES32,THIRD_PARTY_DISCOVERY_ONLY,10022.61,4655.79,https://dexscreener.com/robinhood/0xfcdbda4d9c7e1308d143e1faaeb90b8fd3b2453d4a542038d61b45ee55778295
EWY,0x000000000000000000000000000000008a8710f26e424b2dbc1f6b5de9f267b8,0x7f0abef0c07280f82c6a08ead09ded6bae2c13fc,USDG,0x5fc5360d0400a0fd4f2af552add042d716f1d168,uniswap,v4,0x14b0ef9a2453117e2ed17a37cd834d9ea43aaee9083dae15ff9f5c2ae2d7faa0,POOL_ID_BYTES32,THIRD_PARTY_DISCOVERY_ONLY,3294.42,5752.75,https://dexscreener.com/robinhood/0x14b0ef9a2453117e2ed17a37cd834d9ea43aaee9083dae15ff9f5c2ae2d7faa0
EWY,0x000000000000000000000000000000008a8710f26e424b2dbc1f6b5de9f267b8,0x7f0abef0c07280f82c6a08ead09ded6bae2c13fc,USDG,0x5fc5360d0400a0fd4f2af552add042d716f1d168,uniswap,v4,0x4413d66213c344150ef54204b959d287d03f1ef4a04e7200eb22dd0fd456163f,POOL_ID_BYTES32,THIRD_PARTY_DISCOVERY_ONLY,512.45,353.51,https://dexscreener.com/robinhood/0x4413d66213c344150ef54204b959d287d03f1ef4a04e7200eb22dd0fd456163f
EWY,0x000000000000000000000000000000008a8710f26e424b2dbc1f6b5de9f267b8,0x7f0abef0c07280f82c6a08ead09ded6bae2c13fc,ETH,0x0000000000000000000000000000000000000000,uniswap,v4,0x51571b7c815b3e54d25add1018d72150fd5c9f311cf1576531e8782bdfa7cee1,POOL_ID_BYTES32,THIRD_PARTY_DISCOVERY_ONLY,2777.12,3607.47,https://dexscreener.com/robinhood/0x51571b7c815b3e54d25add1018d72150fd5c9f311cf1576531e8782bdfa7cee1
EWY,0x000000000000000000000000000000008a8710f26e424b2dbc1f6b5de9f267b8,0x7f0abef0c07280f82c6a08ead09ded6bae2c13fc,USDG,0x5fc5360d0400a0fd4f2af552add042d716f1d168,uniswap,v4,0x65a54fd49709861c2f3746902ff0ec760ea4b9f3ea12b3c41dfeaae5dc94b518,POOL_ID_BYTES32,THIRD_PARTY_DISCOVERY_ONLY,274.86,60.95,https://dexscreener.com/robinhood/0x65a54fd49709861c2f3746902ff0ec760ea4b9f3ea12b3c41dfeaae5dc94b518
EWY,0x000000000000000000000000000000008a8710f26e424b2dbc1f6b5de9f267b8,0x7f0abef0c07280f82c6a08ead09ded6bae2c13fc,USDG,0x5fc5360d0400a0fd4f2af552add042d716f1d168,uniswap,v4,0x7e14e492e9a6d41e9134bb28e8c38a627a9aa41a9f24722c44a681aef9c4dcf3,POOL_ID_BYTES32,THIRD_PARTY_DISCOVERY_ONLY,3067.6,1.17,https://dexscreener.com/robinhood/0x7e14e492e9a6d41e9134bb28e8c38a627a9aa41a9f24722c44a681aef9c4dcf3
EWY,0x000000000000000000000000000000008a8710f26e424b2dbc1f6b5de9f267b8,0x7f0abef0c07280f82c6a08ead09ded6bae2c13fc,USDG,0x5fc5360d0400a0fd4f2af552add042d716f1d168,uniswap,v4,0xaac10c49a6386a702427c6cd4f378706ade03c53267080712f9e5d2fc496b61a,POOL_ID_BYTES32,THIRD_PARTY_DISCOVERY_ONLY,21801.19,21441.65,https://dexscreener.com/robinhood/0xaac10c49a6386a702427c6cd4f378706ade03c53267080712f9e5d2fc496b61a
EWY,0x000000000000000000000000000000008a8710f26e424b2dbc1f6b5de9f267b8,0x7f0abef0c07280f82c6a08ead09ded6bae2c13fc,USDG,0x5fc5360d0400a0fd4f2af552add042d716f1d168,uniswap,v4,0xcb7b0d19996eb359e1a93629bdcfa93d355f06d8d1e64be5ac2a538292f907c1,POOL_ID_BYTES32,THIRD_PARTY_DISCOVERY_ONLY,998.86,233.56,https://dexscreener.com/robinhood/0xcb7b0d19996eb359e1a93629bdcfa93d355f06d8d1e64be5ac2a538292f907c1
EWY,0x000000000000000000000000000000008a8710f26e424b2dbc1f6b5de9f267b8,0x7f0abef0c07280f82c6a08ead09ded6bae2c13fc,USDG,0x5fc5360d0400a0fd4f2af552add042d716f1d168,uniswap,v4,0xcec267efadcfaebdbf24415ab1e9fad5889baea07427ed5817eb215614161297,POOL_ID_BYTES32,THIRD_PARTY_DISCOVERY_ONLY,517.19,635.29,https://dexscreener.com/robinhood/0xcec267efadcfaebdbf24415ab1e9fad5889baea07427ed5817eb215614161297
F,0x00000000000000000000000000000000952cedaaab6e4593b884e68a4efbf481,0x25c288e6d899b9bc30160965ad9644c67e73be0c,USDG,0x5fc5360d0400a0fd4f2af552add042d716f1d168,uniswap,v3,0x01948e834623aa859ffdc0d299dd15e7c9d7486f,CONTRACT_ADDRESS,MATCHED_CANONICAL_UNISWAP_FACTORY_RESULT,16867.11,15966.97,https://dexscreener.com/robinhood/0x01948e834623aa859ffdc0d299dd15e7c9d7486f
F,0x00000000000000000000000000000000952cedaaab6e4593b884e68a4efbf481,0x25c288e6d899b9bc30160965ad9644c67e73be0c,ETH,0x0000000000000000000000000000000000000000,uniswap,v4,0x32940ac77bb529ec75599c0794f4b89185d1c44644a8e75aaed173672ab3ca09,POOL_ID_BYTES32,THIRD_PARTY_DISCOVERY_ONLY,3017.77,41.97,https://dexscreener.com/robinhood/0x32940ac77bb529ec75599c0794f4b89185d1c44644a8e75aaed173672ab3ca09
F,0x00000000000000000000000000000000952cedaaab6e4593b884e68a4efbf481,0x25c288e6d899b9bc30160965ad9644c67e73be0c,USDG,0x5fc5360d0400a0fd4f2af552add042d716f1d168,uniswap,v4,0x474f3efdf9e7e7111737893d84a4e41ad49265e68753dd0b25fb1329ae8c105d,POOL_ID_BYTES32,THIRD_PARTY_DISCOVERY_ONLY,46131.69,214297.47,https://dexscreener.com/robinhood/0x474f3efdf9e7e7111737893d84a4e41ad49265e68753dd0b25fb1329ae8c105d
F,0x00000000000000000000000000000000952cedaaab6e4593b884e68a4efbf481,0x25c288e6d899b9bc30160965ad9644c67e73be0c,USDG,0x5fc5360d0400a0fd4f2af552add042d716f1d168,uniswap,v4,0x85af2348182bdceb91fa74a2f606ad56d835a04135023a38db85cdee017686ca,POOL_ID_BYTES32,THIRD_PARTY_DISCOVERY_ONLY,519.43,8.67,https://dexscreener.com/robinhood/0x85af2348182bdceb91fa74a2f606ad56d835a04135023a38db85cdee017686ca
F,0x00000000000000000000000000000000952cedaaab6e4593b884e68a4efbf481,0x25c288e6d899b9bc30160965ad9644c67e73be0c,USDG,0x5fc5360d0400a0fd4f2af552add042d716f1d168,uniswap,v4,0xbbe8f96e72a48a29e74d69a0372fac7b3460828542cba220988163fe56c528cc,POOL_ID_BYTES32,THIRD_PARTY_DISCOVERY_ONLY,,6537.55,https://dexscreener.com/robinhood/0xbbe8f96e72a48a29e74d69a0372fac7b3460828542cba220988163fe56c528cc
F,0x00000000000000000000000000000000952cedaaab6e4593b884e68a4efbf481,0x25c288e6d899b9bc30160965ad9644c67e73be0c,ETH,0x0000000000000000000000000000000000000000,uniswap,v4,0xdc95cbbc9a4cdd41d2585a76a302488ea9f1b04182c0f6fafc6f14b1b503d81a,POOL_ID_BYTES32,THIRD_PARTY_DISCOVERY_ONLY,19712.13,1503.53,https://dexscreener.com/robinhood/0xdc95cbbc9a4cdd41d2585a76a302488ea9f1b04182c0f6fafc6f14b1b503d81a
F,0x00000000000000000000000000000000952cedaaab6e4593b884e68a4efbf481,0x25c288e6d899b9bc30160965ad9644c67e73be0c,ETH,0x0000000000000000000000000000000000000000,uniswap,v4,0xe92869937f9d9d81a5d5561324c9f41a765bea5c51da0d3ed1e11e2c584000a1,POOL_ID_BYTES32,THIRD_PARTY_DISCOVERY_ONLY,3784.6,47.36,https://dexscreener.com/robinhood/0xe92869937f9d9d81a5d5561324c9f41a765bea5c51da0d3ed1e11e2c584000a1
F,0x00000000000000000000000000000000952cedaaab6e4593b884e68a4efbf481,0x25c288e6d899b9bc30160965ad9644c67e73be0c,USDG,0x5fc5360d0400a0fd4f2af552add042d716f1d168,uniswap,v4,0xfa4cec76fbbeaaa09beb4fb88b2ab2d97a8fe400eec1f12f93b2517293e902a0,POOL_ID_BYTES32,THIRD_PARTY_DISCOVERY_ONLY,33576.66,619.19,https://dexscreener.com/robinhood/0xfa4cec76fbbeaaa09beb4fb88b2ab2d97a8fe400eec1f12f93b2517293e902a0
FICO,0x0000000000000000000000000000000021d840250ab344d198503610448348fe,0xa48f22a46c0f1c46ca7d111cb6c137c271987180,USDG,0x5fc5360d0400a0fd4f2af552add042d716f1d168,uniswap,v4,0x0021ada15e38e9845147b83aa52c3da94bfb02b07353e393a5c6f86bdf50d7b5,POOL_ID_BYTES32,THIRD_PARTY_DISCOVERY_ONLY,980.93,267.02,https://dexscreener.com/robinhood/0x0021ada15e38e9845147b83aa52c3da94bfb02b07353e393a5c6f86bdf50d7b5
FICO,0x0000000000000000000000000000000021d840250ab344d198503610448348fe,0xa48f22a46c0f1c46ca7d111cb6c137c271987180,USDG,0x5fc5360d0400a0fd4f2af552add042d716f1d168,uniswap,v4,0x417c991347ad1f02f48a8e14e1628404a25e4deb700028274947c9d3b3a56d32,POOL_ID_BYTES32,THIRD_PARTY_DISCOVERY_ONLY,1457.67,102.01,https://dexscreener.com/robinhood/0x417c991347ad1f02f48a8e14e1628404a25e4deb700028274947c9d3b3a56d32
FICO,0x0000000000000000000000000000000021d840250ab344d198503610448348fe,0xa48f22a46c0f1c46ca7d111cb6c137c271987180,ETH,0x0000000000000000000000000000000000000000,uniswap,v4,0x4ccc97f2ae03e4198b4d71e4bb6572ca097798b52ab7b2454e9ad65e67810472,POOL_ID_BYTES32,THIRD_PARTY_DISCOVERY_ONLY,420.72,36.44,https://dexscreener.com/robinhood/0x4ccc97f2ae03e4198b4d71e4bb6572ca097798b52ab7b2454e9ad65e67810472
FICO,0x0000000000000000000000000000000021d840250ab344d198503610448348fe,0xa48f22a46c0f1c46ca7d111cb6c137c271987180,USDG,0x5fc5360d0400a0fd4f2af552add042d716f1d168,uniswap,v4,0x67ca8ae1d385087afe56f17eca9a8cfda72a35c13af2cebab172e733abf03f53,POOL_ID_BYTES32,THIRD_PARTY_DISCOVERY_ONLY,3006.91,747.65,https://dexscreener.com/robinhood/0x67ca8ae1d385087afe56f17eca9a8cfda72a35c13af2cebab172e733abf03f53
FICO,0x0000000000000000000000000000000021d840250ab344d198503610448348fe,0xa48f22a46c0f1c46ca7d111cb6c137c271987180,ETH,0x0000000000000000000000000000000000000000,uniswap,v4,0x6a74f24955161bc7ab943fb6ad63720a837e598311d274cab3b56950592cd1f8,POOL_ID_BYTES32,THIRD_PARTY_DISCOVERY_ONLY,16846.56,1464.5,https://dexscreener.com/robinhood/0x6a74f24955161bc7ab943fb6ad63720a837e598311d274cab3b56950592cd1f8
FICO,0x0000000000000000000000000000000021d840250ab344d198503610448348fe,0xa48f22a46c0f1c46ca7d111cb6c137c271987180,USDG,0x5fc5360d0400a0fd4f2af552add042d716f1d168,uniswap,v4,0x724d97dd7d10f29c2a332ee12bf82989fd96d7016f16f6967559e3f3295c4e2f,POOL_ID_BYTES32,THIRD_PARTY_DISCOVERY_ONLY,8142.06,53.29,https://dexscreener.com/robinhood/0x724d97dd7d10f29c2a332ee12bf82989fd96d7016f16f6967559e3f3295c4e2f
FICO,0x0000000000000000000000000000000021d840250ab344d198503610448348fe,0xa48f22a46c0f1c46ca7d111cb6c137c271987180,USDG,0x5fc5360d0400a0fd4f2af552add042d716f1d168,uniswap,v4,0x81b35ec66994d6cad4590b711ac22d2ac0873fb9d52238e3cc4b74dfac285594,POOL_ID_BYTES32,THIRD_PARTY_DISCOVERY_ONLY,3403.32,293.6,https://dexscreener.com/robinhood/0x81b35ec66994d6cad4590b711ac22d2ac0873fb9d52238e3cc4b74dfac285594
FICO,0x0000000000000000000000000000000021d840250ab344d198503610448348fe,0xa48f22a46c0f1c46ca7d111cb6c137c271987180,ETH,0x0000000000000000000000000000000000000000,uniswap,v4,0xa96d3defca1f38296f2e3b3dc960a0fa097876924ce3185c4f67e4db9d88c363,POOL_ID_BYTES32,THIRD_PARTY_DISCOVERY_ONLY,,105.4,https://dexscreener.com/robinhood/0xa96d3defca1f38296f2e3b3dc960a0fa097876924ce3185c4f67e4db9d88c363
FICO,0x0000000000000000000000000000000021d840250ab344d198503610448348fe,0xa48f22a46c0f1c46ca7d111cb6c137c271987180,ETH,0x0000000000000000000000000000000000000000,uniswap,v4,0xb575a10df662a9839b132e5f3eca8e35831bdae247f0a0940e52118d03dbb810,POOL_ID_BYTES32,THIRD_PARTY_DISCOVERY_ONLY,2081.02,388.97,https://dexscreener.com/robinhood/0xb575a10df662a9839b132e5f3eca8e35831bdae247f0a0940e52118d03dbb810
FIG,0x000000000000000000000000000000008616857c3143457db8534cc7ccac1420,0x41f4267525a8aff329540ef24fd83d9044758b33,USDG,0x5fc5360d0400a0fd4f2af552add042d716f1d168,uniswap,v3,0xca5904c0a9d42f0ec1bf760fdf779907877144fd,CONTRACT_ADDRESS,MATCHED_CANONICAL_UNISWAP_FACTORY_RESULT,48480.9,1739807.79,https://dexscreener.com/robinhood/0xca5904c0a9d42f0ec1bf760fdf779907877144fd
FIG,0x000000000000000000000000000000008616857c3143457db8534cc7ccac1420,0x41f4267525a8aff329540ef24fd83d9044758b33,USDG,0x5fc5360d0400a0fd4f2af552add042d716f1d168,uniswap,v4,0x2f9639ea729184989bb7e5c16d0225757f3e92a38f6acae77a4755d8a40e6e2b,POOL_ID_BYTES32,THIRD_PARTY_DISCOVERY_ONLY,425.56,16.71,https://dexscreener.com/robinhood/0x2f9639ea729184989bb7e5c16d0225757f3e92a38f6acae77a4755d8a40e6e2b
FIG,0x000000000000000000000000000000008616857c3143457db8534cc7ccac1420,0x41f4267525a8aff329540ef24fd83d9044758b33,ETH,0x0000000000000000000000000000000000000000,uniswap,v4,0x58b2c62eec51d32d6c195c305d38692c28218f195144a24f7b511379950f83a6,POOL_ID_BYTES32,THIRD_PARTY_DISCOVERY_ONLY,5380.79,951.57,https://dexscreener.com/robinhood/0x58b2c62eec51d32d6c195c305d38692c28218f195144a24f7b511379950f83a6
FIG,0x000000000000000000000000000000008616857c3143457db8534cc7ccac1420,0x41f4267525a8aff329540ef24fd83d9044758b33,USDG,0x5fc5360d0400a0fd4f2af552add042d716f1d168,uniswap,v4,0x8d7e57e6fca7c6ed5744549b19f35be72c8004ab6b3d12c9dd972e31994c4ba1,POOL_ID_BYTES32,THIRD_PARTY_DISCOVERY_ONLY,69061.93,958419.15,https://dexscreener.com/robinhood/0x8d7e57e6fca7c6ed5744549b19f35be72c8004ab6b3d12c9dd972e31994c4ba1
FIG,0x000000000000000000000000000000008616857c3143457db8534cc7ccac1420,0x41f4267525a8aff329540ef24fd83d9044758b33,ETH,0x0000000000000000000000000000000000000000,uniswap,v4,0x8e1295daed6f93ec4badfa2fe055e8275719ffa60998c2ca425b8d585ba27b84,POOL_ID_BYTES32,THIRD_PARTY_DISCOVERY_ONLY,2062.1,31.27,https://dexscreener.com/robinhood/0x8e1295daed6f93ec4badfa2fe055e8275719ffa60998c2ca425b8d585ba27b84
FIG,0x000000000000000000000000000000008616857c3143457db8534cc7ccac1420,0x41f4267525a8aff329540ef24fd83d9044758b33,USDG,0x5fc5360d0400a0fd4f2af552add042d716f1d168,uniswap,v4,0x93411143ae62b67e1ae25ffea88d6bf7f61c4d41fc8cdfd2fc7a028959cb303e,POOL_ID_BYTES32,THIRD_PARTY_DISCOVERY_ONLY,1947.4,368.96,https://dexscreener.com/robinhood/0x93411143ae62b67e1ae25ffea88d6bf7f61c4d41fc8cdfd2fc7a028959cb303e
FIG,0x000000000000000000000000000000008616857c3143457db8534cc7ccac1420,0x41f4267525a8aff329540ef24fd83d9044758b33,ETH,0x0000000000000000000000000000000000000000,uniswap,v4,0xa492ab40246cb07be4800e1b37de1308681d38bbd98afcb1196f07f815cce0a7,POOL_ID_BYTES32,THIRD_PARTY_DISCOVERY_ONLY,33307.88,5776.48,https://dexscreener.com/robinhood/0xa492ab40246cb07be4800e1b37de1308681d38bbd98afcb1196f07f815cce0a7
FIG,0x000000000000000000000000000000008616857c3143457db8534cc7ccac1420,0x41f4267525a8aff329540ef24fd83d9044758b33,ETH,0x0000000000000000000000000000000000000000,uniswap,v4,0xacb7cdc27f439a520d442614f34f41d39eeab5d295f8f1c1171a9bfac29066f0,POOL_ID_BYTES32,THIRD_PARTY_DISCOVERY_ONLY,1854.42,94.59,https://dexscreener.com/robinhood/0xacb7cdc27f439a520d442614f34f41d39eeab5d295f8f1c1171a9bfac29066f0
FIG,0x000000000000000000000000000000008616857c3143457db8534cc7ccac1420,0x41f4267525a8aff329540ef24fd83d9044758b33,USDG,0x5fc5360d0400a0fd4f2af552add042d716f1d168,uniswap,v4,0xaee7f2e61946d4e2a096f44dc686c5b6ba8b2ce0857fa167f2e95c3d2eeb62b8,POOL_ID_BYTES32,THIRD_PARTY_DISCOVERY_ONLY,51237.15,423812.37,https://dexscreener.com/robinhood/0xaee7f2e61946d4e2a096f44dc686c5b6ba8b2ce0857fa167f2e95c3d2eeb62b8
FIG,0x000000000000000000000000000000008616857c3143457db8534cc7ccac1420,0x41f4267525a8aff329540ef24fd83d9044758b33,USDG,0x5fc5360d0400a0fd4f2af552add042d716f1d168,uniswap,v4,0xaf27a553752048ba61dabfa8f197d725460d6dbd6433a61ad94e19b592c7f0ce,POOL_ID_BYTES32,THIRD_PARTY_DISCOVERY_ONLY,17968.86,670016.14,https://dexscreener.com/robinhood/0xaf27a553752048ba61dabfa8f197d725460d6dbd6433a61ad94e19b592c7f0ce
FIG,0x000000000000000000000000000000008616857c3143457db8534cc7ccac1420,0x41f4267525a8aff329540ef24fd83d9044758b33,USDG,0x5fc5360d0400a0fd4f2af552add042d716f1d168,uniswap,v4,0xb1504248cbaa71d6b8c4547db5f5f8347e6a54ad8a286ea553384f113e3ab8a1,POOL_ID_BYTES32,THIRD_PARTY_DISCOVERY_ONLY,359.48,483.26,https://dexscreener.com/robinhood/0xb1504248cbaa71d6b8c4547db5f5f8347e6a54ad8a286ea553384f113e3ab8a1
FIG,0x000000000000000000000000000000008616857c3143457db8534cc7ccac1420,0x41f4267525a8aff329540ef24fd83d9044758b33,ETH,0x0000000000000000000000000000000000000000,uniswap,v4,0xd2bea0e85b07204852cd3bf576e4637f2563c5b59737b104a136f83972ea4566,POOL_ID_BYTES32,THIRD_PARTY_DISCOVERY_ONLY,94.65,40.8,https://dexscreener.com/robinhood/0xd2bea0e85b07204852cd3bf576e4637f2563c5b59737b104a136f83972ea4566
FIG,0x000000000000000000000000000000008616857c3143457db8534cc7ccac1420,0x41f4267525a8aff329540ef24fd83d9044758b33,USDG,0x5fc5360d0400a0fd4f2af552add042d716f1d168,uniswap,v4,0xed44fb99d68cda71f95197bcd893ce4b4dbcc6e328e5c8b575b9eea9ca3f33f2,POOL_ID_BYTES32,THIRD_PARTY_DISCOVERY_ONLY,4897.82,168606.88,https://dexscreener.com/robinhood/0xed44fb99d68cda71f95197bcd893ce4b4dbcc6e328e5c8b575b9eea9ca3f33f2
FISV,0x0000000000000000000000000000000053906f8ddb574007aea297c4467f567b,0x9ece29a4a2397c0a35fb5fa8ee2b9509130a98cc,ETH,0x0000000000000000000000000000000000000000,uniswap,v4,0x3e952ff87f2d3aefbbb92ac9d1ccfa1a444b4c891945ee076f762ae701a11161,POOL_ID_BYTES32,THIRD_PARTY_DISCOVERY_ONLY,4736.3,232,https://dexscreener.com/robinhood/0x3e952ff87f2d3aefbbb92ac9d1ccfa1a444b4c891945ee076f762ae701a11161
FISV,0x0000000000000000000000000000000053906f8ddb574007aea297c4467f567b,0x9ece29a4a2397c0a35fb5fa8ee2b9509130a98cc,ETH,0x0000000000000000000000000000000000000000,uniswap,v4,0x4dee0090585a0a848b84de37eaaefca5cf92a5f48aaf517625033c888526e7b1,POOL_ID_BYTES32,THIRD_PARTY_DISCOVERY_ONLY,2127.18,85.62,https://dexscreener.com/robinhood/0x4dee0090585a0a848b84de37eaaefca5cf92a5f48aaf517625033c888526e7b1
FISV,0x0000000000000000000000000000000053906f8ddb574007aea297c4467f567b,0x9ece29a4a2397c0a35fb5fa8ee2b9509130a98cc,ETH,0x0000000000000000000000000000000000000000,uniswap,v4,0x81718ef0db7caab990a83f93498bea34df57578b8737f2c1a6381007efc88e97,POOL_ID_BYTES32,THIRD_PARTY_DISCOVERY_ONLY,528.35,21.99,https://dexscreener.com/robinhood/0x81718ef0db7caab990a83f93498bea34df57578b8737f2c1a6381007efc88e97
FISV,0x0000000000000000000000000000000053906f8ddb574007aea297c4467f567b,0x9ece29a4a2397c0a35fb5fa8ee2b9509130a98cc,USDG,0x5fc5360d0400a0fd4f2af552add042d716f1d168,uniswap,v4,0x9a4d2cb7c220f88e9db1111aab10fb1928a937d8b21f3e240a13857cecfd77ab,POOL_ID_BYTES32,THIRD_PARTY_DISCOVERY_ONLY,439.45,28.21,https://dexscreener.com/robinhood/0x9a4d2cb7c220f88e9db1111aab10fb1928a937d8b21f3e240a13857cecfd77ab
FISV,0x0000000000000000000000000000000053906f8ddb574007aea297c4467f567b,0x9ece29a4a2397c0a35fb5fa8ee2b9509130a98cc,USDG,0x5fc5360d0400a0fd4f2af552add042d716f1d168,uniswap,v4,0xaff1bc54aa9c2ce25d2cfae72d117c1bca0b754d7258824e6387f8ac3159595d,POOL_ID_BYTES32,THIRD_PARTY_DISCOVERY_ONLY,998.46,22.19,https://dexscreener.com/robinhood/0xaff1bc54aa9c2ce25d2cfae72d117c1bca0b754d7258824e6387f8ac3159595d
FISV,0x0000000000000000000000000000000053906f8ddb574007aea297c4467f567b,0x9ece29a4a2397c0a35fb5fa8ee2b9509130a98cc,ETH,0x0000000000000000000000000000000000000000,uniswap,v4,0xe987cc75b1aeba57aa7a92616319ea551c34302131978d4602a85df1e4367d97,POOL_ID_BYTES32,THIRD_PARTY_DISCOVERY_ONLY,4184.5,90.38,https://dexscreener.com/robinhood/0xe987cc75b1aeba57aa7a92616319ea551c34302131978d4602a85df1e4367d97
FISV,0x0000000000000000000000000000000053906f8ddb574007aea297c4467f567b,0x9ece29a4a2397c0a35fb5fa8ee2b9509130a98cc,ETH,0x0000000000000000000000000000000000000000,uniswap,v4,0xf5634d8c996cb63836a91c9fcbc18171ae9bb2d98a4c4e627aa96aab9b63d5b1,POOL_ID_BYTES32,THIRD_PARTY_DISCOVERY_ONLY,7643.26,158.55,https://dexscreener.com/robinhood/0xf5634d8c996cb63836a91c9fcbc18171ae9bb2d98a4c4e627aa96aab9b63d5b1
FIX,0x000000000000000000000000000000000ca816dd2ffb4c279c52c5fa87bd431e,0x93dbb1d2dc5d63f4abacff30485273f538df68ac,ETH,0x0000000000000000000000000000000000000000,uniswap,v4,0x11808a42a4444c82456f8a7f4c0603c56f25e59d86e341b5d2a90fd946dd0945,POOL_ID_BYTES32,THIRD_PARTY_DISCOVERY_ONLY,2432.24,3960.3,https://dexscreener.com/robinhood/0x11808a42a4444c82456f8a7f4c0603c56f25e59d86e341b5d2a90fd946dd0945
FIX,0x000000000000000000000000000000000ca816dd2ffb4c279c52c5fa87bd431e,0x93dbb1d2dc5d63f4abacff30485273f538df68ac,ETH,0x0000000000000000000000000000000000000000,uniswap,v4,0x309b026f0aacdd8ad3494e555d2c5b02a561d8c98c141e84d1c86a1705dc895a,POOL_ID_BYTES32,THIRD_PARTY_DISCOVERY_ONLY,1708.19,3194.96,https://dexscreener.com/robinhood/0x309b026f0aacdd8ad3494e555d2c5b02a561d8c98c141e84d1c86a1705dc895a
FIX,0x000000000000000000000000000000000ca816dd2ffb4c279c52c5fa87bd431e,0x93dbb1d2dc5d63f4abacff30485273f538df68ac,ETH,0x0000000000000000000000000000000000000000,uniswap,v4,0x30f976a196f1349c2e2984d01fbfd6fcf695766a0c423f09ea7cb41c8cb5dec7,POOL_ID_BYTES32,THIRD_PARTY_DISCOVERY_ONLY,9275.05,46040.31,https://dexscreener.com/robinhood/0x30f976a196f1349c2e2984d01fbfd6fcf695766a0c423f09ea7cb41c8cb5dec7
FIX,0x000000000000000000000000000000000ca816dd2ffb4c279c52c5fa87bd431e,0x93dbb1d2dc5d63f4abacff30485273f538df68ac,USDG,0x5fc5360d0400a0fd4f2af552add042d716f1d168,uniswap,v4,0x4b468a79ccca7b75948fb967e296cf7a5909f1974eb0a478226f664790df25ff,POOL_ID_BYTES32,THIRD_PARTY_DISCOVERY_ONLY,18289.48,108357.06,https://dexscreener.com/robinhood/0x4b468a79ccca7b75948fb967e296cf7a5909f1974eb0a478226f664790df25ff
FIX,0x000000000000000000000000000000000ca816dd2ffb4c279c52c5fa87bd431e,0x93dbb1d2dc5d63f4abacff30485273f538df68ac,USDG,0x5fc5360d0400a0fd4f2af552add042d716f1d168,uniswap,v4,0x4bc8ab4a490a2c5eec79a9a82ad2ae55dcb3b13cc5037a1a3a6a79bc0bf95887,POOL_ID_BYTES32,THIRD_PARTY_DISCOVERY_ONLY,974.92,1792.03,https://dexscreener.com/robinhood/0x4bc8ab4a490a2c5eec79a9a82ad2ae55dcb3b13cc5037a1a3a6a79bc0bf95887
FIX,0x000000000000000000000000000000000ca816dd2ffb4c279c52c5fa87bd431e,0x93dbb1d2dc5d63f4abacff30485273f538df68ac,USDG,0x5fc5360d0400a0fd4f2af552add042d716f1d168,uniswap,v4,0x4e06de76a6633e8a32a2f55db1e395b1ff4a70be1999cd52a5de1c4e47fd83ff,POOL_ID_BYTES32,THIRD_PARTY_DISCOVERY_ONLY,529.25,843.91,https://dexscreener.com/robinhood/0x4e06de76a6633e8a32a2f55db1e395b1ff4a70be1999cd52a5de1c4e47fd83ff
FIX,0x000000000000000000000000000000000ca816dd2ffb4c279c52c5fa87bd431e,0x93dbb1d2dc5d63f4abacff30485273f538df68ac,USDG,0x5fc5360d0400a0fd4f2af552add042d716f1d168,uniswap,v4,0x4fdf89b864a4b25f6b92bbd3e380a61a42c6087b485dde3249d99b6b953904ff,POOL_ID_BYTES32,THIRD_PARTY_DISCOVERY_ONLY,1154.7,2074.66,https://dexscreener.com/robinhood/0x4fdf89b864a4b25f6b92bbd3e380a61a42c6087b485dde3249d99b6b953904ff
FIX,0x000000000000000000000000000000000ca816dd2ffb4c279c52c5fa87bd431e,0x93dbb1d2dc5d63f4abacff30485273f538df68ac,ETH,0x0000000000000000000000000000000000000000,uniswap,v4,0x5612f754c3b2f8221780dd580002a4c53443687036786a0526250aa40dad0925,POOL_ID_BYTES32,THIRD_PARTY_DISCOVERY_ONLY,4458.6,16996.38,https://dexscreener.com/robinhood/0x5612f754c3b2f8221780dd580002a4c53443687036786a0526250aa40dad0925
FIX,0x000000000000000000000000000000000ca816dd2ffb4c279c52c5fa87bd431e,0x93dbb1d2dc5d63f4abacff30485273f538df68ac,USDG,0x5fc5360d0400a0fd4f2af552add042d716f1d168,uniswap,v4,0x6bcfffcbe8b1228ced047c2025dea680038b11ac8a5d22f44e8d40bee6aae094,POOL_ID_BYTES32,THIRD_PARTY_DISCOVERY_ONLY,976.39,1619.81,https://dexscreener.com/robinhood/0x6bcfffcbe8b1228ced047c2025dea680038b11ac8a5d22f44e8d40bee6aae094
FIX,0x000000000000000000000000000000000ca816dd2ffb4c279c52c5fa87bd431e,0x93dbb1d2dc5d63f4abacff30485273f538df68ac,USDG,0x5fc5360d0400a0fd4f2af552add042d716f1d168,uniswap,v4,0x6d5f93ec69f43dd6f6292ae757771d26f2c690d6167e5a4846260cfcba87eb65,POOL_ID_BYTES32,THIRD_PARTY_DISCOVERY_ONLY,268.78,320.28,https://dexscreener.com/robinhood/0x6d5f93ec69f43dd6f6292ae757771d26f2c690d6167e5a4846260cfcba87eb65
FIX,0x000000000000000000000000000000000ca816dd2ffb4c279c52c5fa87bd431e,0x93dbb1d2dc5d63f4abacff30485273f538df68ac,USDG,0x5fc5360d0400a0fd4f2af552add042d716f1d168,uniswap,v4,0x747a731b1ef419ce6006993cf907266a24069c81fb004ec78d2d17ba5863b724,POOL_ID_BYTES32,THIRD_PARTY_DISCOVERY_ONLY,22458.91,85841.49,https://dexscreener.com/robinhood/0x747a731b1ef419ce6006993cf907266a24069c81fb004ec78d2d17ba5863b724
FIX,0x000000000000000000000000000000000ca816dd2ffb4c279c52c5fa87bd431e,0x93dbb1d2dc5d63f4abacff30485273f538df68ac,ETH,0x0000000000000000000000000000000000000000,uniswap,v4,0x91e2c513bb3e4861a144ab32c6a71ca210ead71268e3f6fc9822b8f905d46318,POOL_ID_BYTES32,THIRD_PARTY_DISCOVERY_ONLY,679.25,832.19,https://dexscreener.com/robinhood/0x91e2c513bb3e4861a144ab32c6a71ca210ead71268e3f6fc9822b8f905d46318
FIX,0x000000000000000000000000000000000ca816dd2ffb4c279c52c5fa87bd431e,0x93dbb1d2dc5d63f4abacff30485273f538df68ac,USDG,0x5fc5360d0400a0fd4f2af552add042d716f1d168,uniswap,v4,0xaa992e21dde19fb3f56cbdfd7bd04b933a4387ba27b38fc28a060c9b2e649ac5,POOL_ID_BYTES32,THIRD_PARTY_DISCOVERY_ONLY,1436.36,4850.64,https://dexscreener.com/robinhood/0xaa992e21dde19fb3f56cbdfd7bd04b933a4387ba27b38fc28a060c9b2e649ac5
FIX,0x000000000000000000000000000000000ca816dd2ffb4c279c52c5fa87bd431e,0x93dbb1d2dc5d63f4abacff30485273f538df68ac,USDG,0x5fc5360d0400a0fd4f2af552add042d716f1d168,uniswap,v4,0xec8b851aa820ec2042eed028bc6ec906815d1c42afef8f0a91acb98d037036ca,POOL_ID_BYTES32,THIRD_PARTY_DISCOVERY_ONLY,1000.01,115.61,https://dexscreener.com/robinhood/0xec8b851aa820ec2042eed028bc6ec906815d1c42afef8f0a91acb98d037036ca
FLY,0x00000000000000000000000000000000450b2a4327ce4062b527224efc49589a,0x03bc731ffb162cdd7b98d3c6542bfc291126075d,USDG,0x5fc5360d0400a0fd4f2af552add042d716f1d168,uniswap,v4,0x0bbe1a64fd295d81c101c22a447078def21c74e2246ad426e5f1456d5e03bb82,POOL_ID_BYTES32,THIRD_PARTY_DISCOVERY_ONLY,1105.71,29.88,https://dexscreener.com/robinhood/0x0bbe1a64fd295d81c101c22a447078def21c74e2246ad426e5f1456d5e03bb82
FLY,0x00000000000000000000000000000000450b2a4327ce4062b527224efc49589a,0x03bc731ffb162cdd7b98d3c6542bfc291126075d,ETH,0x0000000000000000000000000000000000000000,uniswap,v4,0x1f8a1a288ebbc898f4114940c6a057b6d04ec6cceb8cccaf4e4c836519915f26,POOL_ID_BYTES32,THIRD_PARTY_DISCOVERY_ONLY,4201.18,113.43,https://dexscreener.com/robinhood/0x1f8a1a288ebbc898f4114940c6a057b6d04ec6cceb8cccaf4e4c836519915f26
FLY,0x00000000000000000000000000000000450b2a4327ce4062b527224efc49589a,0x03bc731ffb162cdd7b98d3c6542bfc291126075d,USDG,0x5fc5360d0400a0fd4f2af552add042d716f1d168,uniswap,v4,0x30fb258b7aa3d0d7e51ce038cd3229ab77222a3b2381d57f293f53ac3c169d7a,POOL_ID_BYTES32,THIRD_PARTY_DISCOVERY_ONLY,523.19,89.84,https://dexscreener.com/robinhood/0x30fb258b7aa3d0d7e51ce038cd3229ab77222a3b2381d57f293f53ac3c169d7a
FLY,0x00000000000000000000000000000000450b2a4327ce4062b527224efc49589a,0x03bc731ffb162cdd7b98d3c6542bfc291126075d,USDG,0x5fc5360d0400a0fd4f2af552add042d716f1d168,uniswap,v4,0x3df294178774cb86034f06ee170f61068ac77db3629e26940307779b7bbd67a7,POOL_ID_BYTES32,THIRD_PARTY_DISCOVERY_ONLY,32321.64,26366.05,https://dexscreener.com/robinhood/0x3df294178774cb86034f06ee170f61068ac77db3629e26940307779b7bbd67a7
FLY,0x00000000000000000000000000000000450b2a4327ce4062b527224efc49589a,0x03bc731ffb162cdd7b98d3c6542bfc291126075d,USDG,0x5fc5360d0400a0fd4f2af552add042d716f1d168,uniswap,v4,0x91bb35454a194876c2cbe2afb515a7fa2b5905c42904fd851afab0a54ffc763e,POOL_ID_BYTES32,THIRD_PARTY_DISCOVERY_ONLY,27964.55,2812.32,https://dexscreener.com/robinhood/0x91bb35454a194876c2cbe2afb515a7fa2b5905c42904fd851afab0a54ffc763e
FLY,0x00000000000000000000000000000000450b2a4327ce4062b527224efc49589a,0x03bc731ffb162cdd7b98d3c6542bfc291126075d,ETH,0x0000000000000000000000000000000000000000,uniswap,v4,0xd6eac3894922f93782a77e23c299523ee25ba5ff56a1fe1b1b908dad2f779b98,POOL_ID_BYTES32,THIRD_PARTY_DISCOVERY_ONLY,1996.56,0,https://dexscreener.com/robinhood/0xd6eac3894922f93782a77e23c299523ee25ba5ff56a1fe1b1b908dad2f779b98
FLY,0x00000000000000000000000000000000450b2a4327ce4062b527224efc49589a,0x03bc731ffb162cdd7b98d3c6542bfc291126075d,ETH,0x0000000000000000000000000000000000000000,uniswap,v4,0xdd822d2a705da7a45408dbf01255258567315c43eebd9c6d32164be6944c3e29,POOL_ID_BYTES32,THIRD_PARTY_DISCOVERY_ONLY,15184.05,3298.15,https://dexscreener.com/robinhood/0xdd822d2a705da7a45408dbf01255258567315c43eebd9c6d32164be6944c3e29
FLY,0x00000000000000000000000000000000450b2a4327ce4062b527224efc49589a,0x03bc731ffb162cdd7b98d3c6542bfc291126075d,USDG,0x5fc5360d0400a0fd4f2af552add042d716f1d168,uniswap,v4,0xee7e4d5cfd9dd8132db1c4b04eff4b95811ddbbf85f0911d9dab6a5459fd53bc,POOL_ID_BYTES32,THIRD_PARTY_DISCOVERY_ONLY,,21.61,https://dexscreener.com/robinhood/0xee7e4d5cfd9dd8132db1c4b04eff4b95811ddbbf85f0911d9dab6a5459fd53bc
FLY,0x00000000000000000000000000000000450b2a4327ce4062b527224efc49589a,0x03bc731ffb162cdd7b98d3c6542bfc291126075d,USDG,0x5fc5360d0400a0fd4f2af552add042d716f1d168,uniswap,v4,0xf6404d9ceec1b3c61dbe68f54815832887b7d4656d8efe8f929f49d950faddcc,POOL_ID_BYTES32,THIRD_PARTY_DISCOVERY_ONLY,999.37,41.33,https://dexscreener.com/robinhood/0xf6404d9ceec1b3c61dbe68f54815832887b7d4656d8efe8f929f49d950faddcc
FLY,0x00000000000000000000000000000000450b2a4327ce4062b527224efc49589a,0x03bc731ffb162cdd7b98d3c6542bfc291126075d,ETH,0x0000000000000000000000000000000000000000,uniswap,v4,0xffdf536de9b9e304b3ca6515c55c6dc3a2d020788cfc92293e72d03854b525b1,POOL_ID_BYTES32,THIRD_PARTY_DISCOVERY_ONLY,2866.63,134.75,https://dexscreener.com/robinhood/0xffdf536de9b9e304b3ca6515c55c6dc3a2d020788cfc92293e72d03854b525b1
FUTU,0x000000000000000000000000000000002e3b98468b2d49bea9b69a2b92228fa6,0xeb30663bdff0622ef4e4e5cbb4e975f19f33f51d,USDG,0x5fc5360d0400a0fd4f2af552add042d716f1d168,uniswap,v4,0x26d55d21a7a072ebb10bdaf24a054f66243f91550a4ec5f791b9eeac613a68e2,POOL_ID_BYTES32,THIRD_PARTY_DISCOVERY_ONLY,28971.2,3495.45,https://dexscreener.com/robinhood/0x26d55d21a7a072ebb10bdaf24a054f66243f91550a4ec5f791b9eeac613a68e2
FUTU,0x000000000000000000000000000000002e3b98468b2d49bea9b69a2b92228fa6,0xeb30663bdff0622ef4e4e5cbb4e975f19f33f51d,USDG,0x5fc5360d0400a0fd4f2af552add042d716f1d168,uniswap,v4,0x3aa41a378d4385675af8accf3b2033b265a4ed3e461e6442e2fc88a4ef1e18b0,POOL_ID_BYTES32,THIRD_PARTY_DISCOVERY_ONLY,3738.02,6145.28,https://dexscreener.com/robinhood/0x3aa41a378d4385675af8accf3b2033b265a4ed3e461e6442e2fc88a4ef1e18b0
FUTU,0x000000000000000000000000000000002e3b98468b2d49bea9b69a2b92228fa6,0xeb30663bdff0622ef4e4e5cbb4e975f19f33f51d,ETH,0x0000000000000000000000000000000000000000,uniswap,v4,0x470e0e51fefe52056b10e24d31224be335afcba819c98df49d218326065f4a46,POOL_ID_BYTES32,THIRD_PARTY_DISCOVERY_ONLY,2775.11,175.21,https://dexscreener.com/robinhood/0x470e0e51fefe52056b10e24d31224be335afcba819c98df49d218326065f4a46
FUTU,0x000000000000000000000000000000002e3b98468b2d49bea9b69a2b92228fa6,0xeb30663bdff0622ef4e4e5cbb4e975f19f33f51d,ETH,0x0000000000000000000000000000000000000000,uniswap,v4,0x58dbfebf1974b036a248566f2d80862477b3f09c0ec921f253beb24535d12dc6,POOL_ID_BYTES32,THIRD_PARTY_DISCOVERY_ONLY,15953.06,1128.71,https://dexscreener.com/robinhood/0x58dbfebf1974b036a248566f2d80862477b3f09c0ec921f253beb24535d12dc6
FUTU,0x000000000000000000000000000000002e3b98468b2d49bea9b69a2b92228fa6,0xeb30663bdff0622ef4e4e5cbb4e975f19f33f51d,USDG,0x5fc5360d0400a0fd4f2af552add042d716f1d168,uniswap,v4,0xa64108c01c7451ef9ec2b423428ed78479ff67c678880804202ad64cf82d899d,POOL_ID_BYTES32,THIRD_PARTY_DISCOVERY_ONLY,631.77,288.04,https://dexscreener.com/robinhood/0xa64108c01c7451ef9ec2b423428ed78479ff67c678880804202ad64cf82d899d
FUTU,0x000000000000000000000000000000002e3b98468b2d49bea9b69a2b92228fa6,0xeb30663bdff0622ef4e4e5cbb4e975f19f33f51d,ETH,0x0000000000000000000000000000000000000000,uniswap,v4,0xc53c36263286a52270829bcdc45d47f7e179ceff95e7f8f8f0e0f23fa68b4fad,POOL_ID_BYTES32,THIRD_PARTY_DISCOVERY_ONLY,585.34,128.89,https://dexscreener.com/robinhood/0xc53c36263286a52270829bcdc45d47f7e179ceff95e7f8f8f0e0f23fa68b4fad
FUTU,0x000000000000000000000000000000002e3b98468b2d49bea9b69a2b92228fa6,0xeb30663bdff0622ef4e4e5cbb4e975f19f33f51d,ETH,0x0000000000000000000000000000000000000000,uniswap,v4,0xc6e9a53c9875ee8bfa558cbf3d2678f93ff7388cd6fae9c6b1d283fea4724814,POOL_ID_BYTES32,THIRD_PARTY_DISCOVERY_ONLY,483,54.39,https://dexscreener.com/robinhood/0xc6e9a53c9875ee8bfa558cbf3d2678f93ff7388cd6fae9c6b1d283fea4724814
FUTU,0x000000000000000000000000000000002e3b98468b2d49bea9b69a2b92228fa6,0xeb30663bdff0622ef4e4e5cbb4e975f19f33f51d,ETH,0x0000000000000000000000000000000000000000,uniswap,v4,0xfb4a285112d534900bc2e7ec56a143987960e1d42512673d285c32268f317f45,POOL_ID_BYTES32,THIRD_PARTY_DISCOVERY_ONLY,49.4,1.61,https://dexscreener.com/robinhood/0xfb4a285112d534900bc2e7ec56a143987960e1d42512673d285c32268f317f45
GE,0x00000000000000000000000000000000289ac6c307ef486d8201efa27fa14d63,0x63b814ddbd6bf339f25fed8c36158a008d5b373e,USDG,0x5fc5360d0400a0fd4f2af552add042d716f1d168,uniswap,v4,0x134fe4565bf7347cb4c72c1473c1a88946343affd72a5a9f5636866f80b6afc5,POOL_ID_BYTES32,THIRD_PARTY_DISCOVERY_ONLY,1643.05,30.57,https://dexscreener.com/robinhood/0x134fe4565bf7347cb4c72c1473c1a88946343affd72a5a9f5636866f80b6afc5
GE,0x00000000000000000000000000000000289ac6c307ef486d8201efa27fa14d63,0x63b814ddbd6bf339f25fed8c36158a008d5b373e,ETH,0x0000000000000000000000000000000000000000,uniswap,v4,0x1c317d7d0dc8d2acd2731f16b46ca5d405ce9fc96500fceab0e14687075f70cf,POOL_ID_BYTES32,THIRD_PARTY_DISCOVERY_ONLY,630.37,152.09,https://dexscreener.com/robinhood/0x1c317d7d0dc8d2acd2731f16b46ca5d405ce9fc96500fceab0e14687075f70cf
GE,0x00000000000000000000000000000000289ac6c307ef486d8201efa27fa14d63,0x63b814ddbd6bf339f25fed8c36158a008d5b373e,USDG,0x5fc5360d0400a0fd4f2af552add042d716f1d168,uniswap,v4,0x38169e5952c62ed0d2f583d12fa1d9678884125b09b3421cbad1bb83ada3cb94,POOL_ID_BYTES32,THIRD_PARTY_DISCOVERY_ONLY,47707.27,70009.71,https://dexscreener.com/robinhood/0x38169e5952c62ed0d2f583d12fa1d9678884125b09b3421cbad1bb83ada3cb94
GE,0x00000000000000000000000000000000289ac6c307ef486d8201efa27fa14d63,0x63b814ddbd6bf339f25fed8c36158a008d5b373e,ETH,0x0000000000000000000000000000000000000000,uniswap,v4,0x47eaa2fab3e3f421be07b65d65d5e70fdd33cce01ff53d100b3c43abd2d187a6,POOL_ID_BYTES32,THIRD_PARTY_DISCOVERY_ONLY,2648.81,679.28,https://dexscreener.com/robinhood/0x47eaa2fab3e3f421be07b65d65d5e70fdd33cce01ff53d100b3c43abd2d187a6
GE,0x00000000000000000000000000000000289ac6c307ef486d8201efa27fa14d63,0x63b814ddbd6bf339f25fed8c36158a008d5b373e,ETH,0x0000000000000000000000000000000000000000,uniswap,v4,0x5b4f40880abf15de49c9d8a755dfab63f8c603a802a5f2d2ca686d004da5d7bc,POOL_ID_BYTES32,THIRD_PARTY_DISCOVERY_ONLY,2653.67,256.38,https://dexscreener.com/robinhood/0x5b4f40880abf15de49c9d8a755dfab63f8c603a802a5f2d2ca686d004da5d7bc
GE,0x00000000000000000000000000000000289ac6c307ef486d8201efa27fa14d63,0x63b814ddbd6bf339f25fed8c36158a008d5b373e,USDG,0x5fc5360d0400a0fd4f2af552add042d716f1d168,uniswap,v4,0x5ef7351d7ef516ef477f920e31871650e7231cb11eb0cc94493830d7e4ddbccf,POOL_ID_BYTES32,THIRD_PARTY_DISCOVERY_ONLY,27875.47,4280.71,https://dexscreener.com/robinhood/0x5ef7351d7ef516ef477f920e31871650e7231cb11eb0cc94493830d7e4ddbccf
GE,0x00000000000000000000000000000000289ac6c307ef486d8201efa27fa14d63,0x63b814ddbd6bf339f25fed8c36158a008d5b373e,USDG,0x5fc5360d0400a0fd4f2af552add042d716f1d168,uniswap,v4,0x6bf00eb49fa8d3713cb0f77e9a11f9acd9f5363fc4824e13488acfa28d90dc2d,POOL_ID_BYTES32,THIRD_PARTY_DISCOVERY_ONLY,22938.81,212627.94,https://dexscreener.com/robinhood/0x6bf00eb49fa8d3713cb0f77e9a11f9acd9f5363fc4824e13488acfa28d90dc2d
GE,0x00000000000000000000000000000000289ac6c307ef486d8201efa27fa14d63,0x63b814ddbd6bf339f25fed8c36158a008d5b373e,USDG,0x5fc5360d0400a0fd4f2af552add042d716f1d168,uniswap,v4,0x6dc97c789554a852a9c4f46a60039439400ea721c0d3424615478489432fce30,POOL_ID_BYTES32,THIRD_PARTY_DISCOVERY_ONLY,5561.86,11438.74,https://dexscreener.com/robinhood/0x6dc97c789554a852a9c4f46a60039439400ea721c0d3424615478489432fce30
GE,0x00000000000000000000000000000000289ac6c307ef486d8201efa27fa14d63,0x63b814ddbd6bf339f25fed8c36158a008d5b373e,ETH,0x0000000000000000000000000000000000000000,uniswap,v4,0x6debf8ba8f4c9791f0dd4cbef8469665e610f0dc11ac0fe7f7dcf2bf98987f26,POOL_ID_BYTES32,THIRD_PARTY_DISCOVERY_ONLY,5406.53,1518.52,https://dexscreener.com/robinhood/0x6debf8ba8f4c9791f0dd4cbef8469665e610f0dc11ac0fe7f7dcf2bf98987f26
GE,0x00000000000000000000000000000000289ac6c307ef486d8201efa27fa14d63,0x63b814ddbd6bf339f25fed8c36158a008d5b373e,ETH,0x0000000000000000000000000000000000000000,uniswap,v4,0x77ff496b9d624e1e598f9eb5adc0f9dbcd0be32269570ca034a9755723cc2f57,POOL_ID_BYTES32,THIRD_PARTY_DISCOVERY_ONLY,691.96,193.08,https://dexscreener.com/robinhood/0x77ff496b9d624e1e598f9eb5adc0f9dbcd0be32269570ca034a9755723cc2f57
GE,0x00000000000000000000000000000000289ac6c307ef486d8201efa27fa14d63,0x63b814ddbd6bf339f25fed8c36158a008d5b373e,ETH,0x0000000000000000000000000000000000000000,uniswap,v4,0x91b653a1377817d93b14534a874107363a263209a0bd24c432ac0bcef7281c49,POOL_ID_BYTES32,THIRD_PARTY_DISCOVERY_ONLY,5811.72,2314.25,https://dexscreener.com/robinhood/0x91b653a1377817d93b14534a874107363a263209a0bd24c432ac0bcef7281c49
GE,0x00000000000000000000000000000000289ac6c307ef486d8201efa27fa14d63,0x63b814ddbd6bf339f25fed8c36158a008d5b373e,ETH,0x0000000000000000000000000000000000000000,uniswap,v4,0x9eab03f0ce85131868f6fb0e7bbafd697902cf2ab237509a7caf4aec7e265353,POOL_ID_BYTES32,THIRD_PARTY_DISCOVERY_ONLY,1607.44,877.42,https://dexscreener.com/robinhood/0x9eab03f0ce85131868f6fb0e7bbafd697902cf2ab237509a7caf4aec7e265353
GE,0x00000000000000000000000000000000289ac6c307ef486d8201efa27fa14d63,0x63b814ddbd6bf339f25fed8c36158a008d5b373e,USDG,0x5fc5360d0400a0fd4f2af552add042d716f1d168,uniswap,v4,0xd7587145e79eabe825d8f97f5a2e6f867bc0baa519d70297c9f0008639017a06,POOL_ID_BYTES32,THIRD_PARTY_DISCOVERY_ONLY,1452.1,526.55,https://dexscreener.com/robinhood/0xd7587145e79eabe825d8f97f5a2e6f867bc0baa519d70297c9f0008639017a06
GLD,0x000000000000000000000000000000001db61e88b20b481093c556e4d07195b5,0xc9a981fee1f9dec688bb123ccdecc63d0debfc4e,USDG,0x5fc5360d0400a0fd4f2af552add042d716f1d168,giga,v3,0x1253c7ac0d1f07087341a14156e9f831d80449fc,CONTRACT_ADDRESS,THIRD_PARTY_DISCOVERY_ONLY,13708.01,37834.6,https://dexscreener.com/robinhood/0x1253c7ac0d1f07087341a14156e9f831d80449fc
GLD,0x000000000000000000000000000000001db61e88b20b481093c556e4d07195b5,0xc9a981fee1f9dec688bb123ccdecc63d0debfc4e,USDG,0x5fc5360d0400a0fd4f2af552add042d716f1d168,uniswap,v2,0xa7702b324aaad9833bbc314e4e83763fe263d62c,CONTRACT_ADDRESS,MATCHED_CANONICAL_UNISWAP_FACTORY_RESULT,0,1773.18,https://dexscreener.com/robinhood/0xa7702b324aaad9833bbc314e4e83763fe263d62c
GLD,0x000000000000000000000000000000001db61e88b20b481093c556e4d07195b5,0xc9a981fee1f9dec688bb123ccdecc63d0debfc4e,WETH,0x0bd7d308f8e1639fab988df18a8011f41eacad73,uniswap,v3,0x26250ba84465454bc731f710e46f1f32b167d66b,CONTRACT_ADDRESS,MATCHED_CANONICAL_UNISWAP_FACTORY_RESULT,25424.74,641732.24,https://dexscreener.com/robinhood/0x26250ba84465454bc731f710e46f1f32b167d66b
GLD,0x000000000000000000000000000000001db61e88b20b481093c556e4d07195b5,0xc9a981fee1f9dec688bb123ccdecc63d0debfc4e,USDG,0x5fc5360d0400a0fd4f2af552add042d716f1d168,uniswap,v3,0x32cb909acf78354e08aa45639ff5cd33767e730a,CONTRACT_ADDRESS,MATCHED_CANONICAL_UNISWAP_FACTORY_RESULT,37181.54,4560.04,https://dexscreener.com/robinhood/0x32cb909acf78354e08aa45639ff5cd33767e730a
GLD,0x000000000000000000000000000000001db61e88b20b481093c556e4d07195b5,0xc9a981fee1f9dec688bb123ccdecc63d0debfc4e,WETH,0x0bd7d308f8e1639fab988df18a8011f41eacad73,uniswap,v3,0x3f82cba4969c75f7b2f0dce9af3ac8a44c107099,CONTRACT_ADDRESS,MATCHED_CANONICAL_UNISWAP_FACTORY_RESULT,1192.25,15198.81,https://dexscreener.com/robinhood/0x3f82cba4969c75f7b2f0dce9af3ac8a44c107099
GLD,0x000000000000000000000000000000001db61e88b20b481093c556e4d07195b5,0xc9a981fee1f9dec688bb123ccdecc63d0debfc4e,USDG,0x5fc5360d0400a0fd4f2af552add042d716f1d168,uniswap,v3,0x7a6a053eccf1446a2633e05aa6d40d09381997ec,CONTRACT_ADDRESS,MATCHED_CANONICAL_UNISWAP_FACTORY_RESULT,3643073.27,6881202.72,https://dexscreener.com/robinhood/0x7a6a053eccf1446a2633e05aa6d40d09381997ec
GLD,0x000000000000000000000000000000001db61e88b20b481093c556e4d07195b5,0xc9a981fee1f9dec688bb123ccdecc63d0debfc4e,WETH,0x0bd7d308f8e1639fab988df18a8011f41eacad73,uniswap,v3,0x98996e833ea35ec17c3645ca7b6dd40d188564c4,CONTRACT_ADDRESS,MATCHED_CANONICAL_UNISWAP_FACTORY_RESULT,548500.61,323287.26,https://dexscreener.com/robinhood/0x98996e833ea35ec17c3645ca7b6dd40d188564c4
GLD,0x000000000000000000000000000000001db61e88b20b481093c556e4d07195b5,0xc9a981fee1f9dec688bb123ccdecc63d0debfc4e,USDG,0x5fc5360d0400a0fd4f2af552add042d716f1d168,uniswap,v3,0xba2f1ed4ceb2169d538d1e614d847e83c5a55913,CONTRACT_ADDRESS,MATCHED_CANONICAL_UNISWAP_FACTORY_RESULT,629221.88,6679736.37,https://dexscreener.com/robinhood/0xba2f1ed4ceb2169d538d1e614d847e83c5a55913
GLD,0x000000000000000000000000000000001db61e88b20b481093c556e4d07195b5,0xc9a981fee1f9dec688bb123ccdecc63d0debfc4e,USDG,0x5fc5360d0400a0fd4f2af552add042d716f1d168,uniswap,v4,0x241c9efea3fae83a3a1fe3cfda0a88628fc1eb0d572d6ccf1f3d04213aad59cc,POOL_ID_BYTES32,THIRD_PARTY_DISCOVERY_ONLY,11609.07,52411.18,https://dexscreener.com/robinhood/0x241c9efea3fae83a3a1fe3cfda0a88628fc1eb0d572d6ccf1f3d04213aad59cc
GLD,0x000000000000000000000000000000001db61e88b20b481093c556e4d07195b5,0xc9a981fee1f9dec688bb123ccdecc63d0debfc4e,ETH,0x0000000000000000000000000000000000000000,uniswap,v4,0x25890df358d340ce272c802526a164a18dfd679d3d71dcd23049f39c3e1c876b,POOL_ID_BYTES32,THIRD_PARTY_DISCOVERY_ONLY,26144.81,3601.75,https://dexscreener.com/robinhood/0x25890df358d340ce272c802526a164a18dfd679d3d71dcd23049f39c3e1c876b
GLD,0x000000000000000000000000000000001db61e88b20b481093c556e4d07195b5,0xc9a981fee1f9dec688bb123ccdecc63d0debfc4e,ETH,0x0000000000000000000000000000000000000000,uniswap,v4,0x27eef9b2393c3a283e80b8da84ebb7057b5ae931ff4bb60be5657b23cc293f28,POOL_ID_BYTES32,THIRD_PARTY_DISCOVERY_ONLY,5894.35,516.96,https://dexscreener.com/robinhood/0x27eef9b2393c3a283e80b8da84ebb7057b5ae931ff4bb60be5657b23cc293f28
GLD,0x000000000000000000000000000000001db61e88b20b481093c556e4d07195b5,0xc9a981fee1f9dec688bb123ccdecc63d0debfc4e,USDG,0x5fc5360d0400a0fd4f2af552add042d716f1d168,uniswap,v4,0x519113949f7f2da38b713e50cdf34537fb22b3492387d139327ac62fb934e0f1,POOL_ID_BYTES32,THIRD_PARTY_DISCOVERY_ONLY,33412.12,8989.95,https://dexscreener.com/robinhood/0x519113949f7f2da38b713e50cdf34537fb22b3492387d139327ac62fb934e0f1
GLD,0x000000000000000000000000000000001db61e88b20b481093c556e4d07195b5,0xc9a981fee1f9dec688bb123ccdecc63d0debfc4e,ETH,0x0000000000000000000000000000000000000000,uniswap,v4,0x76dc3393eda49456aff8af3e9eb29ac7d9a03d0d39d91f5bffe7e228ce991a77,POOL_ID_BYTES32,THIRD_PARTY_DISCOVERY_ONLY,51.64,5.56,https://dexscreener.com/robinhood/0x76dc3393eda49456aff8af3e9eb29ac7d9a03d0d39d91f5bffe7e228ce991a77
GLD,0x000000000000000000000000000000001db61e88b20b481093c556e4d07195b5,0xc9a981fee1f9dec688bb123ccdecc63d0debfc4e,ETH,0x0000000000000000000000000000000000000000,uniswap,v4,0xa28e60f946608f23bd9abecd23b2205d9970ab2f78f0bc45a2a467d8b96a9e08,POOL_ID_BYTES32,THIRD_PARTY_DISCOVERY_ONLY,5819.56,25243.26,https://dexscreener.com/robinhood/0xa28e60f946608f23bd9abecd23b2205d9970ab2f78f0bc45a2a467d8b96a9e08
GLD,0x000000000000000000000000000000001db61e88b20b481093c556e4d07195b5,0xc9a981fee1f9dec688bb123ccdecc63d0debfc4e,USDG,0x5fc5360d0400a0fd4f2af552add042d716f1d168,uniswap,v4,0xc3e8b06baea3401b3ee7b00d23812d89d676eea64c089e7dae64600f35d52b85,POOL_ID_BYTES32,THIRD_PARTY_DISCOVERY_ONLY,298469.9,7449.7,https://dexscreener.com/robinhood/0xc3e8b06baea3401b3ee7b00d23812d89d676eea64c089e7dae64600f35d52b85
GLD,0x000000000000000000000000000000001db61e88b20b481093c556e4d07195b5,0xc9a981fee1f9dec688bb123ccdecc63d0debfc4e,USDG,0x5fc5360d0400a0fd4f2af552add042d716f1d168,uniswap,v4,0xd85389e64f380f1f634d458dd32bc26ed7d36bf555ee144d798145b46c056f95,POOL_ID_BYTES32,THIRD_PARTY_DISCOVERY_ONLY,16837.52,18011.78,https://dexscreener.com/robinhood/0xd85389e64f380f1f634d458dd32bc26ed7d36bf555ee144d798145b46c056f95
GLD,0x000000000000000000000000000000001db61e88b20b481093c556e4d07195b5,0xc9a981fee1f9dec688bb123ccdecc63d0debfc4e,USDG,0x5fc5360d0400a0fd4f2af552add042d716f1d168,uniswap,v4,0xed860d11c45e0d61fca863c54d2043919cb995fd71b045b894f680f628423ca2,POOL_ID_BYTES32,THIRD_PARTY_DISCOVERY_ONLY,5.79,0.09,https://dexscreener.com/robinhood/0xed860d11c45e0d61fca863c54d2043919cb995fd71b045b894f680f628423ca2
GLD,0x000000000000000000000000000000001db61e88b20b481093c556e4d07195b5,0xc9a981fee1f9dec688bb123ccdecc63d0debfc4e,USDG,0x5fc5360d0400a0fd4f2af552add042d716f1d168,uniswap,v4,0xfe281bbfa9aa658c1aa9c2ad1b0c62c4286f96c7cb1074296b54e869935a7a3a,POOL_ID_BYTES32,THIRD_PARTY_DISCOVERY_ONLY,2240480.62,2932163.5,https://dexscreener.com/robinhood/0xfe281bbfa9aa658c1aa9c2ad1b0c62c4286f96c7cb1074296b54e869935a7a3a
GLD,0x000000000000000000000000000000001db61e88b20b481093c556e4d07195b5,0xc9a981fee1f9dec688bb123ccdecc63d0debfc4e,USDG,0x5fc5360d0400a0fd4f2af552add042d716f1d168,up,v3,0xc9dc17b3fa4d12022e980b1e8ed118d29c58f2a8,CONTRACT_ADDRESS,THIRD_PARTY_DISCOVERY_ONLY,57534.74,870587.86,https://dexscreener.com/robinhood/0xc9dc17b3fa4d12022e980b1e8ed118d29c58f2a8
GLW,0x0000000000000000000000000000000040b2153b3d3d4715b8d22a15ba1acff2,0x7c04e6a3368f2a1de3874f0e80d2e0a1a9915da6,ETH,0x0000000000000000000000000000000000000000,uniswap,v4,0x0c172d24dd0d2920e2be46283981eec63bc06ce98f47b90dadb44807fd660e25,POOL_ID_BYTES32,THIRD_PARTY_DISCOVERY_ONLY,8980.92,1333.56,https://dexscreener.com/robinhood/0x0c172d24dd0d2920e2be46283981eec63bc06ce98f47b90dadb44807fd660e25
GLW,0x0000000000000000000000000000000040b2153b3d3d4715b8d22a15ba1acff2,0x7c04e6a3368f2a1de3874f0e80d2e0a1a9915da6,ETH,0x0000000000000000000000000000000000000000,uniswap,v4,0x5363d7374a647d5c0b5ac514c67427d26cc81b516c25df770223193a274507e9,POOL_ID_BYTES32,THIRD_PARTY_DISCOVERY_ONLY,2491.41,118.7,https://dexscreener.com/robinhood/0x5363d7374a647d5c0b5ac514c67427d26cc81b516c25df770223193a274507e9
GLW,0x0000000000000000000000000000000040b2153b3d3d4715b8d22a15ba1acff2,0x7c04e6a3368f2a1de3874f0e80d2e0a1a9915da6,USDG,0x5fc5360d0400a0fd4f2af552add042d716f1d168,uniswap,v4,0x684aa60e68b957a5fb3cb83c55473cd35ba5cb27ac3eb1ec840dcc42439618f8,POOL_ID_BYTES32,THIRD_PARTY_DISCOVERY_ONLY,3245.34,231.6,https://dexscreener.com/robinhood/0x684aa60e68b957a5fb3cb83c55473cd35ba5cb27ac3eb1ec840dcc42439618f8
GLW,0x0000000000000000000000000000000040b2153b3d3d4715b8d22a15ba1acff2,0x7c04e6a3368f2a1de3874f0e80d2e0a1a9915da6,ETH,0x0000000000000000000000000000000000000000,uniswap,v4,0x83663861d72e872e27d8740ec1f49019aeb6f077d4c864fec5c4144c8d2a8330,POOL_ID_BYTES32,THIRD_PARTY_DISCOVERY_ONLY,3708.35,476.61,https://dexscreener.com/robinhood/0x83663861d72e872e27d8740ec1f49019aeb6f077d4c864fec5c4144c8d2a8330
GLW,0x0000000000000000000000000000000040b2153b3d3d4715b8d22a15ba1acff2,0x7c04e6a3368f2a1de3874f0e80d2e0a1a9915da6,ETH,0x0000000000000000000000000000000000000000,uniswap,v4,0x84d9f801eb19b20838992e96747fa4fe5ba0912a00422af27ab83dda884bdee7,POOL_ID_BYTES32,THIRD_PARTY_DISCOVERY_ONLY,618.66,70.04,https://dexscreener.com/robinhood/0x84d9f801eb19b20838992e96747fa4fe5ba0912a00422af27ab83dda884bdee7
GLW,0x0000000000000000000000000000000040b2153b3d3d4715b8d22a15ba1acff2,0x7c04e6a3368f2a1de3874f0e80d2e0a1a9915da6,USDG,0x5fc5360d0400a0fd4f2af552add042d716f1d168,uniswap,v4,0xf6c6a016b44976f0acfc496fa043b4ff02f185c608d554f0360418327c3384fc,POOL_ID_BYTES32,THIRD_PARTY_DISCOVERY_ONLY,1132.45,80.08,https://dexscreener.com/robinhood/0xf6c6a016b44976f0acfc496fa043b4ff02f185c608d554f0360418327c3384fc
GLXY,0x000000000000000000000000000000001acf6eeea06d40c5b323c903f77bd6d1,0x2d427692e928fa156ec22acfabafa0447c5805b7,ETH,0x0000000000000000000000000000000000000000,uniswap,v4,0x19c55fec3c2880dee74db66863cdc037251acd2ec0b4d889e0302bc7678f86a2,POOL_ID_BYTES32,THIRD_PARTY_DISCOVERY_ONLY,2187.79,6550.58,https://dexscreener.com/robinhood/0x19c55fec3c2880dee74db66863cdc037251acd2ec0b4d889e0302bc7678f86a2
GLXY,0x000000000000000000000000000000001acf6eeea06d40c5b323c903f77bd6d1,0x2d427692e928fa156ec22acfabafa0447c5805b7,USDG,0x5fc5360d0400a0fd4f2af552add042d716f1d168,uniswap,v4,0x25fa83187aa09b1dc68b3ff04e0979d2141c7178d3f4e2140e5cabb0a84277dc,POOL_ID_BYTES32,THIRD_PARTY_DISCOVERY_ONLY,9826.95,36829.71,https://dexscreener.com/robinhood/0x25fa83187aa09b1dc68b3ff04e0979d2141c7178d3f4e2140e5cabb0a84277dc
GLXY,0x000000000000000000000000000000001acf6eeea06d40c5b323c903f77bd6d1,0x2d427692e928fa156ec22acfabafa0447c5805b7,USDG,0x5fc5360d0400a0fd4f2af552add042d716f1d168,uniswap,v4,0x2750061fbdc2f5f1301453dff070cad68ecca551e839c475e4f4da663379bf06,POOL_ID_BYTES32,THIRD_PARTY_DISCOVERY_ONLY,1006.29,6923.04,https://dexscreener.com/robinhood/0x2750061fbdc2f5f1301453dff070cad68ecca551e839c475e4f4da663379bf06
GLXY,0x000000000000000000000000000000001acf6eeea06d40c5b323c903f77bd6d1,0x2d427692e928fa156ec22acfabafa0447c5805b7,ETH,0x0000000000000000000000000000000000000000,uniswap,v4,0x30a28fe2df55568072c8de2a82af517c23d378fa084c409bd7bdf998cfb82615,POOL_ID_BYTES32,THIRD_PARTY_DISCOVERY_ONLY,570.13,1691.6,https://dexscreener.com/robinhood/0x30a28fe2df55568072c8de2a82af517c23d378fa084c409bd7bdf998cfb82615
GLXY,0x000000000000000000000000000000001acf6eeea06d40c5b323c903f77bd6d1,0x2d427692e928fa156ec22acfabafa0447c5805b7,USDG,0x5fc5360d0400a0fd4f2af552add042d716f1d168,uniswap,v4,0x357a5ab5e84f37848c5f45802f2723f65434d16c254f66eac82ccfc1dc707037,POOL_ID_BYTES32,THIRD_PARTY_DISCOVERY_ONLY,44325.27,523092.06,https://dexscreener.com/robinhood/0x357a5ab5e84f37848c5f45802f2723f65434d16c254f66eac82ccfc1dc707037
GLXY,0x000000000000000000000000000000001acf6eeea06d40c5b323c903f77bd6d1,0x2d427692e928fa156ec22acfabafa0447c5805b7,USDG,0x5fc5360d0400a0fd4f2af552add042d716f1d168,uniswap,v4,0x3ba25d479b119b4f33a524a1ac4e6f47a5681c5465f4027a85366681c939ad26,POOL_ID_BYTES32,THIRD_PARTY_DISCOVERY_ONLY,10018.33,1583.35,https://dexscreener.com/robinhood/0x3ba25d479b119b4f33a524a1ac4e6f47a5681c5465f4027a85366681c939ad26
GLXY,0x000000000000000000000000000000001acf6eeea06d40c5b323c903f77bd6d1,0x2d427692e928fa156ec22acfabafa0447c5805b7,ETH,0x0000000000000000000000000000000000000000,uniswap,v4,0x4045ffd9277bde1ebed043cfef56f01dd1bca14325dc3492bfacee084e220f01,POOL_ID_BYTES32,THIRD_PARTY_DISCOVERY_ONLY,18231.37,118054.48,https://dexscreener.com/robinhood/0x4045ffd9277bde1ebed043cfef56f01dd1bca14325dc3492bfacee084e220f01
GLXY,0x000000000000000000000000000000001acf6eeea06d40c5b323c903f77bd6d1,0x2d427692e928fa156ec22acfabafa0447c5805b7,USDG,0x5fc5360d0400a0fd4f2af552add042d716f1d168,uniswap,v4,0x513d41188b2b5988378b7249bcca394330e99ffd76348c9d86147c75191101cc,POOL_ID_BYTES32,THIRD_PARTY_DISCOVERY_ONLY,9838.59,4475.2,https://dexscreener.com/robinhood/0x513d41188b2b5988378b7249bcca394330e99ffd76348c9d86147c75191101cc
GLXY,0x000000000000000000000000000000001acf6eeea06d40c5b323c903f77bd6d1,0x2d427692e928fa156ec22acfabafa0447c5805b7,USDG,0x5fc5360d0400a0fd4f2af552add042d716f1d168,uniswap,v4,0x5a3815664bba9ffeccbce09a7d0a0687bb1567c2802327c792fe77b552d93490,POOL_ID_BYTES32,THIRD_PARTY_DISCOVERY_ONLY,35569.2,197200.25,https://dexscreener.com/robinhood/0x5a3815664bba9ffeccbce09a7d0a0687bb1567c2802327c792fe77b552d93490
GLXY,0x000000000000000000000000000000001acf6eeea06d40c5b323c903f77bd6d1,0x2d427692e928fa156ec22acfabafa0447c5805b7,USDG,0x5fc5360d0400a0fd4f2af552add042d716f1d168,uniswap,v4,0x637839367197814e434ae424ef5761659e9c72ecf807913683ee969be438f7d1,POOL_ID_BYTES32,THIRD_PARTY_DISCOVERY_ONLY,3325.92,5814.58,https://dexscreener.com/robinhood/0x637839367197814e434ae424ef5761659e9c72ecf807913683ee969be438f7d1
GLXY,0x000000000000000000000000000000001acf6eeea06d40c5b323c903f77bd6d1,0x2d427692e928fa156ec22acfabafa0447c5805b7,ETH,0x0000000000000000000000000000000000000000,uniswap,v4,0x67f83043c749975e8e6bdca23ba4602210e28ea98d451dd69d26b4b5fc8565f3,POOL_ID_BYTES32,THIRD_PARTY_DISCOVERY_ONLY,,4445.87,https://dexscreener.com/robinhood/0x67f83043c749975e8e6bdca23ba4602210e28ea98d451dd69d26b4b5fc8565f3
GLXY,0x000000000000000000000000000000001acf6eeea06d40c5b323c903f77bd6d1,0x2d427692e928fa156ec22acfabafa0447c5805b7,USDG,0x5fc5360d0400a0fd4f2af552add042d716f1d168,uniswap,v4,0x7e346c5de2ffb1f7319bc57fee4bc8b056abb57c8b009f076d96289d61e438d2,POOL_ID_BYTES32,THIRD_PARTY_DISCOVERY_ONLY,3604.57,1014.49,https://dexscreener.com/robinhood/0x7e346c5de2ffb1f7319bc57fee4bc8b056abb57c8b009f076d96289d61e438d2
GLXY,0x000000000000000000000000000000001acf6eeea06d40c5b323c903f77bd6d1,0x2d427692e928fa156ec22acfabafa0447c5805b7,USDG,0x5fc5360d0400a0fd4f2af552add042d716f1d168,uniswap,v4,0x8c012916bcc62b3737cb47b6aa0dda921ee1663fce39007a7af2d0682e13c534,POOL_ID_BYTES32,THIRD_PARTY_DISCOVERY_ONLY,2424.28,53242.06,https://dexscreener.com/robinhood/0x8c012916bcc62b3737cb47b6aa0dda921ee1663fce39007a7af2d0682e13c534
GLXY,0x000000000000000000000000000000001acf6eeea06d40c5b323c903f77bd6d1,0x2d427692e928fa156ec22acfabafa0447c5805b7,USDG,0x5fc5360d0400a0fd4f2af552add042d716f1d168,uniswap,v4,0x951cf6e83a83d46cac346ee41c3f3ea2649f9057b34df6a536bad9ff90fa9fa2,POOL_ID_BYTES32,THIRD_PARTY_DISCOVERY_ONLY,7034.21,2179.62,https://dexscreener.com/robinhood/0x951cf6e83a83d46cac346ee41c3f3ea2649f9057b34df6a536bad9ff90fa9fa2
GLXY,0x000000000000000000000000000000001acf6eeea06d40c5b323c903f77bd6d1,0x2d427692e928fa156ec22acfabafa0447c5805b7,USDG,0x5fc5360d0400a0fd4f2af552add042d716f1d168,uniswap,v4,0x97d2d2d54b1836bb997d0c4e264b6397f653ed0f457d59146a7653b769209cd6,POOL_ID_BYTES32,THIRD_PARTY_DISCOVERY_ONLY,,8330.86,https://dexscreener.com/robinhood/0x97d2d2d54b1836bb997d0c4e264b6397f653ed0f457d59146a7653b769209cd6
GLXY,0x000000000000000000000000000000001acf6eeea06d40c5b323c903f77bd6d1,0x2d427692e928fa156ec22acfabafa0447c5805b7,USDG,0x5fc5360d0400a0fd4f2af552add042d716f1d168,uniswap,v4,0xa88fbc5f2d5a109df79fb7acc2ac5eb534d7b8ebd1240bf70f5aa7e6ba15149f,POOL_ID_BYTES32,THIRD_PARTY_DISCOVERY_ONLY,15054.79,143543.99,https://dexscreener.com/robinhood/0xa88fbc5f2d5a109df79fb7acc2ac5eb534d7b8ebd1240bf70f5aa7e6ba15149f
GLXY,0x000000000000000000000000000000001acf6eeea06d40c5b323c903f77bd6d1,0x2d427692e928fa156ec22acfabafa0447c5805b7,USDG,0x5fc5360d0400a0fd4f2af552add042d716f1d168,uniswap,v4,0xd2c28a13b24b0490743b719694bb60d88bc26398eae45b61b8a5eb3e707ea986,POOL_ID_BYTES32,THIRD_PARTY_DISCOVERY_ONLY,4268.63,19479.22,https://dexscreener.com/robinhood/0xd2c28a13b24b0490743b719694bb60d88bc26398eae45b61b8a5eb3e707ea986
GLXY,0x000000000000000000000000000000001acf6eeea06d40c5b323c903f77bd6d1,0x2d427692e928fa156ec22acfabafa0447c5805b7,USDG,0x5fc5360d0400a0fd4f2af552add042d716f1d168,uniswap,v4,0xd7cade2dbb91b21284d0c0c77435759f781f3882eea9e48d794ff87f85a2ddf5,POOL_ID_BYTES32,THIRD_PARTY_DISCOVERY_ONLY,3264.53,1359.15,https://dexscreener.com/robinhood/0xd7cade2dbb91b21284d0c0c77435759f781f3882eea9e48d794ff87f85a2ddf5
GLXY,0x000000000000000000000000000000001acf6eeea06d40c5b323c903f77bd6d1,0x2d427692e928fa156ec22acfabafa0447c5805b7,USDG,0x5fc5360d0400a0fd4f2af552add042d716f1d168,uniswap,v4,0xfcae9457644cc4df9c499e55341354865cd3e4f06ce767ffa9c01720964cef70,POOL_ID_BYTES32,THIRD_PARTY_DISCOVERY_ONLY,590.99,1114.99,https://dexscreener.com/robinhood/0xfcae9457644cc4df9c499e55341354865cd3e4f06ce767ffa9c01720964cef70
GLXY,0x000000000000000000000000000000001acf6eeea06d40c5b323c903f77bd6d1,0x2d427692e928fa156ec22acfabafa0447c5805b7,WETH,0x0bd7d308f8e1639fab988df18a8011f41eacad73,up,v3,0x84d3d41f840f02d7de416057f90b483d141a1c96,CONTRACT_ADDRESS,THIRD_PARTY_DISCOVERY_ONLY,766.4,2404.37,https://dexscreener.com/robinhood/0x84d3d41f840f02d7de416057f90b483d141a1c96
GOOGL,0x0000000000000000000000000000000053b69e2076884cc9ae2ada9bc7095df3,0x2e0847e8910a9732eb3fb1bb4b70a580adad4fe3,USDG,0x5fc5360d0400a0fd4f2af552add042d716f1d168,alandale,,0xa3b86e42a1e73bee804b73e6cb6544fe71fee503,CONTRACT_ADDRESS,THIRD_PARTY_DISCOVERY_ONLY,387.69,83.54,https://dexscreener.com/robinhood/0xa3b86e42a1e73bee804b73e6cb6544fe71fee503
GOOGL,0x0000000000000000000000000000000053b69e2076884cc9ae2ada9bc7095df3,0x2e0847e8910a9732eb3fb1bb4b70a580adad4fe3,USDG,0x5fc5360d0400a0fd4f2af552add042d716f1d168,giga,v3,0x78f960530c38d76e0c590ca0a770af21953ee975,CONTRACT_ADDRESS,THIRD_PARTY_DISCOVERY_ONLY,355.01,180.35,https://dexscreener.com/robinhood/0x78f960530c38d76e0c590ca0a770af21953ee975
GOOGL,0x0000000000000000000000000000000053b69e2076884cc9ae2ada9bc7095df3,0x2e0847e8910a9732eb3fb1bb4b70a580adad4fe3,USDG,0x5fc5360d0400a0fd4f2af552add042d716f1d168,giga,v3,0xa6e2e2ceac575d25353401d862bf73620a3d2196,CONTRACT_ADDRESS,THIRD_PARTY_DISCOVERY_ONLY,26534.97,135669.64,https://dexscreener.com/robinhood/0xa6e2e2ceac575d25353401d862bf73620a3d2196
GOOGL,0x0000000000000000000000000000000053b69e2076884cc9ae2ada9bc7095df3,0x2e0847e8910a9732eb3fb1bb4b70a580adad4fe3,USDG,0x5fc5360d0400a0fd4f2af552add042d716f1d168,ramses,v3,0x0c66727fda2c1d7e3b0b9dacdd6b0777b010e0e0,CONTRACT_ADDRESS,THIRD_PARTY_DISCOVERY_ONLY,4966.01,5478.68,https://dexscreener.com/robinhood/0x0c66727fda2c1d7e3b0b9dacdd6b0777b010e0e0
GOOGL,0x0000000000000000000000000000000053b69e2076884cc9ae2ada9bc7095df3,0x2e0847e8910a9732eb3fb1bb4b70a580adad4fe3,USDG,0x5fc5360d0400a0fd4f2af552add042d716f1d168,uniswap,v3,0x34d0dc122cf9a8eb296fc5e0d3a233625d7d19b7,CONTRACT_ADDRESS,MATCHED_CANONICAL_UNISWAP_FACTORY_RESULT,578832.89,4210963.85,https://dexscreener.com/robinhood/0x34d0dc122cf9a8eb296fc5e0d3a233625d7d19b7
GOOGL,0x0000000000000000000000000000000053b69e2076884cc9ae2ada9bc7095df3,0x2e0847e8910a9732eb3fb1bb4b70a580adad4fe3,USDG,0x5fc5360d0400a0fd4f2af552add042d716f1d168,uniswap,v3,0x553e9a453425cd9b90919f317061fbc3794cc57a,CONTRACT_ADDRESS,MATCHED_CANONICAL_UNISWAP_FACTORY_RESULT,3048.46,7468.09,https://dexscreener.com/robinhood/0x553e9a453425cd9b90919f317061fbc3794cc57a
GOOGL,0x0000000000000000000000000000000053b69e2076884cc9ae2ada9bc7095df3,0x2e0847e8910a9732eb3fb1bb4b70a580adad4fe3,WETH,0x0bd7d308f8e1639fab988df18a8011f41eacad73,uniswap,v3,0x8fb9301586f27e2cff85312f7c1d0f16c6167cde,CONTRACT_ADDRESS,MATCHED_CANONICAL_UNISWAP_FACTORY_RESULT,10330.33,1176495.73,https://dexscreener.com/robinhood/0x8fb9301586f27e2cff85312f7c1d0f16c6167cde
GOOGL,0x0000000000000000000000000000000053b69e2076884cc9ae2ada9bc7095df3,0x2e0847e8910a9732eb3fb1bb4b70a580adad4fe3,USDG,0x5fc5360d0400a0fd4f2af552add042d716f1d168,uniswap,v4,0x069bf854bd2f4f454c3d93cf60e1c0af074027050d2c1da1a1ce15c548d06c09,POOL_ID_BYTES32,THIRD_PARTY_DISCOVERY_ONLY,1131.86,893.55,https://dexscreener.com/robinhood/0x069bf854bd2f4f454c3d93cf60e1c0af074027050d2c1da1a1ce15c548d06c09
GOOGL,0x0000000000000000000000000000000053b69e2076884cc9ae2ada9bc7095df3,0x2e0847e8910a9732eb3fb1bb4b70a580adad4fe3,ETH,0x0000000000000000000000000000000000000000,uniswap,v4,0x34e46aca8e527e2384a88d5d2346f84716a5331ef3d26f7900af0e4951cbc6d2,POOL_ID_BYTES32,THIRD_PARTY_DISCOVERY_ONLY,109.66,35.19,https://dexscreener.com/robinhood/0x34e46aca8e527e2384a88d5d2346f84716a5331ef3d26f7900af0e4951cbc6d2
GOOGL,0x0000000000000000000000000000000053b69e2076884cc9ae2ada9bc7095df3,0x2e0847e8910a9732eb3fb1bb4b70a580adad4fe3,ETH,0x0000000000000000000000000000000000000000,uniswap,v4,0x5182d37e70a1c2e1060f8671739ae929913ceabcf2bd80a1a2a6356eafd4b506,POOL_ID_BYTES32,THIRD_PARTY_DISCOVERY_ONLY,41181.42,27967.57,https://dexscreener.com/robinhood/0x5182d37e70a1c2e1060f8671739ae929913ceabcf2bd80a1a2a6356eafd4b506
GOOGL,0x0000000000000000000000000000000053b69e2076884cc9ae2ada9bc7095df3,0x2e0847e8910a9732eb3fb1bb4b70a580adad4fe3,USDG,0x5fc5360d0400a0fd4f2af552add042d716f1d168,uniswap,v4,0x6abdda781ac2dd3fc204eae603a01a2ec34e9adcdce292eb6f13840e96a66822,POOL_ID_BYTES32,THIRD_PARTY_DISCOVERY_ONLY,50862.4,65530.88,https://dexscreener.com/robinhood/0x6abdda781ac2dd3fc204eae603a01a2ec34e9adcdce292eb6f13840e96a66822
GOOGL,0x0000000000000000000000000000000053b69e2076884cc9ae2ada9bc7095df3,0x2e0847e8910a9732eb3fb1bb4b70a580adad4fe3,ETH,0x0000000000000000000000000000000000000000,uniswap,v4,0x73326ba7b37d8f91b495b46551da4990bb96372858976fa03428d2acca96fad4,POOL_ID_BYTES32,THIRD_PARTY_DISCOVERY_ONLY,0,0,https://dexscreener.com/robinhood/0x73326ba7b37d8f91b495b46551da4990bb96372858976fa03428d2acca96fad4
GOOGL,0x0000000000000000000000000000000053b69e2076884cc9ae2ada9bc7095df3,0x2e0847e8910a9732eb3fb1bb4b70a580adad4fe3,USDG,0x5fc5360d0400a0fd4f2af552add042d716f1d168,uniswap,v4,0xa78ebe6df7bea653ca32561671e0080d8705198eb19967c76174edc022a448ba,POOL_ID_BYTES32,THIRD_PARTY_DISCOVERY_ONLY,1177.03,289.16,https://dexscreener.com/robinhood/0xa78ebe6df7bea653ca32561671e0080d8705198eb19967c76174edc022a448ba
GOOGL,0x0000000000000000000000000000000053b69e2076884cc9ae2ada9bc7095df3,0x2e0847e8910a9732eb3fb1bb4b70a580adad4fe3,ETH,0x0000000000000000000000000000000000000000,uniswap,v4,0xaa0fea3dcacaa73aa29644c9ad019055106cee757ee664be26abe9399d1fa3be,POOL_ID_BYTES32,THIRD_PARTY_DISCOVERY_ONLY,97808.9,107768.17,https://dexscreener.com/robinhood/0xaa0fea3dcacaa73aa29644c9ad019055106cee757ee664be26abe9399d1fa3be
GOOGL,0x0000000000000000000000000000000053b69e2076884cc9ae2ada9bc7095df3,0x2e0847e8910a9732eb3fb1bb4b70a580adad4fe3,ETH,0x0000000000000000000000000000000000000000,uniswap,v4,0xc4852acea8d50e2e27aed3f68f0fae3e7ca4f394b80c59da68391e8ecbcd2b41,POOL_ID_BYTES32,THIRD_PARTY_DISCOVERY_ONLY,4688.46,699.59,https://dexscreener.com/robinhood/0xc4852acea8d50e2e27aed3f68f0fae3e7ca4f394b80c59da68391e8ecbcd2b41
GOOGL,0x0000000000000000000000000000000053b69e2076884cc9ae2ada9bc7095df3,0x2e0847e8910a9732eb3fb1bb4b70a580adad4fe3,USDG,0x5fc5360d0400a0fd4f2af552add042d716f1d168,uniswap,v4,0xd4ecb79fdc521d7725d22b33ed43cb4e47aa96bfad76aa29577e3151f723ac5e,POOL_ID_BYTES32,THIRD_PARTY_DISCOVERY_ONLY,573824.99,600448.47,https://dexscreener.com/robinhood/0xd4ecb79fdc521d7725d22b33ed43cb4e47aa96bfad76aa29577e3151f723ac5e
GOOGL,0x0000000000000000000000000000000053b69e2076884cc9ae2ada9bc7095df3,0x2e0847e8910a9732eb3fb1bb4b70a580adad4fe3,USDG,0x5fc5360d0400a0fd4f2af552add042d716f1d168,uniswap,v4,0xda34f8f8272cdf76ace4b3b4d83301d1eaf364dfade7914a3218a86487a40710,POOL_ID_BYTES32,THIRD_PARTY_DISCOVERY_ONLY,,4.9,https://dexscreener.com/robinhood/0xda34f8f8272cdf76ace4b3b4d83301d1eaf364dfade7914a3218a86487a40710
GOOGL,0x0000000000000000000000000000000053b69e2076884cc9ae2ada9bc7095df3,0x2e0847e8910a9732eb3fb1bb4b70a580adad4fe3,USDG,0x5fc5360d0400a0fd4f2af552add042d716f1d168,uniswap,v4,0xfa29c8b263aee15ed167cbe5e90ea9d89e6eec484f7de64a3465ad6b1ac1a7f6,POOL_ID_BYTES32,THIRD_PARTY_DISCOVERY_ONLY,1392.16,350.79,https://dexscreener.com/robinhood/0xfa29c8b263aee15ed167cbe5e90ea9d89e6eec484f7de64a3465ad6b1ac1a7f6
GOOGL,0x0000000000000000000000000000000053b69e2076884cc9ae2ada9bc7095df3,0x2e0847e8910a9732eb3fb1bb4b70a580adad4fe3,USDG,0x5fc5360d0400a0fd4f2af552add042d716f1d168,up,v3,0xe279774b0bf7e23e4f4aaf3c7bbc552bc5a92a28,CONTRACT_ADDRESS,THIRD_PARTY_DISCOVERY_ONLY,56076.53,388659.59,https://dexscreener.com/robinhood/0xe279774b0bf7e23e4f4aaf3c7bbc552bc5a92a28
INFQ,0x000000000000000000000000000000005d6501818f804e87ab5b352105bbad0a,0xb853bc83a753342a4f8320ea680b4b1e84118d21,USDG,0x5fc5360d0400a0fd4f2af552add042d716f1d168,uniswap,v4,0x476f1855fa3882108fb641e9f3cc4d77ac6e64b0b0f392d18ecaedb7ffb7362b,POOL_ID_BYTES32,THIRD_PARTY_DISCOVERY_ONLY,3521.02,91.74,https://dexscreener.com/robinhood/0x476f1855fa3882108fb641e9f3cc4d77ac6e64b0b0f392d18ecaedb7ffb7362b
INFQ,0x000000000000000000000000000000005d6501818f804e87ab5b352105bbad0a,0xb853bc83a753342a4f8320ea680b4b1e84118d21,USDG,0x5fc5360d0400a0fd4f2af552add042d716f1d168,uniswap,v4,0x540908d8f58bae75ff6dfabc70771bfe657efa13148b6bf92db3900d27daf716,POOL_ID_BYTES32,THIRD_PARTY_DISCOVERY_ONLY,11610.45,2628.6,https://dexscreener.com/robinhood/0x540908d8f58bae75ff6dfabc70771bfe657efa13148b6bf92db3900d27daf716
INFQ,0x000000000000000000000000000000005d6501818f804e87ab5b352105bbad0a,0xb853bc83a753342a4f8320ea680b4b1e84118d21,USDG,0x5fc5360d0400a0fd4f2af552add042d716f1d168,uniswap,v4,0x5daa51620bd22c82f8f12c93b467b65eaae0cb67b71884dee934cae7b7a65f2f,POOL_ID_BYTES32,THIRD_PARTY_DISCOVERY_ONLY,1703.91,0.34,https://dexscreener.com/robinhood/0x5daa51620bd22c82f8f12c93b467b65eaae0cb67b71884dee934cae7b7a65f2f
INFQ,0x000000000000000000000000000000005d6501818f804e87ab5b352105bbad0a,0xb853bc83a753342a4f8320ea680b4b1e84118d21,ETH,0x0000000000000000000000000000000000000000,uniswap,v4,0x6350ecb67b42fe611c118f870f5bbe24185fe8e36eabe15a604f27b64c112c02,POOL_ID_BYTES32,THIRD_PARTY_DISCOVERY_ONLY,2913.65,31.17,https://dexscreener.com/robinhood/0x6350ecb67b42fe611c118f870f5bbe24185fe8e36eabe15a604f27b64c112c02
INTC,0x000000000000000000000000000000002eb75a2c20d7423881b4f812c27d0abe,0xc72b96e0e48ecd4dc75e1e45396e26300bc39681,USDG,0x5fc5360d0400a0fd4f2af552add042d716f1d168,giga,v3,0x60e8ff7714b22528f1b906bff033ba4c0d43f525,CONTRACT_ADDRESS,THIRD_PARTY_DISCOVERY_ONLY,0.02,73.45,https://dexscreener.com/robinhood/0x60e8ff7714b22528f1b906bff033ba4c0d43f525
INTC,0x000000000000000000000000000000002eb75a2c20d7423881b4f812c27d0abe,0xc72b96e0e48ecd4dc75e1e45396e26300bc39681,USDG,0x5fc5360d0400a0fd4f2af552add042d716f1d168,ramses,v3,0x27e67974bbf7bea14f788664f6e6c04b787e5b6a,CONTRACT_ADDRESS,THIRD_PARTY_DISCOVERY_ONLY,37757.36,101424.39,https://dexscreener.com/robinhood/0x27e67974bbf7bea14f788664f6e6c04b787e5b6a
INTC,0x000000000000000000000000000000002eb75a2c20d7423881b4f812c27d0abe,0xc72b96e0e48ecd4dc75e1e45396e26300bc39681,USDG,0x5fc5360d0400a0fd4f2af552add042d716f1d168,uniswap,v3,0x2e5a92f5013a64661a49312111be2e8abd33f56a,CONTRACT_ADDRESS,MATCHED_CANONICAL_UNISWAP_FACTORY_RESULT,45260.58,190228.96,https://dexscreener.com/robinhood/0x2e5a92f5013a64661a49312111be2e8abd33f56a
INTC,0x000000000000000000000000000000002eb75a2c20d7423881b4f812c27d0abe,0xc72b96e0e48ecd4dc75e1e45396e26300bc39681,USDG,0x5fc5360d0400a0fd4f2af552add042d716f1d168,uniswap,v4,0x0703d548618b02c35d53acc889c1edb792aabccde3217004cd7dabb604fad3bd,POOL_ID_BYTES32,THIRD_PARTY_DISCOVERY_ONLY,16253.73,23155.3,https://dexscreener.com/robinhood/0x0703d548618b02c35d53acc889c1edb792aabccde3217004cd7dabb604fad3bd
INTC,0x000000000000000000000000000000002eb75a2c20d7423881b4f812c27d0abe,0xc72b96e0e48ecd4dc75e1e45396e26300bc39681,ETH,0x0000000000000000000000000000000000000000,uniswap,v4,0x13b07230e8fb997cf47ec9579449ae0c8453e4310bc8d5064f9c0195b2bef72b,POOL_ID_BYTES32,THIRD_PARTY_DISCOVERY_ONLY,9959.57,2478.58,https://dexscreener.com/robinhood/0x13b07230e8fb997cf47ec9579449ae0c8453e4310bc8d5064f9c0195b2bef72b
INTC,0x000000000000000000000000000000002eb75a2c20d7423881b4f812c27d0abe,0xc72b96e0e48ecd4dc75e1e45396e26300bc39681,USDG,0x5fc5360d0400a0fd4f2af552add042d716f1d168,uniswap,v4,0x59d716ccc5ad70eb2740e3f97e5a128dddb0f8863daa7009738b4f841a79d180,POOL_ID_BYTES32,THIRD_PARTY_DISCOVERY_ONLY,90.14,29.82,https://dexscreener.com/robinhood/0x59d716ccc5ad70eb2740e3f97e5a128dddb0f8863daa7009738b4f841a79d180
INTC,0x000000000000000000000000000000002eb75a2c20d7423881b4f812c27d0abe,0xc72b96e0e48ecd4dc75e1e45396e26300bc39681,ETH,0x0000000000000000000000000000000000000000,uniswap,v4,0x77749524bd7d9663477bf29b992711ec46d9e58169ea0c37dc0bee7f71bc4c24,POOL_ID_BYTES32,THIRD_PARTY_DISCOVERY_ONLY,4690.8,96.8,https://dexscreener.com/robinhood/0x77749524bd7d9663477bf29b992711ec46d9e58169ea0c37dc0bee7f71bc4c24
INTC,0x000000000000000000000000000000002eb75a2c20d7423881b4f812c27d0abe,0xc72b96e0e48ecd4dc75e1e45396e26300bc39681,ETH,0x0000000000000000000000000000000000000000,uniswap,v4,0x85a0a4128dcbcfffeacb49ee2799ecc91caaca2f2a303429fc13808e3b2d6b62,POOL_ID_BYTES32,THIRD_PARTY_DISCOVERY_ONLY,1862.18,1118.66,https://dexscreener.com/robinhood/0x85a0a4128dcbcfffeacb49ee2799ecc91caaca2f2a303429fc13808e3b2d6b62
INTC,0x000000000000000000000000000000002eb75a2c20d7423881b4f812c27d0abe,0xc72b96e0e48ecd4dc75e1e45396e26300bc39681,USDG,0x5fc5360d0400a0fd4f2af552add042d716f1d168,uniswap,v4,0x9993cd36dbb1f65c4383aad8e5594a8a1a31b95262869b96665df4d8025c7be6,POOL_ID_BYTES32,THIRD_PARTY_DISCOVERY_ONLY,4464.62,1175.45,https://dexscreener.com/robinhood/0x9993cd36dbb1f65c4383aad8e5594a8a1a31b95262869b96665df4d8025c7be6
INTC,0x000000000000000000000000000000002eb75a2c20d7423881b4f812c27d0abe,0xc72b96e0e48ecd4dc75e1e45396e26300bc39681,ETH,0x0000000000000000000000000000000000000000,uniswap,v4,0x9b3334d89e7f0fcd32a26671a4f144073d13480dc3b978fb8d23d143f36c6171,POOL_ID_BYTES32,THIRD_PARTY_DISCOVERY_ONLY,6.27,3.17,https://dexscreener.com/robinhood/0x9b3334d89e7f0fcd32a26671a4f144073d13480dc3b978fb8d23d143f36c6171
INTC,0x000000000000000000000000000000002eb75a2c20d7423881b4f812c27d0abe,0xc72b96e0e48ecd4dc75e1e45396e26300bc39681,USDG,0x5fc5360d0400a0fd4f2af552add042d716f1d168,uniswap,v4,0xf2e329e631d0fb315a5c563ee3a9120f24822b5ef6c502a91cb56b174d5d8c22,POOL_ID_BYTES32,THIRD_PARTY_DISCOVERY_ONLY,124896.52,170258.13,https://dexscreener.com/robinhood/0xf2e329e631d0fb315a5c563ee3a9120f24822b5ef6c502a91cb56b174d5d8c22
INTC,0x000000000000000000000000000000002eb75a2c20d7423881b4f812c27d0abe,0xc72b96e0e48ecd4dc75e1e45396e26300bc39681,USDG,0x5fc5360d0400a0fd4f2af552add042d716f1d168,up,v3,0x6290be6e6913708866e6f17eaf3f4fcc7d3fdf67,CONTRACT_ADDRESS,THIRD_PARTY_DISCOVERY_ONLY,25860.62,213153.6,https://dexscreener.com/robinhood/0x6290be6e6913708866e6f17eaf3f4fcc7d3fdf67
INTU,0x00000000000000000000000000000000482927a418d1476c8ee89e119bf61fc7,0x56d23bee5f41a7120170b0c603dae30128e460e9,ETH,0x0000000000000000000000000000000000000000,uniswap,v4,0x28ec742632efbdcb6278c7d675a3191a8dfd1a17ed6ea892d6c8975945a98e86,POOL_ID_BYTES32,THIRD_PARTY_DISCOVERY_ONLY,2338.04,1307.16,https://dexscreener.com/robinhood/0x28ec742632efbdcb6278c7d675a3191a8dfd1a17ed6ea892d6c8975945a98e86
INTU,0x00000000000000000000000000000000482927a418d1476c8ee89e119bf61fc7,0x56d23bee5f41a7120170b0c603dae30128e460e9,ETH,0x0000000000000000000000000000000000000000,uniswap,v4,0x2bcce354a96d1a42484b7ae37e1dbe737e57d056ba7d2c9fc41642bb21dcc598,POOL_ID_BYTES32,THIRD_PARTY_DISCOVERY_ONLY,1289.04,303.38,https://dexscreener.com/robinhood/0x2bcce354a96d1a42484b7ae37e1dbe737e57d056ba7d2c9fc41642bb21dcc598
INTU,0x00000000000000000000000000000000482927a418d1476c8ee89e119bf61fc7,0x56d23bee5f41a7120170b0c603dae30128e460e9,USDG,0x5fc5360d0400a0fd4f2af552add042d716f1d168,uniswap,v4,0x376f294777756f484f720c2cd632ac5eb30ef27374e773ed05252111ae2e7c03,POOL_ID_BYTES32,THIRD_PARTY_DISCOVERY_ONLY,3223.13,750.89,https://dexscreener.com/robinhood/0x376f294777756f484f720c2cd632ac5eb30ef27374e773ed05252111ae2e7c03
INTU,0x00000000000000000000000000000000482927a418d1476c8ee89e119bf61fc7,0x56d23bee5f41a7120170b0c603dae30128e460e9,USDG,0x5fc5360d0400a0fd4f2af552add042d716f1d168,uniswap,v4,0x42473e27f793b7a3b71b225729e3962651c5dfea6d7fa078a44dc8a4adf3d9bf,POOL_ID_BYTES32,THIRD_PARTY_DISCOVERY_ONLY,11717.81,23010.79,https://dexscreener.com/robinhood/0x42473e27f793b7a3b71b225729e3962651c5dfea6d7fa078a44dc8a4adf3d9bf
INTU,0x00000000000000000000000000000000482927a418d1476c8ee89e119bf61fc7,0x56d23bee5f41a7120170b0c603dae30128e460e9,USDG,0x5fc5360d0400a0fd4f2af552add042d716f1d168,uniswap,v4,0x4640f0d33b5c4665a0361ed24780e103329d5ed5f3142fec6febb1e96262f9bc,POOL_ID_BYTES32,THIRD_PARTY_DISCOVERY_ONLY,551.53,40.33,https://dexscreener.com/robinhood/0x4640f0d33b5c4665a0361ed24780e103329d5ed5f3142fec6febb1e96262f9bc
INTU,0x00000000000000000000000000000000482927a418d1476c8ee89e119bf61fc7,0x56d23bee5f41a7120170b0c603dae30128e460e9,USDG,0x5fc5360d0400a0fd4f2af552add042d716f1d168,uniswap,v4,0x5c7ce6e7bd6d8fbb646f4af4e24250d07923816c438180a594a70ab33ff97c8f,POOL_ID_BYTES32,THIRD_PARTY_DISCOVERY_ONLY,920.73,114.03,https://dexscreener.com/robinhood/0x5c7ce6e7bd6d8fbb646f4af4e24250d07923816c438180a594a70ab33ff97c8f
INTU,0x00000000000000000000000000000000482927a418d1476c8ee89e119bf61fc7,0x56d23bee5f41a7120170b0c603dae30128e460e9,ETH,0x0000000000000000000000000000000000000000,uniswap,v4,0xe7718d78ba922b371354c7c1060d76714dc50f50c12c603f668fdcd3cd21e6d8,POOL_ID_BYTES32,THIRD_PARTY_DISCOVERY_ONLY,17446.1,5649.68,https://dexscreener.com/robinhood/0xe7718d78ba922b371354c7c1060d76714dc50f50c12c603f668fdcd3cd21e6d8
IREN,0x00000000000000000000000000000000612c7fa7477f4f21b3a425f180cffd86,0xf0ab0c93be6f41369d302e55db1a96b3c430212d,USDG,0x5fc5360d0400a0fd4f2af552add042d716f1d168,uniswap,v4,0x2566088fd6aa48831800109ad3360328f6c4131da2043b948e1bacdde5151e9f,POOL_ID_BYTES32,THIRD_PARTY_DISCOVERY_ONLY,8517.39,682.75,https://dexscreener.com/robinhood/0x2566088fd6aa48831800109ad3360328f6c4131da2043b948e1bacdde5151e9f
IREN,0x00000000000000000000000000000000612c7fa7477f4f21b3a425f180cffd86,0xf0ab0c93be6f41369d302e55db1a96b3c430212d,USDG,0x5fc5360d0400a0fd4f2af552add042d716f1d168,uniswap,v4,0x6c2506c21e8eecd757f69e730ad47fe8fbbef02ab7f4e671924f39385904dac1,POOL_ID_BYTES32,THIRD_PARTY_DISCOVERY_ONLY,1287.94,575.64,https://dexscreener.com/robinhood/0x6c2506c21e8eecd757f69e730ad47fe8fbbef02ab7f4e671924f39385904dac1
IREN,0x00000000000000000000000000000000612c7fa7477f4f21b3a425f180cffd86,0xf0ab0c93be6f41369d302e55db1a96b3c430212d,ETH,0x0000000000000000000000000000000000000000,uniswap,v4,0x981eca6a144899998d566e633a49dd326503ef6d213e8975855d5579acf44b38,POOL_ID_BYTES32,THIRD_PARTY_DISCOVERY_ONLY,16021.07,465.01,https://dexscreener.com/robinhood/0x981eca6a144899998d566e633a49dd326503ef6d213e8975855d5579acf44b38
JOBY,0x0000000000000000000000000000000092891cbd0b204f8a87d7878e0fbd60a8,0xb334c5ce741b80b5b671f47f5c269cb193fe8e24,USDG,0x5fc5360d0400a0fd4f2af552add042d716f1d168,uniswap,v4,0x0c934a3347adb9bb09d735352254d5052b8334ef6a5756e9fab51c501194b332,POOL_ID_BYTES32,THIRD_PARTY_DISCOVERY_ONLY,4374.4,1748.42,https://dexscreener.com/robinhood/0x0c934a3347adb9bb09d735352254d5052b8334ef6a5756e9fab51c501194b332
JOBY,0x0000000000000000000000000000000092891cbd0b204f8a87d7878e0fbd60a8,0xb334c5ce741b80b5b671f47f5c269cb193fe8e24,USDG,0x5fc5360d0400a0fd4f2af552add042d716f1d168,uniswap,v4,0x5ac0d300231e792db1528aecaf28af5f81700efd7ac6cf222500ef5f8934d898,POOL_ID_BYTES32,THIRD_PARTY_DISCOVERY_ONLY,5550.2,3150.08,https://dexscreener.com/robinhood/0x5ac0d300231e792db1528aecaf28af5f81700efd7ac6cf222500ef5f8934d898
JOBY,0x0000000000000000000000000000000092891cbd0b204f8a87d7878e0fbd60a8,0xb334c5ce741b80b5b671f47f5c269cb193fe8e24,ETH,0x0000000000000000000000000000000000000000,uniswap,v4,0x8c368c20139cf74a0c48c2351414c02abd30e42cd391f500374c24d69ba3f90d,POOL_ID_BYTES32,THIRD_PARTY_DISCOVERY_ONLY,9119.12,163.05,https://dexscreener.com/robinhood/0x8c368c20139cf74a0c48c2351414c02abd30e42cd391f500374c24d69ba3f90d
JOBY,0x0000000000000000000000000000000092891cbd0b204f8a87d7878e0fbd60a8,0xb334c5ce741b80b5b671f47f5c269cb193fe8e24,ETH,0x0000000000000000000000000000000000000000,uniswap,v4,0xe630190e76a59de0819de6f780e1111d7a9fc22d609d0d1ebaa22c8dee4bd6be,POOL_ID_BYTES32,THIRD_PARTY_DISCOVERY_ONLY,4728.4,35.11,https://dexscreener.com/robinhood/0xe630190e76a59de0819de6f780e1111d7a9fc22d609d0d1ebaa22c8dee4bd6be
JOBY,0x0000000000000000000000000000000092891cbd0b204f8a87d7878e0fbd60a8,0xb334c5ce741b80b5b671f47f5c269cb193fe8e24,USDG,0x5fc5360d0400a0fd4f2af552add042d716f1d168,uniswap,v4,0xfac45579334dbdb90b5a56ef94f12a2d5154572a84554f03cbf1309d20f85338,POOL_ID_BYTES32,THIRD_PARTY_DISCOVERY_ONLY,7080.52,873.6,https://dexscreener.com/robinhood/0xfac45579334dbdb90b5a56ef94f12a2d5154572a84554f03cbf1309d20f85338
LHX,0x00000000000000000000000000000000441407e9a0ab483bb0d6191d23bcb654,0x48d60243c66437c6ac3c2495be94747aed5dfe25,ETH,0x0000000000000000000000000000000000000000,uniswap,v4,0x017833bb9de759bab2e9eb3d4d88755c2cd8a721eef644a8b91ff6c2ebed63cc,POOL_ID_BYTES32,THIRD_PARTY_DISCOVERY_ONLY,493.64,34.19,https://dexscreener.com/robinhood/0x017833bb9de759bab2e9eb3d4d88755c2cd8a721eef644a8b91ff6c2ebed63cc
LHX,0x00000000000000000000000000000000441407e9a0ab483bb0d6191d23bcb654,0x48d60243c66437c6ac3c2495be94747aed5dfe25,ETH,0x0000000000000000000000000000000000000000,uniswap,v4,0x03a1cfe761577decac15d9fa5ed606718289098a0a0c48b5358b3aff1154cce5,POOL_ID_BYTES32,THIRD_PARTY_DISCOVERY_ONLY,3552.26,440.67,https://dexscreener.com/robinhood/0x03a1cfe761577decac15d9fa5ed606718289098a0a0c48b5358b3aff1154cce5
LHX,0x00000000000000000000000000000000441407e9a0ab483bb0d6191d23bcb654,0x48d60243c66437c6ac3c2495be94747aed5dfe25,ETH,0x0000000000000000000000000000000000000000,uniswap,v4,0x07e1a26f75445b0dc274403ae7cfb51bedd71105a8e121d7c50cf3e1a575b223,POOL_ID_BYTES32,THIRD_PARTY_DISCOVERY_ONLY,2086.01,16.8,https://dexscreener.com/robinhood/0x07e1a26f75445b0dc274403ae7cfb51bedd71105a8e121d7c50cf3e1a575b223
LHX,0x00000000000000000000000000000000441407e9a0ab483bb0d6191d23bcb654,0x48d60243c66437c6ac3c2495be94747aed5dfe25,USDG,0x5fc5360d0400a0fd4f2af552add042d716f1d168,uniswap,v4,0x2fca3f1d342cce3f34962051a3eb2f809d55778c40899d74fcab75645617c19f,POOL_ID_BYTES32,THIRD_PARTY_DISCOVERY_ONLY,515.79,141.56,https://dexscreener.com/robinhood/0x2fca3f1d342cce3f34962051a3eb2f809d55778c40899d74fcab75645617c19f
LHX,0x00000000000000000000000000000000441407e9a0ab483bb0d6191d23bcb654,0x48d60243c66437c6ac3c2495be94747aed5dfe25,ETH,0x0000000000000000000000000000000000000000,uniswap,v4,0x36be31b5a48c5d5142ad5fdf7f58e1569b20ec086fd1cc5e158b869b8bbb351a,POOL_ID_BYTES32,THIRD_PARTY_DISCOVERY_ONLY,7829.22,1153.29,https://dexscreener.com/robinhood/0x36be31b5a48c5d5142ad5fdf7f58e1569b20ec086fd1cc5e158b869b8bbb351a
LHX,0x00000000000000000000000000000000441407e9a0ab483bb0d6191d23bcb654,0x48d60243c66437c6ac3c2495be94747aed5dfe25,ETH,0x0000000000000000000000000000000000000000,uniswap,v4,0x76dcf84b91f4a3cb0804977284e6e524fed70bdace98bb6f4050d99c52d6d8aa,POOL_ID_BYTES32,THIRD_PARTY_DISCOVERY_ONLY,1332.79,174.05,https://dexscreener.com/robinhood/0x76dcf84b91f4a3cb0804977284e6e524fed70bdace98bb6f4050d99c52d6d8aa
LHX,0x00000000000000000000000000000000441407e9a0ab483bb0d6191d23bcb654,0x48d60243c66437c6ac3c2495be94747aed5dfe25,ETH,0x0000000000000000000000000000000000000000,uniswap,v4,0x8f58db1c054685aeb44343ea4ddd87acc4db1e4713a667c054e761579424cde7,POOL_ID_BYTES32,THIRD_PARTY_DISCOVERY_ONLY,592.89,43.17,https://dexscreener.com/robinhood/0x8f58db1c054685aeb44343ea4ddd87acc4db1e4713a667c054e761579424cde7
LHX,0x00000000000000000000000000000000441407e9a0ab483bb0d6191d23bcb654,0x48d60243c66437c6ac3c2495be94747aed5dfe25,USDG,0x5fc5360d0400a0fd4f2af552add042d716f1d168,uniswap,v4,0xcfb9259f0e8f3fbdb87223751b195a13f8dee4d4a46790a4da9644562ad10b38,POOL_ID_BYTES32,THIRD_PARTY_DISCOVERY_ONLY,2592.39,375.99,https://dexscreener.com/robinhood/0xcfb9259f0e8f3fbdb87223751b195a13f8dee4d4a46790a4da9644562ad10b38
LMT,0x000000000000000000000000000000005cca09f06be14aea89a8ea6265026644,0x329fcaceb9ad6f9580dd5f643fed0646900d043c,USDG,0x5fc5360d0400a0fd4f2af552add042d716f1d168,uniswap,v3,0x40567898b0c6ea66798e78ffcf076c55604bcd0c,CONTRACT_ADDRESS,MATCHED_CANONICAL_UNISWAP_FACTORY_RESULT,0,3066.99,https://dexscreener.com/robinhood/0x40567898b0c6ea66798e78ffcf076c55604bcd0c
LMT,0x000000000000000000000000000000005cca09f06be14aea89a8ea6265026644,0x329fcaceb9ad6f9580dd5f643fed0646900d043c,USDG,0x5fc5360d0400a0fd4f2af552add042d716f1d168,uniswap,v4,0x0b118d2480ebdb11374d3ad2ea1b935e9458a9f704222004b3b8de07bc98f1eb,POOL_ID_BYTES32,THIRD_PARTY_DISCOVERY_ONLY,17306.23,12644.26,https://dexscreener.com/robinhood/0x0b118d2480ebdb11374d3ad2ea1b935e9458a9f704222004b3b8de07bc98f1eb
LMT,0x000000000000000000000000000000005cca09f06be14aea89a8ea6265026644,0x329fcaceb9ad6f9580dd5f643fed0646900d043c,USDG,0x5fc5360d0400a0fd4f2af552add042d716f1d168,uniswap,v4,0x116f44879accf3fc79772e678ddbff1b02397fb6cf311f0d106637e48f455932,POOL_ID_BYTES32,THIRD_PARTY_DISCOVERY_ONLY,4942.16,1282.97,https://dexscreener.com/robinhood/0x116f44879accf3fc79772e678ddbff1b02397fb6cf311f0d106637e48f455932
LMT,0x000000000000000000000000000000005cca09f06be14aea89a8ea6265026644,0x329fcaceb9ad6f9580dd5f643fed0646900d043c,ETH,0x0000000000000000000000000000000000000000,uniswap,v4,0x1891ed4ccf52ffa87d412408c2682db055c97b792a677665a02f55a4c4c0ba24,POOL_ID_BYTES32,THIRD_PARTY_DISCOVERY_ONLY,496.26,13.36,https://dexscreener.com/robinhood/0x1891ed4ccf52ffa87d412408c2682db055c97b792a677665a02f55a4c4c0ba24
LMT,0x000000000000000000000000000000005cca09f06be14aea89a8ea6265026644,0x329fcaceb9ad6f9580dd5f643fed0646900d043c,USDG,0x5fc5360d0400a0fd4f2af552add042d716f1d168,uniswap,v4,0x2a24da2178649c14163964af1ee8a32f4f9167549cc89a171ba8d25338584e3a,POOL_ID_BYTES32,THIRD_PARTY_DISCOVERY_ONLY,1161.65,34.42,https://dexscreener.com/robinhood/0x2a24da2178649c14163964af1ee8a32f4f9167549cc89a171ba8d25338584e3a
LMT,0x000000000000000000000000000000005cca09f06be14aea89a8ea6265026644,0x329fcaceb9ad6f9580dd5f643fed0646900d043c,ETH,0x0000000000000000000000000000000000000000,uniswap,v4,0x443e78fbc929664018473b87b21b843f1a7b1b8167a967dd993cac1ad2d4316d,POOL_ID_BYTES32,THIRD_PARTY_DISCOVERY_ONLY,4015.76,799.47,https://dexscreener.com/robinhood/0x443e78fbc929664018473b87b21b843f1a7b1b8167a967dd993cac1ad2d4316d
LMT,0x000000000000000000000000000000005cca09f06be14aea89a8ea6265026644,0x329fcaceb9ad6f9580dd5f643fed0646900d043c,USDG,0x5fc5360d0400a0fd4f2af552add042d716f1d168,uniswap,v4,0x6d98b8f5cc98a94f81ec71a21e2e5d78ab0acdbadf117d3f504f4cb68c823e40,POOL_ID_BYTES32,THIRD_PARTY_DISCOVERY_ONLY,40735.58,9838.76,https://dexscreener.com/robinhood/0x6d98b8f5cc98a94f81ec71a21e2e5d78ab0acdbadf117d3f504f4cb68c823e40
LMT,0x000000000000000000000000000000005cca09f06be14aea89a8ea6265026644,0x329fcaceb9ad6f9580dd5f643fed0646900d043c,USDG,0x5fc5360d0400a0fd4f2af552add042d716f1d168,uniswap,v4,0x7fa6c4c12e35ca72c79b87c317d69de50254629ae761b19fdc0a67162a3989d9,POOL_ID_BYTES32,THIRD_PARTY_DISCOVERY_ONLY,16619.34,46650.84,https://dexscreener.com/robinhood/0x7fa6c4c12e35ca72c79b87c317d69de50254629ae761b19fdc0a67162a3989d9
LMT,0x000000000000000000000000000000005cca09f06be14aea89a8ea6265026644,0x329fcaceb9ad6f9580dd5f643fed0646900d043c,ETH,0x0000000000000000000000000000000000000000,uniswap,v4,0x8b93a7ba72b5b49a54e29d28ec932bad33f666f2a5d7760f8b0df438db057e45,POOL_ID_BYTES32,THIRD_PARTY_DISCOVERY_ONLY,9802.25,2921,https://dexscreener.com/robinhood/0x8b93a7ba72b5b49a54e29d28ec932bad33f666f2a5d7760f8b0df438db057e45
LMT,0x000000000000000000000000000000005cca09f06be14aea89a8ea6265026644,0x329fcaceb9ad6f9580dd5f643fed0646900d043c,USDG,0x5fc5360d0400a0fd4f2af552add042d716f1d168,uniswap,v4,0xa67b163907f623ab45c133418c7875715a435c73f730617a8a42a06abc58c396,POOL_ID_BYTES32,THIRD_PARTY_DISCOVERY_ONLY,3277.75,11444.08,https://dexscreener.com/robinhood/0xa67b163907f623ab45c133418c7875715a435c73f730617a8a42a06abc58c396
LMT,0x000000000000000000000000000000005cca09f06be14aea89a8ea6265026644,0x329fcaceb9ad6f9580dd5f643fed0646900d043c,ETH,0x0000000000000000000000000000000000000000,uniswap,v4,0xe18242bf75ff02f3c1245f80f654b8c79bf48197370fd24765fdf105307d9c75,POOL_ID_BYTES32,THIRD_PARTY_DISCOVERY_ONLY,839.85,13.19,https://dexscreener.com/robinhood/0xe18242bf75ff02f3c1245f80f654b8c79bf48197370fd24765fdf105307d9c75
LRCX,0x0000000000000000000000000000000065968801094d4f8794208f387f3fe9f9,0x57b0030166db0c31690d1a5aa167e2e26e2c29a4,ETH,0x0000000000000000000000000000000000000000,uniswap,v4,0x0c66078e195a8b6e6e01c7c54ec72ea89fbab283297704be8a0633a0829c23d9,POOL_ID_BYTES32,THIRD_PARTY_DISCOVERY_ONLY,510.1,1.83,https://dexscreener.com/robinhood/0x0c66078e195a8b6e6e01c7c54ec72ea89fbab283297704be8a0633a0829c23d9
LRCX,0x0000000000000000000000000000000065968801094d4f8794208f387f3fe9f9,0x57b0030166db0c31690d1a5aa167e2e26e2c29a4,USDG,0x5fc5360d0400a0fd4f2af552add042d716f1d168,uniswap,v4,0x418770b0685112b2c69bd3c74e45594eb2b50aab201469ca53011f3e510c0c7f,POOL_ID_BYTES32,THIRD_PARTY_DISCOVERY_ONLY,606.4,29.13,https://dexscreener.com/robinhood/0x418770b0685112b2c69bd3c74e45594eb2b50aab201469ca53011f3e510c0c7f
LRCX,0x0000000000000000000000000000000065968801094d4f8794208f387f3fe9f9,0x57b0030166db0c31690d1a5aa167e2e26e2c29a4,ETH,0x0000000000000000000000000000000000000000,uniswap,v4,0x545f5bc9a76365f5d838a9aef6e184177f49d491519306f639c93743365c1656,POOL_ID_BYTES32,THIRD_PARTY_DISCOVERY_ONLY,10216.77,213.51,https://dexscreener.com/robinhood/0x545f5bc9a76365f5d838a9aef6e184177f49d491519306f639c93743365c1656
LRCX,0x0000000000000000000000000000000065968801094d4f8794208f387f3fe9f9,0x57b0030166db0c31690d1a5aa167e2e26e2c29a4,USDG,0x5fc5360d0400a0fd4f2af552add042d716f1d168,uniswap,v4,0x945c01c8761c7e948f88d3cb39aae02aea4a9015e0758d829af551c71acc9b72,POOL_ID_BYTES32,THIRD_PARTY_DISCOVERY_ONLY,506.48,2.49,https://dexscreener.com/robinhood/0x945c01c8761c7e948f88d3cb39aae02aea4a9015e0758d829af551c71acc9b72
LRCX,0x0000000000000000000000000000000065968801094d4f8794208f387f3fe9f9,0x57b0030166db0c31690d1a5aa167e2e26e2c29a4,ETH,0x0000000000000000000000000000000000000000,uniswap,v4,0xa18241c4f5cd1208179e9f7c396fd905f36d4aedc6131e0db98edb66f8d25519,POOL_ID_BYTES32,THIRD_PARTY_DISCOVERY_ONLY,611.81,4.24,https://dexscreener.com/robinhood/0xa18241c4f5cd1208179e9f7c396fd905f36d4aedc6131e0db98edb66f8d25519
LRCX,0x0000000000000000000000000000000065968801094d4f8794208f387f3fe9f9,0x57b0030166db0c31690d1a5aa167e2e26e2c29a4,ETH,0x0000000000000000000000000000000000000000,uniswap,v4,0xa5e55f55dd7ed5d441071f446abfb6a610cad7c07ef1e00fbafee03374e0069b,POOL_ID_BYTES32,THIRD_PARTY_DISCOVERY_ONLY,3602.18,77.27,https://dexscreener.com/robinhood/0xa5e55f55dd7ed5d441071f446abfb6a610cad7c07ef1e00fbafee03374e0069b
LRCX,0x0000000000000000000000000000000065968801094d4f8794208f387f3fe9f9,0x57b0030166db0c31690d1a5aa167e2e26e2c29a4,ETH,0x0000000000000000000000000000000000000000,uniswap,v4,0xbfa2bca3d41e5aaf4ae0fb8a5b494a2132affcc3fa228ea24a34e815ff431cea,POOL_ID_BYTES32,THIRD_PARTY_DISCOVERY_ONLY,2174.81,33.86,https://dexscreener.com/robinhood/0xbfa2bca3d41e5aaf4ae0fb8a5b494a2132affcc3fa228ea24a34e815ff431cea
LULU,0x000000000000000000000000000000005b0a57398f2f4322b011fb98da1f785f,0x4e62068525ab11fe768e29dfd00ef909b9803016,USDG,0x5fc5360d0400a0fd4f2af552add042d716f1d168,uniswap,v3,0x0f4227d27082b3bca6818381b9ea6460275e49f4,CONTRACT_ADDRESS,MATCHED_CANONICAL_UNISWAP_FACTORY_RESULT,187818.21,6709775.95,https://dexscreener.com/robinhood/0x0f4227d27082b3bca6818381b9ea6460275e49f4
LULU,0x000000000000000000000000000000005b0a57398f2f4322b011fb98da1f785f,0x4e62068525ab11fe768e29dfd00ef909b9803016,USDG,0x5fc5360d0400a0fd4f2af552add042d716f1d168,uniswap,v3,0x19757223628da89569f9a2488af6c45cb9824ea1,CONTRACT_ADDRESS,MATCHED_CANONICAL_UNISWAP_FACTORY_RESULT,204.84,172284.37,https://dexscreener.com/robinhood/0x19757223628da89569f9a2488af6c45cb9824ea1
LULU,0x000000000000000000000000000000005b0a57398f2f4322b011fb98da1f785f,0x4e62068525ab11fe768e29dfd00ef909b9803016,USDG,0x5fc5360d0400a0fd4f2af552add042d716f1d168,uniswap,v4,0x084f56ce0fea8e7c406ae7cbb8d19758e60355d729d27089a7dbea02243b06f4,POOL_ID_BYTES32,THIRD_PARTY_DISCOVERY_ONLY,330.23,57.93,https://dexscreener.com/robinhood/0x084f56ce0fea8e7c406ae7cbb8d19758e60355d729d27089a7dbea02243b06f4
LULU,0x000000000000000000000000000000005b0a57398f2f4322b011fb98da1f785f,0x4e62068525ab11fe768e29dfd00ef909b9803016,USDG,0x5fc5360d0400a0fd4f2af552add042d716f1d168,uniswap,v4,0x1960bd4e3efec3edaf6dd9ef4a6004c631fba6e07f174e080093a4476a2d5377,POOL_ID_BYTES32,THIRD_PARTY_DISCOVERY_ONLY,22074.67,121.59,https://dexscreener.com/robinhood/0x1960bd4e3efec3edaf6dd9ef4a6004c631fba6e07f174e080093a4476a2d5377
LULU,0x000000000000000000000000000000005b0a57398f2f4322b011fb98da1f785f,0x4e62068525ab11fe768e29dfd00ef909b9803016,USDG,0x5fc5360d0400a0fd4f2af552add042d716f1d168,uniswap,v4,0x1ae8f1068f5d054f995466969d52f84ab559308bde5cd771de35b869c803ab94,POOL_ID_BYTES32,THIRD_PARTY_DISCOVERY_ONLY,7102.46,14284.34,https://dexscreener.com/robinhood/0x1ae8f1068f5d054f995466969d52f84ab559308bde5cd771de35b869c803ab94
LULU,0x000000000000000000000000000000005b0a57398f2f4322b011fb98da1f785f,0x4e62068525ab11fe768e29dfd00ef909b9803016,USDG,0x5fc5360d0400a0fd4f2af552add042d716f1d168,uniswap,v4,0x399240fa1e7da95a3166f2cec0f0c7edb595d08a6b320c407489af98dfbc025d,POOL_ID_BYTES32,THIRD_PARTY_DISCOVERY_ONLY,42826.69,2608164.93,https://dexscreener.com/robinhood/0x399240fa1e7da95a3166f2cec0f0c7edb595d08a6b320c407489af98dfbc025d
LULU,0x000000000000000000000000000000005b0a57398f2f4322b011fb98da1f785f,0x4e62068525ab11fe768e29dfd00ef909b9803016,USDG,0x5fc5360d0400a0fd4f2af552add042d716f1d168,uniswap,v4,0x3cabcc112b5d5dc1350c440e6afa30414329342d49eefaada3f8706ad8aa0a37,POOL_ID_BYTES32,THIRD_PARTY_DISCOVERY_ONLY,416.82,63.77,https://dexscreener.com/robinhood/0x3cabcc112b5d5dc1350c440e6afa30414329342d49eefaada3f8706ad8aa0a37
LULU,0x000000000000000000000000000000005b0a57398f2f4322b011fb98da1f785f,0x4e62068525ab11fe768e29dfd00ef909b9803016,USDG,0x5fc5360d0400a0fd4f2af552add042d716f1d168,uniswap,v4,0x3e685f377eef456e3fe83407e3ce6c146dbfd83c1b68d162f1fad293af5d7abc,POOL_ID_BYTES32,THIRD_PARTY_DISCOVERY_ONLY,120.93,13.49,https://dexscreener.com/robinhood/0x3e685f377eef456e3fe83407e3ce6c146dbfd83c1b68d162f1fad293af5d7abc
LULU,0x000000000000000000000000000000005b0a57398f2f4322b011fb98da1f785f,0x4e62068525ab11fe768e29dfd00ef909b9803016,USDG,0x5fc5360d0400a0fd4f2af552add042d716f1d168,uniswap,v4,0x54fc8634b993ce7378d1e28ad80ae766190189a599260a21f1b3fb43382dd02e,POOL_ID_BYTES32,THIRD_PARTY_DISCOVERY_ONLY,1926.28,198.2,https://dexscreener.com/robinhood/0x54fc8634b993ce7378d1e28ad80ae766190189a599260a21f1b3fb43382dd02e
LULU,0x000000000000000000000000000000005b0a57398f2f4322b011fb98da1f785f,0x4e62068525ab11fe768e29dfd00ef909b9803016,USDG,0x5fc5360d0400a0fd4f2af552add042d716f1d168,uniswap,v4,0x5a112966309261d59bdb8ff1bcfb111d7ee83ff9f3e0a470ad70c6bb111d6d8c,POOL_ID_BYTES32,THIRD_PARTY_DISCOVERY_ONLY,4613.5,17193.88,https://dexscreener.com/robinhood/0x5a112966309261d59bdb8ff1bcfb111d7ee83ff9f3e0a470ad70c6bb111d6d8c
LULU,0x000000000000000000000000000000005b0a57398f2f4322b011fb98da1f785f,0x4e62068525ab11fe768e29dfd00ef909b9803016,ETH,0x0000000000000000000000000000000000000000,uniswap,v4,0x6df340cd6c9d0f6a0a87338d62ba9bd3f109ec6734c57be6873cb0def02f0502,POOL_ID_BYTES32,THIRD_PARTY_DISCOVERY_ONLY,781.83,142.61,https://dexscreener.com/robinhood/0x6df340cd6c9d0f6a0a87338d62ba9bd3f109ec6734c57be6873cb0def02f0502
LULU,0x000000000000000000000000000000005b0a57398f2f4322b011fb98da1f785f,0x4e62068525ab11fe768e29dfd00ef909b9803016,USDG,0x5fc5360d0400a0fd4f2af552add042d716f1d168,uniswap,v4,0x727500285becf3ac06a7063268d2c4dfb19d6e19b0d38778c77c8289758cfaf9,POOL_ID_BYTES32,THIRD_PARTY_DISCOVERY_ONLY,9904.49,11997.1,https://dexscreener.com/robinhood/0x727500285becf3ac06a7063268d2c4dfb19d6e19b0d38778c77c8289758cfaf9
LULU,0x000000000000000000000000000000005b0a57398f2f4322b011fb98da1f785f,0x4e62068525ab11fe768e29dfd00ef909b9803016,USDG,0x5fc5360d0400a0fd4f2af552add042d716f1d168,uniswap,v4,0x7835526c129f416a5c36d2ad579a886f9c9206b96a91d016f3b2e00e0bb08898,POOL_ID_BYTES32,THIRD_PARTY_DISCOVERY_ONLY,1040.01,31.37,https://dexscreener.com/robinhood/0x7835526c129f416a5c36d2ad579a886f9c9206b96a91d016f3b2e00e0bb08898
LULU,0x000000000000000000000000000000005b0a57398f2f4322b011fb98da1f785f,0x4e62068525ab11fe768e29dfd00ef909b9803016,USDG,0x5fc5360d0400a0fd4f2af552add042d716f1d168,uniswap,v4,0x8a378efc9475723dea4aa1778bfc8dafe0627fcb417e9c2a23fb987106c9e1ea,POOL_ID_BYTES32,THIRD_PARTY_DISCOVERY_ONLY,7461.96,13916.98,https://dexscreener.com/robinhood/0x8a378efc9475723dea4aa1778bfc8dafe0627fcb417e9c2a23fb987106c9e1ea
LULU,0x000000000000000000000000000000005b0a57398f2f4322b011fb98da1f785f,0x4e62068525ab11fe768e29dfd00ef909b9803016,ETH,0x0000000000000000000000000000000000000000,uniswap,v4,0x8b8281bd37037941c2416dad5634c7941eb2ad16fb48636af01cd79245b4e425,POOL_ID_BYTES32,THIRD_PARTY_DISCOVERY_ONLY,1655.82,12604.74,https://dexscreener.com/robinhood/0x8b8281bd37037941c2416dad5634c7941eb2ad16fb48636af01cd79245b4e425
LULU,0x000000000000000000000000000000005b0a57398f2f4322b011fb98da1f785f,0x4e62068525ab11fe768e29dfd00ef909b9803016,USDG,0x5fc5360d0400a0fd4f2af552add042d716f1d168,uniswap,v4,0x8e80a88de23f45f47838457a6bd3f243db52f2356b923a771e88a2012dcd2569,POOL_ID_BYTES32,THIRD_PARTY_DISCOVERY_ONLY,33257.46,40218.08,https://dexscreener.com/robinhood/0x8e80a88de23f45f47838457a6bd3f243db52f2356b923a771e88a2012dcd2569
LULU,0x000000000000000000000000000000005b0a57398f2f4322b011fb98da1f785f,0x4e62068525ab11fe768e29dfd00ef909b9803016,USDG,0x5fc5360d0400a0fd4f2af552add042d716f1d168,uniswap,v4,0x8efad521c4b1357ca4dce8a1c4f9058a36b7e588603c1c9dd6254c7ca225a749,POOL_ID_BYTES32,THIRD_PARTY_DISCOVERY_ONLY,13100.59,22412.6,https://dexscreener.com/robinhood/0x8efad521c4b1357ca4dce8a1c4f9058a36b7e588603c1c9dd6254c7ca225a749
LULU,0x000000000000000000000000000000005b0a57398f2f4322b011fb98da1f785f,0x4e62068525ab11fe768e29dfd00ef909b9803016,USDG,0x5fc5360d0400a0fd4f2af552add042d716f1d168,uniswap,v4,0x929ad743a53a27160464679997cd33c23b7d8648b8e9fabdcff96ee248864737,POOL_ID_BYTES32,THIRD_PARTY_DISCOVERY_ONLY,47335.6,23078.69,https://dexscreener.com/robinhood/0x929ad743a53a27160464679997cd33c23b7d8648b8e9fabdcff96ee248864737
LULU,0x000000000000000000000000000000005b0a57398f2f4322b011fb98da1f785f,0x4e62068525ab11fe768e29dfd00ef909b9803016,USDG,0x5fc5360d0400a0fd4f2af552add042d716f1d168,uniswap,v4,0x93ccaa0dbab753beaef789704d622d05f619eb547039a0220625693ea12a333e,POOL_ID_BYTES32,THIRD_PARTY_DISCOVERY_ONLY,45648.57,3405736.4,https://dexscreener.com/robinhood/0x93ccaa0dbab753beaef789704d622d05f619eb547039a0220625693ea12a333e
LULU,0x000000000000000000000000000000005b0a57398f2f4322b011fb98da1f785f,0x4e62068525ab11fe768e29dfd00ef909b9803016,ETH,0x0000000000000000000000000000000000000000,uniswap,v4,0x95e75104a4034c4b6988dd645f0c3737536a0231c604a4e04cb3014bebd66182,POOL_ID_BYTES32,THIRD_PARTY_DISCOVERY_ONLY,200.34,298.23,https://dexscreener.com/robinhood/0x95e75104a4034c4b6988dd645f0c3737536a0231c604a4e04cb3014bebd66182
LULU,0x000000000000000000000000000000005b0a57398f2f4322b011fb98da1f785f,0x4e62068525ab11fe768e29dfd00ef909b9803016,USDG,0x5fc5360d0400a0fd4f2af552add042d716f1d168,uniswap,v4,0xacea22aa920d6a0380b8c0f5589e9acfb04313de19d1fc7fa82fe5c87dfeedda,POOL_ID_BYTES32,THIRD_PARTY_DISCOVERY_ONLY,1818.86,646.44,https://dexscreener.com/robinhood/0xacea22aa920d6a0380b8c0f5589e9acfb04313de19d1fc7fa82fe5c87dfeedda
LULU,0x000000000000000000000000000000005b0a57398f2f4322b011fb98da1f785f,0x4e62068525ab11fe768e29dfd00ef909b9803016,ETH,0x0000000000000000000000000000000000000000,uniswap,v4,0xbc8a60e0cf4e430abbbbb2d5ad0319bae2803cb13955e4bf456745d91c902cbd,POOL_ID_BYTES32,THIRD_PARTY_DISCOVERY_ONLY,2843.54,2033.48,https://dexscreener.com/robinhood/0xbc8a60e0cf4e430abbbbb2d5ad0319bae2803cb13955e4bf456745d91c902cbd
LULU,0x000000000000000000000000000000005b0a57398f2f4322b011fb98da1f785f,0x4e62068525ab11fe768e29dfd00ef909b9803016,USDG,0x5fc5360d0400a0fd4f2af552add042d716f1d168,uniswap,v4,0xbda5509831b44a77e0f49e0e3d128f940ef0366f820f421f3a2f2c79c21602a2,POOL_ID_BYTES32,THIRD_PARTY_DISCOVERY_ONLY,12467.01,553506.9,https://dexscreener.com/robinhood/0xbda5509831b44a77e0f49e0e3d128f940ef0366f820f421f3a2f2c79c21602a2
LULU,0x000000000000000000000000000000005b0a57398f2f4322b011fb98da1f785f,0x4e62068525ab11fe768e29dfd00ef909b9803016,USDG,0x5fc5360d0400a0fd4f2af552add042d716f1d168,uniswap,v4,0xbe40d1778898d2d44774768ef5c0da800fc2be27467dfb23263b9fb44fba6584,POOL_ID_BYTES32,THIRD_PARTY_DISCOVERY_ONLY,998.07,24.36,https://dexscreener.com/robinhood/0xbe40d1778898d2d44774768ef5c0da800fc2be27467dfb23263b9fb44fba6584
LULU,0x000000000000000000000000000000005b0a57398f2f4322b011fb98da1f785f,0x4e62068525ab11fe768e29dfd00ef909b9803016,USDG,0x5fc5360d0400a0fd4f2af552add042d716f1d168,uniswap,v4,0xc562c8449dbdd83e9b93bc2de414d44940082e568fcfa9d9bf659ebcc32cc5fb,POOL_ID_BYTES32,THIRD_PARTY_DISCOVERY_ONLY,1369.26,27704.67,https://dexscreener.com/robinhood/0xc562c8449dbdd83e9b93bc2de414d44940082e568fcfa9d9bf659ebcc32cc5fb
LULU,0x000000000000000000000000000000005b0a57398f2f4322b011fb98da1f785f,0x4e62068525ab11fe768e29dfd00ef909b9803016,USDG,0x5fc5360d0400a0fd4f2af552add042d716f1d168,uniswap,v4,0xd4fa4c9859b69466b3e35d7907789e6d22d5200f3d7634532d825a4469cec863,POOL_ID_BYTES32,THIRD_PARTY_DISCOVERY_ONLY,14370.55,586005.51,https://dexscreener.com/robinhood/0xd4fa4c9859b69466b3e35d7907789e6d22d5200f3d7634532d825a4469cec863
LULU,0x000000000000000000000000000000005b0a57398f2f4322b011fb98da1f785f,0x4e62068525ab11fe768e29dfd00ef909b9803016,USDG,0x5fc5360d0400a0fd4f2af552add042d716f1d168,uniswap,v4,0xd523b0bb8faf732b803b7a3b880193cab60922937f34aa8c0f4265429a197d88,POOL_ID_BYTES32,THIRD_PARTY_DISCOVERY_ONLY,19698.12,44107.36,https://dexscreener.com/robinhood/0xd523b0bb8faf732b803b7a3b880193cab60922937f34aa8c0f4265429a197d88
LULU,0x000000000000000000000000000000005b0a57398f2f4322b011fb98da1f785f,0x4e62068525ab11fe768e29dfd00ef909b9803016,ETH,0x0000000000000000000000000000000000000000,uniswap,v4,0xdfc2c197c159c674f1e8f69c78fd8fa6d0e9281d2a51c185eb9a9ea899ebc286,POOL_ID_BYTES32,THIRD_PARTY_DISCOVERY_ONLY,23737.35,50040.07,https://dexscreener.com/robinhood/0xdfc2c197c159c674f1e8f69c78fd8fa6d0e9281d2a51c185eb9a9ea899ebc286
LULU,0x000000000000000000000000000000005b0a57398f2f4322b011fb98da1f785f,0x4e62068525ab11fe768e29dfd00ef909b9803016,ETH,0x0000000000000000000000000000000000000000,uniswap,v4,0xf1ead2e5df0e510fa2948ceb89cb4d0871acd5f23c2a55a39531a72b1f0a232f,POOL_ID_BYTES32,THIRD_PARTY_DISCOVERY_ONLY,8504.79,6843.43,https://dexscreener.com/robinhood/0xf1ead2e5df0e510fa2948ceb89cb4d0871acd5f23c2a55a39531a72b1f0a232f
LULU,0x000000000000000000000000000000005b0a57398f2f4322b011fb98da1f785f,0x4e62068525ab11fe768e29dfd00ef909b9803016,USDG,0x5fc5360d0400a0fd4f2af552add042d716f1d168,uniswap,v4,0xf7fcd84028ede467ba8dd79fd521b100d3b6dae689f3fd6e1e3fd5022be85cb5,POOL_ID_BYTES32,THIRD_PARTY_DISCOVERY_ONLY,1505.08,4217.13,https://dexscreener.com/robinhood/0xf7fcd84028ede467ba8dd79fd521b100d3b6dae689f3fd6e1e3fd5022be85cb5
META,0x00000000000000000000000000000000343e7beca03644bcba2e50b8236784f5,0xc0d6457c16cc70d6790dd43521c899c87ce02f35,USDG,0x5fc5360d0400a0fd4f2af552add042d716f1d168,ramses,v3,0x960f79d8dfec7f2f0c1b24cdac6bb9df1371c6e2,CONTRACT_ADDRESS,THIRD_PARTY_DISCOVERY_ONLY,3774.44,5430.13,https://dexscreener.com/robinhood/0x960f79d8dfec7f2f0c1b24cdac6bb9df1371c6e2
META,0x00000000000000000000000000000000343e7beca03644bcba2e50b8236784f5,0xc0d6457c16cc70d6790dd43521c899c87ce02f35,WETH,0x0bd7d308f8e1639fab988df18a8011f41eacad73,sheriff,v4,0xa3b563a64910b5a3d5dc815147b82f27bd902bda,CONTRACT_ADDRESS,THIRD_PARTY_DISCOVERY_ONLY,836.54,5.15,https://dexscreener.com/robinhood/0xa3b563a64910b5a3d5dc815147b82f27bd902bda
META,0x00000000000000000000000000000000343e7beca03644bcba2e50b8236784f5,0xc0d6457c16cc70d6790dd43521c899c87ce02f35,USDG,0x5fc5360d0400a0fd4f2af552add042d716f1d168,uniswap,v3,0x107a7cb40d8665360ba10e59471af06150a50922,CONTRACT_ADDRESS,MATCHED_CANONICAL_UNISWAP_FACTORY_RESULT,326243.14,421794.64,https://dexscreener.com/robinhood/0x107a7cb40d8665360ba10e59471af06150a50922
META,0x00000000000000000000000000000000343e7beca03644bcba2e50b8236784f5,0xc0d6457c16cc70d6790dd43521c899c87ce02f35,USDG,0x5fc5360d0400a0fd4f2af552add042d716f1d168,uniswap,v3,0x6fd62e9843ad2ac2c4fbf2b62647953ea29b3537,CONTRACT_ADDRESS,MATCHED_CANONICAL_UNISWAP_FACTORY_RESULT,2782.32,73.15,https://dexscreener.com/robinhood/0x6fd62e9843ad2ac2c4fbf2b62647953ea29b3537
META,0x00000000000000000000000000000000343e7beca03644bcba2e50b8236784f5,0xc0d6457c16cc70d6790dd43521c899c87ce02f35,WETH,0x0bd7d308f8e1639fab988df18a8011f41eacad73,uniswap,v3,0xa4bdb396a69617eb7f70e2cc1ef526f7340b1b0d,CONTRACT_ADDRESS,MATCHED_CANONICAL_UNISWAP_FACTORY_RESULT,54828.98,376941.32,https://dexscreener.com/robinhood/0xa4bdb396a69617eb7f70e2cc1ef526f7340b1b0d
META,0x00000000000000000000000000000000343e7beca03644bcba2e50b8236784f5,0xc0d6457c16cc70d6790dd43521c899c87ce02f35,ETH,0x0000000000000000000000000000000000000000,uniswap,v4,0x0517b876fc82b3494abc9c208d5873d4b515d1761351d7d0264840551f56cc48,POOL_ID_BYTES32,THIRD_PARTY_DISCOVERY_ONLY,558.93,397.59,https://dexscreener.com/robinhood/0x0517b876fc82b3494abc9c208d5873d4b515d1761351d7d0264840551f56cc48
META,0x00000000000000000000000000000000343e7beca03644bcba2e50b8236784f5,0xc0d6457c16cc70d6790dd43521c899c87ce02f35,USDG,0x5fc5360d0400a0fd4f2af552add042d716f1d168,uniswap,v4,0x4ac4259eb99dce57268a856719d087fa1a53569b2fed6f330aabe32d9a4aa4f5,POOL_ID_BYTES32,THIRD_PARTY_DISCOVERY_ONLY,45724.03,211962.55,https://dexscreener.com/robinhood/0x4ac4259eb99dce57268a856719d087fa1a53569b2fed6f330aabe32d9a4aa4f5
META,0x00000000000000000000000000000000343e7beca03644bcba2e50b8236784f5,0xc0d6457c16cc70d6790dd43521c899c87ce02f35,USDG,0x5fc5360d0400a0fd4f2af552add042d716f1d168,uniswap,v4,0x5875d407a42965b0e768c8925cea290e06fa50603ef34fc99eb92a1050e6ae36,POOL_ID_BYTES32,THIRD_PARTY_DISCOVERY_ONLY,343615.4,1277268.6,https://dexscreener.com/robinhood/0x5875d407a42965b0e768c8925cea290e06fa50603ef34fc99eb92a1050e6ae36
META,0x00000000000000000000000000000000343e7beca03644bcba2e50b8236784f5,0xc0d6457c16cc70d6790dd43521c899c87ce02f35,ETH,0x0000000000000000000000000000000000000000,uniswap,v4,0x74b0c1d37ad57fcca5f3d64768d2ec6df43644d612c28cd552ff32198c940cc1,POOL_ID_BYTES32,THIRD_PARTY_DISCOVERY_ONLY,13353.12,11541.68,https://dexscreener.com/robinhood/0x74b0c1d37ad57fcca5f3d64768d2ec6df43644d612c28cd552ff32198c940cc1
META,0x00000000000000000000000000000000343e7beca03644bcba2e50b8236784f5,0xc0d6457c16cc70d6790dd43521c899c87ce02f35,ETH,0x0000000000000000000000000000000000000000,uniswap,v4,0x74eccb0ea6c6c5f079b5e1bb388c22775e73b75f17a2efc70e0f0cc97caf7e91,POOL_ID_BYTES32,THIRD_PARTY_DISCOVERY_ONLY,3336.66,1273.58,https://dexscreener.com/robinhood/0x74eccb0ea6c6c5f079b5e1bb388c22775e73b75f17a2efc70e0f0cc97caf7e91
META,0x00000000000000000000000000000000343e7beca03644bcba2e50b8236784f5,0xc0d6457c16cc70d6790dd43521c899c87ce02f35,USDG,0x5fc5360d0400a0fd4f2af552add042d716f1d168,uniswap,v4,0x825482c14268df31245e2723450c0242d7beb7151ed2f0a95f03bf97699dbc99,POOL_ID_BYTES32,THIRD_PARTY_DISCOVERY_ONLY,974.04,229.66,https://dexscreener.com/robinhood/0x825482c14268df31245e2723450c0242d7beb7151ed2f0a95f03bf97699dbc99
MOD,0x0000000000000000000000000000000059499b681f6d4d558c653682dd74910e,0xc6cbad1016b38b797610c25e1dc7d95988b1f362,USDG,0x5fc5360d0400a0fd4f2af552add042d716f1d168,uniswap,v4,0x020147444cda62c6b1f81e148f72370e717c4fa18880dd13e6c7f0e941dfb6a9,POOL_ID_BYTES32,THIRD_PARTY_DISCOVERY_ONLY,3698.26,539.53,https://dexscreener.com/robinhood/0x020147444cda62c6b1f81e148f72370e717c4fa18880dd13e6c7f0e941dfb6a9
MOD,0x0000000000000000000000000000000059499b681f6d4d558c653682dd74910e,0xc6cbad1016b38b797610c25e1dc7d95988b1f362,ETH,0x0000000000000000000000000000000000000000,uniswap,v4,0x1226441e2e2c0fd89df47ca54ac568eb84dfcdcea2697ecae62c393f71635fe8,POOL_ID_BYTES32,THIRD_PARTY_DISCOVERY_ONLY,3936.67,60.05,https://dexscreener.com/robinhood/0x1226441e2e2c0fd89df47ca54ac568eb84dfcdcea2697ecae62c393f71635fe8
MOD,0x0000000000000000000000000000000059499b681f6d4d558c653682dd74910e,0xc6cbad1016b38b797610c25e1dc7d95988b1f362,ETH,0x0000000000000000000000000000000000000000,uniswap,v4,0x24da5324ca9df4fab3130baeee09d15a34ccc10b6f1006a0ece95455f405bced,POOL_ID_BYTES32,THIRD_PARTY_DISCOVERY_ONLY,2721.48,100.86,https://dexscreener.com/robinhood/0x24da5324ca9df4fab3130baeee09d15a34ccc10b6f1006a0ece95455f405bced
MOD,0x0000000000000000000000000000000059499b681f6d4d558c653682dd74910e,0xc6cbad1016b38b797610c25e1dc7d95988b1f362,USDG,0x5fc5360d0400a0fd4f2af552add042d716f1d168,uniswap,v4,0x7434e96ef5aa14c99d0ce27cec1c1d80f3adb5e92a0fe0790b5a4898d3aa2658,POOL_ID_BYTES32,THIRD_PARTY_DISCOVERY_ONLY,2500.63,59.25,https://dexscreener.com/robinhood/0x7434e96ef5aa14c99d0ce27cec1c1d80f3adb5e92a0fe0790b5a4898d3aa2658
MOD,0x0000000000000000000000000000000059499b681f6d4d558c653682dd74910e,0xc6cbad1016b38b797610c25e1dc7d95988b1f362,ETH,0x0000000000000000000000000000000000000000,uniswap,v4,0xd80181d68dfc90f15b2357c5de6ba13895058bbb5a551ded07d1e0fc660fd44d,POOL_ID_BYTES32,THIRD_PARTY_DISCOVERY_ONLY,7551.36,321.18,https://dexscreener.com/robinhood/0xd80181d68dfc90f15b2357c5de6ba13895058bbb5a551ded07d1e0fc660fd44d
MRNA,0x00000000000000000000000000000000645f1b5c9e1a4a0e8fa96d05e16df733,0x43b07d15ce533bec5476d70c22a78a1b2b662155,USDG,0x5fc5360d0400a0fd4f2af552add042d716f1d168,ramses,v3,0xf78846added5cfcaf90649900fee804c42976d67,CONTRACT_ADDRESS,THIRD_PARTY_DISCOVERY_ONLY,71099.74,62479.64,https://dexscreener.com/robinhood/0xf78846added5cfcaf90649900fee804c42976d67
MRNA,0x00000000000000000000000000000000645f1b5c9e1a4a0e8fa96d05e16df733,0x43b07d15ce533bec5476d70c22a78a1b2b662155,USDG,0x5fc5360d0400a0fd4f2af552add042d716f1d168,uniswap,v3,0xa34d0667334074df2d5bfd259e79e6b9cf1fa8bf,CONTRACT_ADDRESS,MATCHED_CANONICAL_UNISWAP_FACTORY_RESULT,149169.52,219393.9,https://dexscreener.com/robinhood/0xa34d0667334074df2d5bfd259e79e6b9cf1fa8bf
MRNA,0x00000000000000000000000000000000645f1b5c9e1a4a0e8fa96d05e16df733,0x43b07d15ce533bec5476d70c22a78a1b2b662155,WETH,0x0bd7d308f8e1639fab988df18a8011f41eacad73,uniswap,v3,0xae6d85e96bee054417d8d627b310a945484415be,CONTRACT_ADDRESS,MATCHED_CANONICAL_UNISWAP_FACTORY_RESULT,30.93,1046.92,https://dexscreener.com/robinhood/0xae6d85e96bee054417d8d627b310a945484415be
MRNA,0x00000000000000000000000000000000645f1b5c9e1a4a0e8fa96d05e16df733,0x43b07d15ce533bec5476d70c22a78a1b2b662155,USDG,0x5fc5360d0400a0fd4f2af552add042d716f1d168,uniswap,v3,0xb40196272a6d2eb5edf6d93bc4dc39856ad95e0e,CONTRACT_ADDRESS,MATCHED_CANONICAL_UNISWAP_FACTORY_RESULT,35103.37,267149.77,https://dexscreener.com/robinhood/0xb40196272a6d2eb5edf6d93bc4dc39856ad95e0e
MRNA,0x00000000000000000000000000000000645f1b5c9e1a4a0e8fa96d05e16df733,0x43b07d15ce533bec5476d70c22a78a1b2b662155,USDG,0x5fc5360d0400a0fd4f2af552add042d716f1d168,uniswap,v4,0x037364372adb526c4c2634d94f85990ce1d7da26b6d4081ebc0dc1ef3f219e53,POOL_ID_BYTES32,THIRD_PARTY_DISCOVERY_ONLY,35117.65,238743.83,https://dexscreener.com/robinhood/0x037364372adb526c4c2634d94f85990ce1d7da26b6d4081ebc0dc1ef3f219e53
MRNA,0x00000000000000000000000000000000645f1b5c9e1a4a0e8fa96d05e16df733,0x43b07d15ce533bec5476d70c22a78a1b2b662155,ETH,0x0000000000000000000000000000000000000000,uniswap,v4,0x32be53c0e86965275e39cdd3083c62e290af4e3835673a725305e9034ff5e06b,POOL_ID_BYTES32,THIRD_PARTY_DISCOVERY_ONLY,37961.63,5210.22,https://dexscreener.com/robinhood/0x32be53c0e86965275e39cdd3083c62e290af4e3835673a725305e9034ff5e06b
MRNA,0x00000000000000000000000000000000645f1b5c9e1a4a0e8fa96d05e16df733,0x43b07d15ce533bec5476d70c22a78a1b2b662155,USDG,0x5fc5360d0400a0fd4f2af552add042d716f1d168,uniswap,v4,0x46087124925daa98a900a2f9835489040a75875b565bcaaedd723b72dff55f6a,POOL_ID_BYTES32,THIRD_PARTY_DISCOVERY_ONLY,937.42,226.57,https://dexscreener.com/robinhood/0x46087124925daa98a900a2f9835489040a75875b565bcaaedd723b72dff55f6a
MRNA,0x00000000000000000000000000000000645f1b5c9e1a4a0e8fa96d05e16df733,0x43b07d15ce533bec5476d70c22a78a1b2b662155,ETH,0x0000000000000000000000000000000000000000,uniswap,v4,0x57976796de1e5a6951dac96f20a3e0f5a67f4133d9a42604618fc55cbba601f5,POOL_ID_BYTES32,THIRD_PARTY_DISCOVERY_ONLY,1184.72,18.71,https://dexscreener.com/robinhood/0x57976796de1e5a6951dac96f20a3e0f5a67f4133d9a42604618fc55cbba601f5
MRNA,0x00000000000000000000000000000000645f1b5c9e1a4a0e8fa96d05e16df733,0x43b07d15ce533bec5476d70c22a78a1b2b662155,USDG,0x5fc5360d0400a0fd4f2af552add042d716f1d168,uniswap,v4,0x5fb00968834d782603b244e705a130058bf6cc4c0f53a1da98d5e392988db6aa,POOL_ID_BYTES32,THIRD_PARTY_DISCOVERY_ONLY,91075.17,224672.71,https://dexscreener.com/robinhood/0x5fb00968834d782603b244e705a130058bf6cc4c0f53a1da98d5e392988db6aa
MRNA,0x00000000000000000000000000000000645f1b5c9e1a4a0e8fa96d05e16df733,0x43b07d15ce533bec5476d70c22a78a1b2b662155,ETH,0x0000000000000000000000000000000000000000,uniswap,v4,0x64681aebfbf7e23c11772647beb192c8e1e19435db496d70a98239706347b59a,POOL_ID_BYTES32,THIRD_PARTY_DISCOVERY_ONLY,36.73,2.06,https://dexscreener.com/robinhood/0x64681aebfbf7e23c11772647beb192c8e1e19435db496d70a98239706347b59a
MRNA,0x00000000000000000000000000000000645f1b5c9e1a4a0e8fa96d05e16df733,0x43b07d15ce533bec5476d70c22a78a1b2b662155,USDG,0x5fc5360d0400a0fd4f2af552add042d716f1d168,uniswap,v4,0x65aa622895c5b6872630099c1c56fb4a5f5f3cf973d0a1f18995d05941d5d10a,POOL_ID_BYTES32,THIRD_PARTY_DISCOVERY_ONLY,7188.75,150.9,https://dexscreener.com/robinhood/0x65aa622895c5b6872630099c1c56fb4a5f5f3cf973d0a1f18995d05941d5d10a
MRNA,0x00000000000000000000000000000000645f1b5c9e1a4a0e8fa96d05e16df733,0x43b07d15ce533bec5476d70c22a78a1b2b662155,ETH,0x0000000000000000000000000000000000000000,uniswap,v4,0x717b28f3c6b32522fabf2ee89a0c9d96ee7ce5a08ad7138b66589f40cb1504cf,POOL_ID_BYTES32,THIRD_PARTY_DISCOVERY_ONLY,4441.92,908.86,https://dexscreener.com/robinhood/0x717b28f3c6b32522fabf2ee89a0c9d96ee7ce5a08ad7138b66589f40cb1504cf
MRNA,0x00000000000000000000000000000000645f1b5c9e1a4a0e8fa96d05e16df733,0x43b07d15ce533bec5476d70c22a78a1b2b662155,USDG,0x5fc5360d0400a0fd4f2af552add042d716f1d168,uniswap,v4,0x87b3b3555aecd2e2890fcaa244621bd4674bb52d619f51d133b149de0d817961,POOL_ID_BYTES32,THIRD_PARTY_DISCOVERY_ONLY,1976.97,145.08,https://dexscreener.com/robinhood/0x87b3b3555aecd2e2890fcaa244621bd4674bb52d619f51d133b149de0d817961
MRNA,0x00000000000000000000000000000000645f1b5c9e1a4a0e8fa96d05e16df733,0x43b07d15ce533bec5476d70c22a78a1b2b662155,USDG,0x5fc5360d0400a0fd4f2af552add042d716f1d168,uniswap,v4,0xd99169efe6b23a5f5253da3e820553c1deccf4e55e570783d328e6035b7569b9,POOL_ID_BYTES32,THIRD_PARTY_DISCOVERY_ONLY,37242.04,290257.23,https://dexscreener.com/robinhood/0xd99169efe6b23a5f5253da3e820553c1deccf4e55e570783d328e6035b7569b9
MRNA,0x00000000000000000000000000000000645f1b5c9e1a4a0e8fa96d05e16df733,0x43b07d15ce533bec5476d70c22a78a1b2b662155,USDG,0x5fc5360d0400a0fd4f2af552add042d716f1d168,uniswap,v4,0xe86f3250ce82b41751c7874a50a7c2d4169ecf4c350634ba875f68083523d600,POOL_ID_BYTES32,THIRD_PARTY_DISCOVERY_ONLY,43.23,20.99,https://dexscreener.com/robinhood/0xe86f3250ce82b41751c7874a50a7c2d4169ecf4c350634ba875f68083523d600
MSFT,0x00000000000000000000000000000000307bb0113ca54f93adf80f4ff2bf681a,0xe93237c50d904957cf27e7b1133b510c669c2e74,USDG,0x5fc5360d0400a0fd4f2af552add042d716f1d168,ramses,v3,0x8595c466e148ecc019183fa771c9670792143de7,CONTRACT_ADDRESS,THIRD_PARTY_DISCOVERY_ONLY,10539.46,51157.68,https://dexscreener.com/robinhood/0x8595c466e148ecc019183fa771c9670792143de7
MSFT,0x00000000000000000000000000000000307bb0113ca54f93adf80f4ff2bf681a,0xe93237c50d904957cf27e7b1133b510c669c2e74,WETH,0x0bd7d308f8e1639fab988df18a8011f41eacad73,uniswap,v2,0x79128f6d6ff4aff600e743a7dbc5a282e91b2099,CONTRACT_ADDRESS,MATCHED_CANONICAL_UNISWAP_FACTORY_RESULT,0,401.68,https://dexscreener.com/robinhood/0x79128f6d6ff4aff600e743a7dbc5a282e91b2099
MSFT,0x00000000000000000000000000000000307bb0113ca54f93adf80f4ff2bf681a,0xe93237c50d904957cf27e7b1133b510c669c2e74,USDG,0x5fc5360d0400a0fd4f2af552add042d716f1d168,uniswap,v3,0xeb60bcd1d920ad6e102690ccfc6fb488899e1510,CONTRACT_ADDRESS,MATCHED_CANONICAL_UNISWAP_FACTORY_RESULT,234188.02,823355.21,https://dexscreener.com/robinhood/0xeb60bcd1d920ad6e102690ccfc6fb488899e1510
MSFT,0x00000000000000000000000000000000307bb0113ca54f93adf80f4ff2bf681a,0xe93237c50d904957cf27e7b1133b510c669c2e74,ETH,0x0000000000000000000000000000000000000000,uniswap,v4,0x34147f36f89c42a67f77601e612abdb1bd40869e53e8d0edd19705ae0499192d,POOL_ID_BYTES32,THIRD_PARTY_DISCOVERY_ONLY,39148.52,91910.89,https://dexscreener.com/robinhood/0x34147f36f89c42a67f77601e612abdb1bd40869e53e8d0edd19705ae0499192d
MSFT,0x00000000000000000000000000000000307bb0113ca54f93adf80f4ff2bf681a,0xe93237c50d904957cf27e7b1133b510c669c2e74,USDG,0x5fc5360d0400a0fd4f2af552add042d716f1d168,uniswap,v4,0x68315e35a963273c4b52a36a38ac109fed55e1305af0c925a256da787e63e387,POOL_ID_BYTES32,THIRD_PARTY_DISCOVERY_ONLY,9955.26,243.41,https://dexscreener.com/robinhood/0x68315e35a963273c4b52a36a38ac109fed55e1305af0c925a256da787e63e387
MSFT,0x00000000000000000000000000000000307bb0113ca54f93adf80f4ff2bf681a,0xe93237c50d904957cf27e7b1133b510c669c2e74,USDG,0x5fc5360d0400a0fd4f2af552add042d716f1d168,uniswap,v4,0x9194a557b6a6bb2236b49ea7e2bbccec5d3eeb705aef00903be4b3de1d949579,POOL_ID_BYTES32,THIRD_PARTY_DISCOVERY_ONLY,275965.91,1018132.04,https://dexscreener.com/robinhood/0x9194a557b6a6bb2236b49ea7e2bbccec5d3eeb705aef00903be4b3de1d949579
MSFT,0x00000000000000000000000000000000307bb0113ca54f93adf80f4ff2bf681a,0xe93237c50d904957cf27e7b1133b510c669c2e74,ETH,0x0000000000000000000000000000000000000000,uniswap,v4,0x9b1819f46bee9b287f9a6fd7653e2332454f468809377e6f879ff622b7f06294,POOL_ID_BYTES32,THIRD_PARTY_DISCOVERY_ONLY,0.49,0,https://dexscreener.com/robinhood/0x9b1819f46bee9b287f9a6fd7653e2332454f468809377e6f879ff622b7f06294
MSFT,0x00000000000000000000000000000000307bb0113ca54f93adf80f4ff2bf681a,0xe93237c50d904957cf27e7b1133b510c669c2e74,USDG,0x5fc5360d0400a0fd4f2af552add042d716f1d168,uniswap,v4,0xd181a99bb09d0badcb04ce583f732feea5f8a11b3ab5691d8d1e17e4f469a441,POOL_ID_BYTES32,THIRD_PARTY_DISCOVERY_ONLY,305.61,12.43,https://dexscreener.com/robinhood/0xd181a99bb09d0badcb04ce583f732feea5f8a11b3ab5691d8d1e17e4f469a441
MSFT,0x00000000000000000000000000000000307bb0113ca54f93adf80f4ff2bf681a,0xe93237c50d904957cf27e7b1133b510c669c2e74,USDG,0x5fc5360d0400a0fd4f2af552add042d716f1d168,uniswap,v4,0xdd04fe28b7f5fcb07b492cfd434286ff1a54b12eaa69ff00a2807fa1f2adc6a8,POOL_ID_BYTES32,THIRD_PARTY_DISCOVERY_ONLY,72521.49,449353.15,https://dexscreener.com/robinhood/0xdd04fe28b7f5fcb07b492cfd434286ff1a54b12eaa69ff00a2807fa1f2adc6a8
MSFT,0x00000000000000000000000000000000307bb0113ca54f93adf80f4ff2bf681a,0xe93237c50d904957cf27e7b1133b510c669c2e74,USDG,0x5fc5360d0400a0fd4f2af552add042d716f1d168,up,v3,0x4230750b3c69ae6054a3f778d75adc2e9a27d70f,CONTRACT_ADDRESS,THIRD_PARTY_DISCOVERY_ONLY,47498.85,1371994.81,https://dexscreener.com/robinhood/0x4230750b3c69ae6054a3f778d75adc2e9a27d70f
MSFT,0x00000000000000000000000000000000307bb0113ca54f93adf80f4ff2bf681a,0xe93237c50d904957cf27e7b1133b510c669c2e74,WETH,0x0bd7d308f8e1639fab988df18a8011f41eacad73,up,v3,0x8701f90eaae8c8787258af54240595e1668cc876,CONTRACT_ADDRESS,THIRD_PARTY_DISCOVERY_ONLY,152.21,452.7,https://dexscreener.com/robinhood/0x8701f90eaae8c8787258af54240595e1668cc876
MTSI,0x000000000000000000000000000000000cd0e8a5e7c341e09f4532de2dc256b2,0xc93f4d80e268ab922e871bd169156c3cc41894e6,USDG,0x5fc5360d0400a0fd4f2af552add042d716f1d168,uniswap,v4,0x1ccbf9a13c43e5deaa2d7b0cbf86960f63152b3a5c9a10fe5a4f9a550cec167d,POOL_ID_BYTES32,THIRD_PARTY_DISCOVERY_ONLY,3713.47,409.65,https://dexscreener.com/robinhood/0x1ccbf9a13c43e5deaa2d7b0cbf86960f63152b3a5c9a10fe5a4f9a550cec167d
MTSI,0x000000000000000000000000000000000cd0e8a5e7c341e09f4532de2dc256b2,0xc93f4d80e268ab922e871bd169156c3cc41894e6,USDG,0x5fc5360d0400a0fd4f2af552add042d716f1d168,uniswap,v4,0x4113c01c4cd4e1b28c878f55d69e56f6f9de268076ffd30a18543e17ff7107fb,POOL_ID_BYTES32,THIRD_PARTY_DISCOVERY_ONLY,585,58.17,https://dexscreener.com/robinhood/0x4113c01c4cd4e1b28c878f55d69e56f6f9de268076ffd30a18543e17ff7107fb
MTSI,0x000000000000000000000000000000000cd0e8a5e7c341e09f4532de2dc256b2,0xc93f4d80e268ab922e871bd169156c3cc41894e6,ETH,0x0000000000000000000000000000000000000000,uniswap,v4,0x710f8399559e1ad4a6a43a286f8ae6ee6d3583608f10bd0cdaf292f7656accac,POOL_ID_BYTES32,THIRD_PARTY_DISCOVERY_ONLY,661.03,62.69,https://dexscreener.com/robinhood/0x710f8399559e1ad4a6a43a286f8ae6ee6d3583608f10bd0cdaf292f7656accac
MTSI,0x000000000000000000000000000000000cd0e8a5e7c341e09f4532de2dc256b2,0xc93f4d80e268ab922e871bd169156c3cc41894e6,ETH,0x0000000000000000000000000000000000000000,uniswap,v4,0x7f22cd867c8205458f29b18f8aebae08cc40b3710b176a204e2da0cb5e5d16d9,POOL_ID_BYTES32,THIRD_PARTY_DISCOVERY_ONLY,9959.47,615.13,https://dexscreener.com/robinhood/0x7f22cd867c8205458f29b18f8aebae08cc40b3710b176a204e2da0cb5e5d16d9
MTSI,0x000000000000000000000000000000000cd0e8a5e7c341e09f4532de2dc256b2,0xc93f4d80e268ab922e871bd169156c3cc41894e6,ETH,0x0000000000000000000000000000000000000000,uniswap,v4,0x84884c274899f7f55557193e303e9c1f636ea39e5e820ca331bee3b19e18741f,POOL_ID_BYTES32,THIRD_PARTY_DISCOVERY_ONLY,2428,309.67,https://dexscreener.com/robinhood/0x84884c274899f7f55557193e303e9c1f636ea39e5e820ca331bee3b19e18741f
MTSI,0x000000000000000000000000000000000cd0e8a5e7c341e09f4532de2dc256b2,0xc93f4d80e268ab922e871bd169156c3cc41894e6,ETH,0x0000000000000000000000000000000000000000,uniswap,v4,0xb9c3fcbf7cde93f9331e4fdb43060028d074d81e89efbcfebfa405fa4a111356,POOL_ID_BYTES32,THIRD_PARTY_DISCOVERY_ONLY,552.46,221.71,https://dexscreener.com/robinhood/0xb9c3fcbf7cde93f9331e4fdb43060028d074d81e89efbcfebfa405fa4a111356
MTSI,0x000000000000000000000000000000000cd0e8a5e7c341e09f4532de2dc256b2,0xc93f4d80e268ab922e871bd169156c3cc41894e6,USDG,0x5fc5360d0400a0fd4f2af552add042d716f1d168,uniswap,v4,0xe0fa8194377bd00cf1a8367570727ee7d0b97b3284f51e30e190b49b3d7aa0a0,POOL_ID_BYTES32,THIRD_PARTY_DISCOVERY_ONLY,2143.17,120.23,https://dexscreener.com/robinhood/0xe0fa8194377bd00cf1a8367570727ee7d0b97b3284f51e30e190b49b3d7aa0a0
MTSI,0x000000000000000000000000000000000cd0e8a5e7c341e09f4532de2dc256b2,0xc93f4d80e268ab922e871bd169156c3cc41894e6,USDG,0x5fc5360d0400a0fd4f2af552add042d716f1d168,uniswap,v4,0xf81583876c65a7fc0e5feaa02c8ac0a23c26233dca574e7552aaa2e710db12b2,POOL_ID_BYTES32,THIRD_PARTY_DISCOVERY_ONLY,2994.49,5.09,https://dexscreener.com/robinhood/0xf81583876c65a7fc0e5feaa02c8ac0a23c26233dca574e7552aaa2e710db12b2
MU,0x000000000000000000000000000000007757415150a94b50a879cdc04dc90664,0xff080c8ce2e5feadaca0da81314ae59d232d4afd,USDG,0x5fc5360d0400a0fd4f2af552add042d716f1d168,giga,v3,0xeca51dca0248dfcf3ae94d721c4f2ada43e46bb0,CONTRACT_ADDRESS,THIRD_PARTY_DISCOVERY_ONLY,109.67,356.91,https://dexscreener.com/robinhood/0xeca51dca0248dfcf3ae94d721c4f2ada43e46bb0
MU,0x000000000000000000000000000000007757415150a94b50a879cdc04dc90664,0xff080c8ce2e5feadaca0da81314ae59d232d4afd,USDG,0x5fc5360d0400a0fd4f2af552add042d716f1d168,ramses,v3,0xa5c8bad6323f07330a7808a33a453b198b3e91dc,CONTRACT_ADDRESS,THIRD_PARTY_DISCOVERY_ONLY,29705.77,174307.63,https://dexscreener.com/robinhood/0xa5c8bad6323f07330a7808a33a453b198b3e91dc
MU,0x000000000000000000000000000000007757415150a94b50a879cdc04dc90664,0xff080c8ce2e5feadaca0da81314ae59d232d4afd,WETH,0x0bd7d308f8e1639fab988df18a8011f41eacad73,uniswap,v3,0x301f48ec369bb3bfa0bc04d44a79037aa0ee2340,CONTRACT_ADDRESS,MATCHED_CANONICAL_UNISWAP_FACTORY_RESULT,17098.27,20612.03,https://dexscreener.com/robinhood/0x301f48ec369bb3bfa0bc04d44a79037aa0ee2340
MU,0x000000000000000000000000000000007757415150a94b50a879cdc04dc90664,0xff080c8ce2e5feadaca0da81314ae59d232d4afd,USDG,0x5fc5360d0400a0fd4f2af552add042d716f1d168,uniswap,v3,0x6fd0f36320a1e50e42f130ce4a5c530b992a0a14,CONTRACT_ADDRESS,MATCHED_CANONICAL_UNISWAP_FACTORY_RESULT,2.32,26612.11,https://dexscreener.com/robinhood/0x6fd0f36320a1e50e42f130ce4a5c530b992a0a14
MU,0x000000000000000000000000000000007757415150a94b50a879cdc04dc90664,0xff080c8ce2e5feadaca0da81314ae59d232d4afd,USDG,0x5fc5360d0400a0fd4f2af552add042d716f1d168,uniswap,v3,0xd057b1bc54917855bbee58ead58647f47cab35e5,CONTRACT_ADDRESS,MATCHED_CANONICAL_UNISWAP_FACTORY_RESULT,1104499.74,4248275.76,https://dexscreener.com/robinhood/0xd057b1bc54917855bbee58ead58647f47cab35e5
MU,0x000000000000000000000000000000007757415150a94b50a879cdc04dc90664,0xff080c8ce2e5feadaca0da81314ae59d232d4afd,USDG,0x5fc5360d0400a0fd4f2af552add042d716f1d168,uniswap,v4,0x29ed25b9ce4a6f41d8c827a506acd2df67dac3278b1d79258aa023ea9d7d9f0e,POOL_ID_BYTES32,THIRD_PARTY_DISCOVERY_ONLY,857.74,427.17,https://dexscreener.com/robinhood/0x29ed25b9ce4a6f41d8c827a506acd2df67dac3278b1d79258aa023ea9d7d9f0e
MU,0x000000000000000000000000000000007757415150a94b50a879cdc04dc90664,0xff080c8ce2e5feadaca0da81314ae59d232d4afd,USDG,0x5fc5360d0400a0fd4f2af552add042d716f1d168,uniswap,v4,0x464d18e2692ad5ee2be244117e843bc2b439666a32572a814c1e6c9cd9e8a7cd,POOL_ID_BYTES32,THIRD_PARTY_DISCOVERY_ONLY,821.73,705.25,https://dexscreener.com/robinhood/0x464d18e2692ad5ee2be244117e843bc2b439666a32572a814c1e6c9cd9e8a7cd
MU,0x000000000000000000000000000000007757415150a94b50a879cdc04dc90664,0xff080c8ce2e5feadaca0da81314ae59d232d4afd,USDG,0x5fc5360d0400a0fd4f2af552add042d716f1d168,uniswap,v4,0x4f75cdbd69fde6f7c8193a06a440ff262b0236f1e083378507eeffcb0279910a,POOL_ID_BYTES32,THIRD_PARTY_DISCOVERY_ONLY,46390.93,121.4,https://dexscreener.com/robinhood/0x4f75cdbd69fde6f7c8193a06a440ff262b0236f1e083378507eeffcb0279910a
MU,0x000000000000000000000000000000007757415150a94b50a879cdc04dc90664,0xff080c8ce2e5feadaca0da81314ae59d232d4afd,ETH,0x0000000000000000000000000000000000000000,uniswap,v4,0x5fb97aef826b674c4bc76707563816f171043a3b1bf91431b7f82acd6381876b,POOL_ID_BYTES32,THIRD_PARTY_DISCOVERY_ONLY,286640.89,568985.19,https://dexscreener.com/robinhood/0x5fb97aef826b674c4bc76707563816f171043a3b1bf91431b7f82acd6381876b
MU,0x000000000000000000000000000000007757415150a94b50a879cdc04dc90664,0xff080c8ce2e5feadaca0da81314ae59d232d4afd,USDG,0x5fc5360d0400a0fd4f2af552add042d716f1d168,uniswap,v4,0x6fa3ee0048e78bf0a513eb0ab56f482944a767c21db990fcf555605e69f05659,POOL_ID_BYTES32,THIRD_PARTY_DISCOVERY_ONLY,555399.36,537164.81,https://dexscreener.com/robinhood/0x6fa3ee0048e78bf0a513eb0ab56f482944a767c21db990fcf555605e69f05659
MU,0x000000000000000000000000000000007757415150a94b50a879cdc04dc90664,0xff080c8ce2e5feadaca0da81314ae59d232d4afd,ETH,0x0000000000000000000000000000000000000000,uniswap,v4,0x8066185f99d298236b6592bd898f714c90efb0260fda3756eebcf29220657f5d,POOL_ID_BYTES32,THIRD_PARTY_DISCOVERY_ONLY,4178.08,92.15,https://dexscreener.com/robinhood/0x8066185f99d298236b6592bd898f714c90efb0260fda3756eebcf29220657f5d
MU,0x000000000000000000000000000000007757415150a94b50a879cdc04dc90664,0xff080c8ce2e5feadaca0da81314ae59d232d4afd,ETH,0x0000000000000000000000000000000000000000,uniswap,v4,0x8793174efc2a80bf51624bea62b68ce1ac7e305d8c1e2eda87d8db78341627e1,POOL_ID_BYTES32,THIRD_PARTY_DISCOVERY_ONLY,1144.26,574.8,https://dexscreener.com/robinhood/0x8793174efc2a80bf51624bea62b68ce1ac7e305d8c1e2eda87d8db78341627e1
MU,0x000000000000000000000000000000007757415150a94b50a879cdc04dc90664,0xff080c8ce2e5feadaca0da81314ae59d232d4afd,ETH,0x0000000000000000000000000000000000000000,uniswap,v4,0x881b4219078c86ac3a3930a6c229c2c846209fe9b4f0b8671772d42e2a799796,POOL_ID_BYTES32,THIRD_PARTY_DISCOVERY_ONLY,1877.44,121.89,https://dexscreener.com/robinhood/0x881b4219078c86ac3a3930a6c229c2c846209fe9b4f0b8671772d42e2a799796
MU,0x000000000000000000000000000000007757415150a94b50a879cdc04dc90664,0xff080c8ce2e5feadaca0da81314ae59d232d4afd,ETH,0x0000000000000000000000000000000000000000,uniswap,v4,0xaf10cfa760148e742b1b261b987aab8ae39136d0ed76621eced84220e6cebd5e,POOL_ID_BYTES32,THIRD_PARTY_DISCOVERY_ONLY,2903.31,0.99,https://dexscreener.com/robinhood/0xaf10cfa760148e742b1b261b987aab8ae39136d0ed76621eced84220e6cebd5e
MU,0x000000000000000000000000000000007757415150a94b50a879cdc04dc90664,0xff080c8ce2e5feadaca0da81314ae59d232d4afd,USDG,0x5fc5360d0400a0fd4f2af552add042d716f1d168,uniswap,v4,0xb541480f4143a4a7529d696fb4da82ce8240e847e3479a546046e2ca629f35e2,POOL_ID_BYTES32,THIRD_PARTY_DISCOVERY_ONLY,800.9,859.73,https://dexscreener.com/robinhood/0xb541480f4143a4a7529d696fb4da82ce8240e847e3479a546046e2ca629f35e2
MU,0x000000000000000000000000000000007757415150a94b50a879cdc04dc90664,0xff080c8ce2e5feadaca0da81314ae59d232d4afd,ETH,0x0000000000000000000000000000000000000000,uniswap,v4,0xcd1e3de4922c5e69a7c21bb0b381e3aa31841a0470cebf196bc7d366f2c967bb,POOL_ID_BYTES32,THIRD_PARTY_DISCOVERY_ONLY,7299.82,34364.92,https://dexscreener.com/robinhood/0xcd1e3de4922c5e69a7c21bb0b381e3aa31841a0470cebf196bc7d366f2c967bb
MU,0x000000000000000000000000000000007757415150a94b50a879cdc04dc90664,0xff080c8ce2e5feadaca0da81314ae59d232d4afd,USDG,0x5fc5360d0400a0fd4f2af552add042d716f1d168,up,v3,0xb717159fb22edd02ef832d3fd79f1b1bd958eaea,CONTRACT_ADDRESS,THIRD_PARTY_DISCOVERY_ONLY,17698.29,246370.59,https://dexscreener.com/robinhood/0xb717159fb22edd02ef832d3fd79f1b1bd958eaea
MXL,0x0000000000000000000000000000000014f96c01ad254647b2617a5686d6053a,0x48961813349333209994750ffa89b3c5c22ec969,USDG,0x5fc5360d0400a0fd4f2af552add042d716f1d168,ramses,v3,0x6d967eca453181e410be4b8f8a83a3523618696e,CONTRACT_ADDRESS,THIRD_PARTY_DISCOVERY_ONLY,3593.61,894.72,https://dexscreener.com/robinhood/0x6d967eca453181e410be4b8f8a83a3523618696e
MXL,0x0000000000000000000000000000000014f96c01ad254647b2617a5686d6053a,0x48961813349333209994750ffa89b3c5c22ec969,USDG,0x5fc5360d0400a0fd4f2af552add042d716f1d168,uniswap,v4,0x19ea3a142b45bd78596244a0819618575b00d01517c7e701c56b465cce685305,POOL_ID_BYTES32,THIRD_PARTY_DISCOVERY_ONLY,544.67,47.09,https://dexscreener.com/robinhood/0x19ea3a142b45bd78596244a0819618575b00d01517c7e701c56b465cce685305
MXL,0x0000000000000000000000000000000014f96c01ad254647b2617a5686d6053a,0x48961813349333209994750ffa89b3c5c22ec969,USDG,0x5fc5360d0400a0fd4f2af552add042d716f1d168,uniswap,v4,0x58c6c81a124202e27b56b0b6067852a0b195e483060e5ecbb7f321e53ad10aad,POOL_ID_BYTES32,THIRD_PARTY_DISCOVERY_ONLY,923.25,19.46,https://dexscreener.com/robinhood/0x58c6c81a124202e27b56b0b6067852a0b195e483060e5ecbb7f321e53ad10aad
MXL,0x0000000000000000000000000000000014f96c01ad254647b2617a5686d6053a,0x48961813349333209994750ffa89b3c5c22ec969,ETH,0x0000000000000000000000000000000000000000,uniswap,v4,0x66bce840766f129099acb7fd40e3e697ac064d9eb266c0aa9f8fef885c11509f,POOL_ID_BYTES32,THIRD_PARTY_DISCOVERY_ONLY,601.95,6.59,https://dexscreener.com/robinhood/0x66bce840766f129099acb7fd40e3e697ac064d9eb266c0aa9f8fef885c11509f
MXL,0x0000000000000000000000000000000014f96c01ad254647b2617a5686d6053a,0x48961813349333209994750ffa89b3c5c22ec969,ETH,0x0000000000000000000000000000000000000000,uniswap,v4,0x6a15be8b33794f96c4322bb2786b51f8deda2e542e6a1fa69c87155ab4a2db22,POOL_ID_BYTES32,THIRD_PARTY_DISCOVERY_ONLY,8263.33,50.12,https://dexscreener.com/robinhood/0x6a15be8b33794f96c4322bb2786b51f8deda2e542e6a1fa69c87155ab4a2db22
MXL,0x0000000000000000000000000000000014f96c01ad254647b2617a5686d6053a,0x48961813349333209994750ffa89b3c5c22ec969,USDG,0x5fc5360d0400a0fd4f2af552add042d716f1d168,uniswap,v4,0xfd2b69c50861e695fcdf298429bd1f7bce1579f489f1c03aed4dd393802ac8e0,POOL_ID_BYTES32,THIRD_PARTY_DISCOVERY_ONLY,11394.28,203.27,https://dexscreener.com/robinhood/0xfd2b69c50861e695fcdf298429bd1f7bce1579f489f1c03aed4dd393802ac8e0
NFLX,0x00000000000000000000000000000000500f14b2a92f44d6998e0e2b9cc9387e,0xe0444ef8bf4ed74f74fd73686e2ddf4c1c5591e8,USDG,0x5fc5360d0400a0fd4f2af552add042d716f1d168,0x70Fb47DB7Ca14a04CAE64DD4bDC2e86C8656943d,,0x3d22cb2013869daddaf16574cb9ae3c20a5a7227,CONTRACT_ADDRESS,THIRD_PARTY_DISCOVERY_ONLY,4603.75,1621.32,https://dexscreener.com/robinhood/0x3d22cb2013869daddaf16574cb9ae3c20a5a7227
NFLX,0x00000000000000000000000000000000500f14b2a92f44d6998e0e2b9cc9387e,0xe0444ef8bf4ed74f74fd73686e2ddf4c1c5591e8,USDG,0x5fc5360d0400a0fd4f2af552add042d716f1d168,ramses,v3,0xfcaf04dd517c61c0b8b52d967813d6910d40c414,CONTRACT_ADDRESS,THIRD_PARTY_DISCOVERY_ONLY,10.11,0.61,https://dexscreener.com/robinhood/0xfcaf04dd517c61c0b8b52d967813d6910d40c414
NFLX,0x00000000000000000000000000000000500f14b2a92f44d6998e0e2b9cc9387e,0xe0444ef8bf4ed74f74fd73686e2ddf4c1c5591e8,USDG,0x5fc5360d0400a0fd4f2af552add042d716f1d168,uniswap,v3,0x59895c0302f41aeaa129d2fa2442cec01e7ef45e,CONTRACT_ADDRESS,MATCHED_CANONICAL_UNISWAP_FACTORY_RESULT,151312.3,699041.19,https://dexscreener.com/robinhood/0x59895c0302f41aeaa129d2fa2442cec01e7ef45e
NFLX,0x00000000000000000000000000000000500f14b2a92f44d6998e0e2b9cc9387e,0xe0444ef8bf4ed74f74fd73686e2ddf4c1c5591e8,WETH,0x0bd7d308f8e1639fab988df18a8011f41eacad73,uniswap,v3,0xa7e6d6cdb4e1f1af8fceed9b443039b05637162e,CONTRACT_ADDRESS,MATCHED_CANONICAL_UNISWAP_FACTORY_RESULT,0.09,352.52,https://dexscreener.com/robinhood/0xa7e6d6cdb4e1f1af8fceed9b443039b05637162e
NFLX,0x00000000000000000000000000000000500f14b2a92f44d6998e0e2b9cc9387e,0xe0444ef8bf4ed74f74fd73686e2ddf4c1c5591e8,USDG,0x5fc5360d0400a0fd4f2af552add042d716f1d168,uniswap,v3,0xea75ea625d83ae276b9ae8b0a3dc205916ee65cf,CONTRACT_ADDRESS,MATCHED_CANONICAL_UNISWAP_FACTORY_RESULT,15275.3,4557.22,https://dexscreener.com/robinhood/0xea75ea625d83ae276b9ae8b0a3dc205916ee65cf
NFLX,0x00000000000000000000000000000000500f14b2a92f44d6998e0e2b9cc9387e,0xe0444ef8bf4ed74f74fd73686e2ddf4c1c5591e8,USDG,0x5fc5360d0400a0fd4f2af552add042d716f1d168,uniswap,v4,0x2306ea18fbbc76752457522cbd72cec8856549b2d74946de3d52985bddaf150a,POOL_ID_BYTES32,THIRD_PARTY_DISCOVERY_ONLY,23.43,0,https://dexscreener.com/robinhood/0x2306ea18fbbc76752457522cbd72cec8856549b2d74946de3d52985bddaf150a
NFLX,0x00000000000000000000000000000000500f14b2a92f44d6998e0e2b9cc9387e,0xe0444ef8bf4ed74f74fd73686e2ddf4c1c5591e8,ETH,0x0000000000000000000000000000000000000000,uniswap,v4,0x33070ad95698f3ef19dda558c016ce9074a446df6055f3107048ce85d8132ba6,POOL_ID_BYTES32,THIRD_PARTY_DISCOVERY_ONLY,3463.25,52.01,https://dexscreener.com/robinhood/0x33070ad95698f3ef19dda558c016ce9074a446df6055f3107048ce85d8132ba6
NFLX,0x00000000000000000000000000000000500f14b2a92f44d6998e0e2b9cc9387e,0xe0444ef8bf4ed74f74fd73686e2ddf4c1c5591e8,USDG,0x5fc5360d0400a0fd4f2af552add042d716f1d168,uniswap,v4,0x35207d710d496db5d606011719e6aa697c7af70f69c961de64836dcc12cc3bd9,POOL_ID_BYTES32,THIRD_PARTY_DISCOVERY_ONLY,,20925.81,https://dexscreener.com/robinhood/0x35207d710d496db5d606011719e6aa697c7af70f69c961de64836dcc12cc3bd9
NFLX,0x00000000000000000000000000000000500f14b2a92f44d6998e0e2b9cc9387e,0xe0444ef8bf4ed74f74fd73686e2ddf4c1c5591e8,ETH,0x0000000000000000000000000000000000000000,uniswap,v4,0x4025b6787d91a3534c0d06ed2b897627d6ac5804cd9386c48fc08bba9840e201,POOL_ID_BYTES32,THIRD_PARTY_DISCOVERY_ONLY,711,13.56,https://dexscreener.com/robinhood/0x4025b6787d91a3534c0d06ed2b897627d6ac5804cd9386c48fc08bba9840e201
NFLX,0x00000000000000000000000000000000500f14b2a92f44d6998e0e2b9cc9387e,0xe0444ef8bf4ed74f74fd73686e2ddf4c1c5591e8,ETH,0x0000000000000000000000000000000000000000,uniswap,v4,0x522c1ccde43f6c742ac3b406e0d5589dc09c6e4c73769c47800ba53acbda7894,POOL_ID_BYTES32,THIRD_PARTY_DISCOVERY_ONLY,0,0,https://dexscreener.com/robinhood/0x522c1ccde43f6c742ac3b406e0d5589dc09c6e4c73769c47800ba53acbda7894
NFLX,0x00000000000000000000000000000000500f14b2a92f44d6998e0e2b9cc9387e,0xe0444ef8bf4ed74f74fd73686e2ddf4c1c5591e8,ETH,0x0000000000000000000000000000000000000000,uniswap,v4,0x9271f60bf06081e1f501d562448e4eb7ad5c071b61ad427e3cc03dbcc66d3e89,POOL_ID_BYTES32,THIRD_PARTY_DISCOVERY_ONLY,190.92,1.31,https://dexscreener.com/robinhood/0x9271f60bf06081e1f501d562448e4eb7ad5c071b61ad427e3cc03dbcc66d3e89
NFLX,0x00000000000000000000000000000000500f14b2a92f44d6998e0e2b9cc9387e,0xe0444ef8bf4ed74f74fd73686e2ddf4c1c5591e8,ETH,0x0000000000000000000000000000000000000000,uniswap,v4,0xa9b2283e74df7b4b544b29aa42c2bf6804b9cac7dbbd65e2eab2faec1aa34796,POOL_ID_BYTES32,THIRD_PARTY_DISCOVERY_ONLY,13202.78,386.42,https://dexscreener.com/robinhood/0xa9b2283e74df7b4b544b29aa42c2bf6804b9cac7dbbd65e2eab2faec1aa34796
NFLX,0x00000000000000000000000000000000500f14b2a92f44d6998e0e2b9cc9387e,0xe0444ef8bf4ed74f74fd73686e2ddf4c1c5591e8,USDG,0x5fc5360d0400a0fd4f2af552add042d716f1d168,uniswap,v4,0xc3ce6292ae631e73a6adc6faaad7d10e326a9d11517a6dfcd001345d20097df4,POOL_ID_BYTES32,THIRD_PARTY_DISCOVERY_ONLY,3514.74,65787.42,https://dexscreener.com/robinhood/0xc3ce6292ae631e73a6adc6faaad7d10e326a9d11517a6dfcd001345d20097df4
NFLX,0x00000000000000000000000000000000500f14b2a92f44d6998e0e2b9cc9387e,0xe0444ef8bf4ed74f74fd73686e2ddf4c1c5591e8,USDG,0x5fc5360d0400a0fd4f2af552add042d716f1d168,uniswap,v4,0xe4930a6215f21aa3b37c01adbded3362f56ae31b9a60066f5f9641e601d5111f,POOL_ID_BYTES32,THIRD_PARTY_DISCOVERY_ONLY,76174.44,112562.28,https://dexscreener.com/robinhood/0xe4930a6215f21aa3b37c01adbded3362f56ae31b9a60066f5f9641e601d5111f
NFLX,0x00000000000000000000000000000000500f14b2a92f44d6998e0e2b9cc9387e,0xe0444ef8bf4ed74f74fd73686e2ddf4c1c5591e8,ETH,0x0000000000000000000000000000000000000000,uniswap,v4,0xf13d02ed0cf96826dbe5401ee6c3e744b8d6ff63c26bad0b8b5cd6f3354a3357,POOL_ID_BYTES32,THIRD_PARTY_DISCOVERY_ONLY,1348.37,84.99,https://dexscreener.com/robinhood/0xf13d02ed0cf96826dbe5401ee6c3e744b8d6ff63c26bad0b8b5cd6f3354a3357
NNE,0x000000000000000000000000000000002850ddf4a89a4195905c49a4ef7af8a5,0xbef75684c43c4ea7bd18dd532a2244674ee8b926,USDG,0x5fc5360d0400a0fd4f2af552add042d716f1d168,giga,v3,0xb05f066b2f63689cedd850f54a2edbad069c44ca,CONTRACT_ADDRESS,THIRD_PARTY_DISCOVERY_ONLY,92.36,342.5,https://dexscreener.com/robinhood/0xb05f066b2f63689cedd850f54a2edbad069c44ca
NNE,0x000000000000000000000000000000002850ddf4a89a4195905c49a4ef7af8a5,0xbef75684c43c4ea7bd18dd532a2244674ee8b926,ETH,0x0000000000000000000000000000000000000000,uniswap,v4,0x0663b22cc50556f4305d6b9034df2f265ac06ea53623fc9299e1c19dfc3f9494,POOL_ID_BYTES32,THIRD_PARTY_DISCOVERY_ONLY,202.52,60.39,https://dexscreener.com/robinhood/0x0663b22cc50556f4305d6b9034df2f265ac06ea53623fc9299e1c19dfc3f9494
NNE,0x000000000000000000000000000000002850ddf4a89a4195905c49a4ef7af8a5,0xbef75684c43c4ea7bd18dd532a2244674ee8b926,USDG,0x5fc5360d0400a0fd4f2af552add042d716f1d168,uniswap,v4,0x15495a9bab176c66047502394f34d930248ffe79b7b6b31f51573092ea62cccf,POOL_ID_BYTES32,THIRD_PARTY_DISCOVERY_ONLY,1977.32,5106.42,https://dexscreener.com/robinhood/0x15495a9bab176c66047502394f34d930248ffe79b7b6b31f51573092ea62cccf
NNE,0x000000000000000000000000000000002850ddf4a89a4195905c49a4ef7af8a5,0xbef75684c43c4ea7bd18dd532a2244674ee8b926,USDG,0x5fc5360d0400a0fd4f2af552add042d716f1d168,uniswap,v4,0x1b31d6b1049b8a95a2df30637da5a3a4f5a52863cf6f4c2737ee2b928bbe68e5,POOL_ID_BYTES32,THIRD_PARTY_DISCOVERY_ONLY,511.97,399.59,https://dexscreener.com/robinhood/0x1b31d6b1049b8a95a2df30637da5a3a4f5a52863cf6f4c2737ee2b928bbe68e5
NNE,0x000000000000000000000000000000002850ddf4a89a4195905c49a4ef7af8a5,0xbef75684c43c4ea7bd18dd532a2244674ee8b926,USDG,0x5fc5360d0400a0fd4f2af552add042d716f1d168,uniswap,v4,0x1beb14a555cce96e5ac9750b476de692d81729dbfbf4d9ca98d3026788086b18,POOL_ID_BYTES32,THIRD_PARTY_DISCOVERY_ONLY,4985.39,13113.19,https://dexscreener.com/robinhood/0x1beb14a555cce96e5ac9750b476de692d81729dbfbf4d9ca98d3026788086b18
NNE,0x000000000000000000000000000000002850ddf4a89a4195905c49a4ef7af8a5,0xbef75684c43c4ea7bd18dd532a2244674ee8b926,ETH,0x0000000000000000000000000000000000000000,uniswap,v4,0x1fcc2c2111b89ce476980639348e12ed077a8207ed9274469727bdcbe5615bba,POOL_ID_BYTES32,THIRD_PARTY_DISCOVERY_ONLY,2729.25,79.93,https://dexscreener.com/robinhood/0x1fcc2c2111b89ce476980639348e12ed077a8207ed9274469727bdcbe5615bba
NNE,0x000000000000000000000000000000002850ddf4a89a4195905c49a4ef7af8a5,0xbef75684c43c4ea7bd18dd532a2244674ee8b926,ETH,0x0000000000000000000000000000000000000000,uniswap,v4,0x25d321ff52da045e333324ff5c8e95ea8be656dfdee0abd41762c42fd574d658,POOL_ID_BYTES32,THIRD_PARTY_DISCOVERY_ONLY,1833.18,11222.5,https://dexscreener.com/robinhood/0x25d321ff52da045e333324ff5c8e95ea8be656dfdee0abd41762c42fd574d658
NNE,0x000000000000000000000000000000002850ddf4a89a4195905c49a4ef7af8a5,0xbef75684c43c4ea7bd18dd532a2244674ee8b926,USDG,0x5fc5360d0400a0fd4f2af552add042d716f1d168,uniswap,v4,0x34a335a156024f9ddd7d68c34349fdcaef1b34d9836e69451f6269fda2eef499,POOL_ID_BYTES32,THIRD_PARTY_DISCOVERY_ONLY,500,159.17,https://dexscreener.com/robinhood/0x34a335a156024f9ddd7d68c34349fdcaef1b34d9836e69451f6269fda2eef499
NNE,0x000000000000000000000000000000002850ddf4a89a4195905c49a4ef7af8a5,0xbef75684c43c4ea7bd18dd532a2244674ee8b926,USDG,0x5fc5360d0400a0fd4f2af552add042d716f1d168,uniswap,v4,0x4242f14cdadcd03f1ea0b8d8437855dd0904aa14e4c73c29a0a7797fc6c14df0,POOL_ID_BYTES32,THIRD_PARTY_DISCOVERY_ONLY,5496.18,14128.11,https://dexscreener.com/robinhood/0x4242f14cdadcd03f1ea0b8d8437855dd0904aa14e4c73c29a0a7797fc6c14df0
NNE,0x000000000000000000000000000000002850ddf4a89a4195905c49a4ef7af8a5,0xbef75684c43c4ea7bd18dd532a2244674ee8b926,USDG,0x5fc5360d0400a0fd4f2af552add042d716f1d168,uniswap,v4,0x5261dade56d297c9f21608f65dbec35cabbd0cda4c89dccb03855de8c3f7a8b6,POOL_ID_BYTES32,THIRD_PARTY_DISCOVERY_ONLY,756.16,161.01,https://dexscreener.com/robinhood/0x5261dade56d297c9f21608f65dbec35cabbd0cda4c89dccb03855de8c3f7a8b6
NNE,0x000000000000000000000000000000002850ddf4a89a4195905c49a4ef7af8a5,0xbef75684c43c4ea7bd18dd532a2244674ee8b926,ETH,0x0000000000000000000000000000000000000000,uniswap,v4,0x7249dc8eef565ff6139468f4d6d92e8bf6e3a5113df30a0771326af94c37e9b9,POOL_ID_BYTES32,THIRD_PARTY_DISCOVERY_ONLY,12487.76,15566.92,https://dexscreener.com/robinhood/0x7249dc8eef565ff6139468f4d6d92e8bf6e3a5113df30a0771326af94c37e9b9
NNE,0x000000000000000000000000000000002850ddf4a89a4195905c49a4ef7af8a5,0xbef75684c43c4ea7bd18dd532a2244674ee8b926,USDG,0x5fc5360d0400a0fd4f2af552add042d716f1d168,uniswap,v4,0x7d73178134f2258ecac050f9e5591ccdf6cc1046733bb146902331c3698f767e,POOL_ID_BYTES32,THIRD_PARTY_DISCOVERY_ONLY,23331.96,30975.51,https://dexscreener.com/robinhood/0x7d73178134f2258ecac050f9e5591ccdf6cc1046733bb146902331c3698f767e
NNE,0x000000000000000000000000000000002850ddf4a89a4195905c49a4ef7af8a5,0xbef75684c43c4ea7bd18dd532a2244674ee8b926,ETH,0x0000000000000000000000000000000000000000,uniswap,v4,0xb50c6a835df59986f1b4af326b92c1d94d9fecfe063bc590b875f503dde9b87d,POOL_ID_BYTES32,THIRD_PARTY_DISCOVERY_ONLY,620.5,370.74,https://dexscreener.com/robinhood/0xb50c6a835df59986f1b4af326b92c1d94d9fecfe063bc590b875f503dde9b87d
NNE,0x000000000000000000000000000000002850ddf4a89a4195905c49a4ef7af8a5,0xbef75684c43c4ea7bd18dd532a2244674ee8b926,USDG,0x5fc5360d0400a0fd4f2af552add042d716f1d168,uniswap,v4,0xbbd2f9a7a7209c37740470938c61dc75f8ef52e8b62eee52f98520716291de37,POOL_ID_BYTES32,THIRD_PARTY_DISCOVERY_ONLY,515.54,457.04,https://dexscreener.com/robinhood/0xbbd2f9a7a7209c37740470938c61dc75f8ef52e8b62eee52f98520716291de37
NNE,0x000000000000000000000000000000002850ddf4a89a4195905c49a4ef7af8a5,0xbef75684c43c4ea7bd18dd532a2244674ee8b926,ETH,0x0000000000000000000000000000000000000000,uniswap,v4,0xbff9c193aa03cdedf1ef0b37f9d0c4923fca99408e11152daf648fff68143b87,POOL_ID_BYTES32,THIRD_PARTY_DISCOVERY_ONLY,21.81,2.86,https://dexscreener.com/robinhood/0xbff9c193aa03cdedf1ef0b37f9d0c4923fca99408e11152daf648fff68143b87
NNE,0x000000000000000000000000000000002850ddf4a89a4195905c49a4ef7af8a5,0xbef75684c43c4ea7bd18dd532a2244674ee8b926,USDG,0x5fc5360d0400a0fd4f2af552add042d716f1d168,uniswap,v4,0xcb0cb4b0a953025a5952a77674837491d8dfa6ad780865c8dda3509742436946,POOL_ID_BYTES32,THIRD_PARTY_DISCOVERY_ONLY,1792.08,752.24,https://dexscreener.com/robinhood/0xcb0cb4b0a953025a5952a77674837491d8dfa6ad780865c8dda3509742436946
NNE,0x000000000000000000000000000000002850ddf4a89a4195905c49a4ef7af8a5,0xbef75684c43c4ea7bd18dd532a2244674ee8b926,USDG,0x5fc5360d0400a0fd4f2af552add042d716f1d168,uniswap,v4,0xcb67a6399ece85fbda2a5966e172fe35ee28d520a5ec744558cda0608c954238,POOL_ID_BYTES32,THIRD_PARTY_DISCOVERY_ONLY,75.34,13.45,https://dexscreener.com/robinhood/0xcb67a6399ece85fbda2a5966e172fe35ee28d520a5ec744558cda0608c954238
NNE,0x000000000000000000000000000000002850ddf4a89a4195905c49a4ef7af8a5,0xbef75684c43c4ea7bd18dd532a2244674ee8b926,USDG,0x5fc5360d0400a0fd4f2af552add042d716f1d168,uniswap,v4,0xecd57cdf6135f9c937fd69e3d9b536740da4ea4a477ca9268d099191a54f59a6,POOL_ID_BYTES32,THIRD_PARTY_DISCOVERY_ONLY,1614.57,741.65,https://dexscreener.com/robinhood/0xecd57cdf6135f9c937fd69e3d9b536740da4ea4a477ca9268d099191a54f59a6
NOW,0x000000000000000000000000000000008fcfbfc7a42c40d4aa44dc7dc943b078,0x0c3260af4b8f13a69c4c2dfb84fd667890cdfa14,ETH,0x0000000000000000000000000000000000000000,uniswap,v4,0x2bb07ced8d7dd3acd0cd802960397955f7e6f6eac056dd3c824e8fcac0dcfcdc,POOL_ID_BYTES32,THIRD_PARTY_DISCOVERY_ONLY,3615.7,3011.34,https://dexscreener.com/robinhood/0x2bb07ced8d7dd3acd0cd802960397955f7e6f6eac056dd3c824e8fcac0dcfcdc
NOW,0x000000000000000000000000000000008fcfbfc7a42c40d4aa44dc7dc943b078,0x0c3260af4b8f13a69c4c2dfb84fd667890cdfa14,ETH,0x0000000000000000000000000000000000000000,uniswap,v4,0x3e58e7deacc6910006cfa71d333ac2dbabca7840091d2a0d5a1f57cec623a483,POOL_ID_BYTES32,THIRD_PARTY_DISCOVERY_ONLY,1028.05,141.72,https://dexscreener.com/robinhood/0x3e58e7deacc6910006cfa71d333ac2dbabca7840091d2a0d5a1f57cec623a483
NOW,0x000000000000000000000000000000008fcfbfc7a42c40d4aa44dc7dc943b078,0x0c3260af4b8f13a69c4c2dfb84fd667890cdfa14,ETH,0x0000000000000000000000000000000000000000,uniswap,v4,0x6d2b24576c695662b9991f8e4a4488628c8a1dfeb28206e6adb5f3bc514b9d01,POOL_ID_BYTES32,THIRD_PARTY_DISCOVERY_ONLY,7949.07,10342.77,https://dexscreener.com/robinhood/0x6d2b24576c695662b9991f8e4a4488628c8a1dfeb28206e6adb5f3bc514b9d01
NOW,0x000000000000000000000000000000008fcfbfc7a42c40d4aa44dc7dc943b078,0x0c3260af4b8f13a69c4c2dfb84fd667890cdfa14,USDG,0x5fc5360d0400a0fd4f2af552add042d716f1d168,uniswap,v4,0x80e5f731efaa1b6c04f375652d6cb297e499b44e873f12b0d4bd1f6c40350363,POOL_ID_BYTES32,THIRD_PARTY_DISCOVERY_ONLY,11699.31,13360.18,https://dexscreener.com/robinhood/0x80e5f731efaa1b6c04f375652d6cb297e499b44e873f12b0d4bd1f6c40350363
NOW,0x000000000000000000000000000000008fcfbfc7a42c40d4aa44dc7dc943b078,0x0c3260af4b8f13a69c4c2dfb84fd667890cdfa14,USDG,0x5fc5360d0400a0fd4f2af552add042d716f1d168,uniswap,v4,0x824f83093fc5097ec653f3344676773f7a9049e1d9f053214a20eeace4e04ac6,POOL_ID_BYTES32,THIRD_PARTY_DISCOVERY_ONLY,1146.15,8693.3,https://dexscreener.com/robinhood/0x824f83093fc5097ec653f3344676773f7a9049e1d9f053214a20eeace4e04ac6
NOW,0x000000000000000000000000000000008fcfbfc7a42c40d4aa44dc7dc943b078,0x0c3260af4b8f13a69c4c2dfb84fd667890cdfa14,USDG,0x5fc5360d0400a0fd4f2af552add042d716f1d168,uniswap,v4,0x896f0b11e640448c976352087c4ff0d8e13a197de3389e77b8670bb6c2e763a9,POOL_ID_BYTES32,THIRD_PARTY_DISCOVERY_ONLY,4268.36,6651.51,https://dexscreener.com/robinhood/0x896f0b11e640448c976352087c4ff0d8e13a197de3389e77b8670bb6c2e763a9
NOW,0x000000000000000000000000000000008fcfbfc7a42c40d4aa44dc7dc943b078,0x0c3260af4b8f13a69c4c2dfb84fd667890cdfa14,ETH,0x0000000000000000000000000000000000000000,uniswap,v4,0xbac1818ec27f6148eb7ce6f2d5d5e167e3f827ace5b2662d411a45d685eb0da2,POOL_ID_BYTES32,THIRD_PARTY_DISCOVERY_ONLY,3325.34,488.97,https://dexscreener.com/robinhood/0xbac1818ec27f6148eb7ce6f2d5d5e167e3f827ace5b2662d411a45d685eb0da2
NOW,0x000000000000000000000000000000008fcfbfc7a42c40d4aa44dc7dc943b078,0x0c3260af4b8f13a69c4c2dfb84fd667890cdfa14,ETH,0x0000000000000000000000000000000000000000,uniswap,v4,0xbfba269d85a9fdfcddee5cd0feb176de9155e0b644d9d8f7858021ccbe0e17b3,POOL_ID_BYTES32,THIRD_PARTY_DISCOVERY_ONLY,1181.67,320.7,https://dexscreener.com/robinhood/0xbfba269d85a9fdfcddee5cd0feb176de9155e0b644d9d8f7858021ccbe0e17b3
NOW,0x000000000000000000000000000000008fcfbfc7a42c40d4aa44dc7dc943b078,0x0c3260af4b8f13a69c4c2dfb84fd667890cdfa14,USDG,0x5fc5360d0400a0fd4f2af552add042d716f1d168,uniswap,v4,0xc56a28baafe3bcb71c4243043a186347ed7c8751abf4d84b82563f43a50e81cf,POOL_ID_BYTES32,THIRD_PARTY_DISCOVERY_ONLY,2897.66,6302.2,https://dexscreener.com/robinhood/0xc56a28baafe3bcb71c4243043a186347ed7c8751abf4d84b82563f43a50e81cf
NOW,0x000000000000000000000000000000008fcfbfc7a42c40d4aa44dc7dc943b078,0x0c3260af4b8f13a69c4c2dfb84fd667890cdfa14,USDG,0x5fc5360d0400a0fd4f2af552add042d716f1d168,uniswap,v4,0xd5a4be1452b673dd184162004ef079f5f0e6132dca75b2a9e8d0e59e12e09f73,POOL_ID_BYTES32,THIRD_PARTY_DISCOVERY_ONLY,20786.04,22456.33,https://dexscreener.com/robinhood/0xd5a4be1452b673dd184162004ef079f5f0e6132dca75b2a9e8d0e59e12e09f73
NU,0x000000000000000000000000000000002ea76ec420fa43ab81d6734184f7058a,0x408c14038a04f7bd235329e26d2bf569ee20e250,USDG,0x5fc5360d0400a0fd4f2af552add042d716f1d168,uniswap,v3,0xb6d047637151f6de1d02028acdd187aa9cb7afe3,CONTRACT_ADDRESS,MATCHED_CANONICAL_UNISWAP_FACTORY_RESULT,55098.33,39259.25,https://dexscreener.com/robinhood/0xb6d047637151f6de1d02028acdd187aa9cb7afe3
NU,0x000000000000000000000000000000002ea76ec420fa43ab81d6734184f7058a,0x408c14038a04f7bd235329e26d2bf569ee20e250,ETH,0x0000000000000000000000000000000000000000,uniswap,v4,0x47ddd0f94ed31f528b795d15ade84fef36de1103835697790dcc504f3f740c45,POOL_ID_BYTES32,THIRD_PARTY_DISCOVERY_ONLY,259.84,2.33,https://dexscreener.com/robinhood/0x47ddd0f94ed31f528b795d15ade84fef36de1103835697790dcc504f3f740c45
NU,0x000000000000000000000000000000002ea76ec420fa43ab81d6734184f7058a,0x408c14038a04f7bd235329e26d2bf569ee20e250,ETH,0x0000000000000000000000000000000000000000,uniswap,v4,0x5e14c754d1826c5154b5f8ca04f772d80b05b3b76c6fbdf71d7512e00e825042,POOL_ID_BYTES32,THIRD_PARTY_DISCOVERY_ONLY,2098.69,6.13,https://dexscreener.com/robinhood/0x5e14c754d1826c5154b5f8ca04f772d80b05b3b76c6fbdf71d7512e00e825042
NU,0x000000000000000000000000000000002ea76ec420fa43ab81d6734184f7058a,0x408c14038a04f7bd235329e26d2bf569ee20e250,USDG,0x5fc5360d0400a0fd4f2af552add042d716f1d168,uniswap,v4,0x9136ac3e649882d73b81d5dcf2d73aef5e3054387401a30dbdafa4f744193b6d,POOL_ID_BYTES32,THIRD_PARTY_DISCOVERY_ONLY,79827.52,218148.71,https://dexscreener.com/robinhood/0x9136ac3e649882d73b81d5dcf2d73aef5e3054387401a30dbdafa4f744193b6d
NU,0x000000000000000000000000000000002ea76ec420fa43ab81d6734184f7058a,0x408c14038a04f7bd235329e26d2bf569ee20e250,ETH,0x0000000000000000000000000000000000000000,uniswap,v4,0x9d2a1bae6dde57eeb1e9f07f8a5cfd4766723407bc3cf8aadc802999460c3edc,POOL_ID_BYTES32,THIRD_PARTY_DISCOVERY_ONLY,29567.21,1077.38,https://dexscreener.com/robinhood/0x9d2a1bae6dde57eeb1e9f07f8a5cfd4766723407bc3cf8aadc802999460c3edc
NU,0x000000000000000000000000000000002ea76ec420fa43ab81d6734184f7058a,0x408c14038a04f7bd235329e26d2bf569ee20e250,ETH,0x0000000000000000000000000000000000000000,uniswap,v4,0xa29189eef51a8396a9cc7fd8788526060b60a05d80aa9a162cb16760942d0aee,POOL_ID_BYTES32,THIRD_PARTY_DISCOVERY_ONLY,5422.45,671.56,https://dexscreener.com/robinhood/0xa29189eef51a8396a9cc7fd8788526060b60a05d80aa9a162cb16760942d0aee
NU,0x000000000000000000000000000000002ea76ec420fa43ab81d6734184f7058a,0x408c14038a04f7bd235329e26d2bf569ee20e250,USDG,0x5fc5360d0400a0fd4f2af552add042d716f1d168,uniswap,v4,0xbc3568927d342f1116501e72792551e4962b063c00698d90fb55af0bf74e41a9,POOL_ID_BYTES32,THIRD_PARTY_DISCOVERY_ONLY,13838.67,41516.91,https://dexscreener.com/robinhood/0xbc3568927d342f1116501e72792551e4962b063c00698d90fb55af0bf74e41a9
NVDA,0x00000000000000000000000000000000915f477416294f5099a5e0e09f327ce5,0xd0601ce157db5bdc3162bbac2a2c8af5320d9eec,WETH,0x0bd7d308f8e1639fab988df18a8011f41eacad73,alandale,,0x8097a5015711825f5f2ffc703fa0f750ef183dcc,CONTRACT_ADDRESS,THIRD_PARTY_DISCOVERY_ONLY,20303.56,16613.11,https://dexscreener.com/robinhood/0x8097a5015711825f5f2ffc703fa0f750ef183dcc
NVDA,0x00000000000000000000000000000000915f477416294f5099a5e0e09f327ce5,0xd0601ce157db5bdc3162bbac2a2c8af5320d9eec,USDG,0x5fc5360d0400a0fd4f2af552add042d716f1d168,alandale,,0xf253847c7f46c7ba100cdc316a0df6b0e9b0a840,CONTRACT_ADDRESS,THIRD_PARTY_DISCOVERY_ONLY,9727.86,3161.55,https://dexscreener.com/robinhood/0xf253847c7f46c7ba100cdc316a0df6b0e9b0a840
NVDA,0x00000000000000000000000000000000915f477416294f5099a5e0e09f327ce5,0xd0601ce157db5bdc3162bbac2a2c8af5320d9eec,USDG,0x5fc5360d0400a0fd4f2af552add042d716f1d168,giga,v3,0x42a61ebd65c51a3392c0fdb4f9c6bb5f0d01c6a6,CONTRACT_ADDRESS,THIRD_PARTY_DISCOVERY_ONLY,1838.54,2351.75,https://dexscreener.com/robinhood/0x42a61ebd65c51a3392c0fdb4f9c6bb5f0d01c6a6
NVDA,0x00000000000000000000000000000000915f477416294f5099a5e0e09f327ce5,0xd0601ce157db5bdc3162bbac2a2c8af5320d9eec,USDG,0x5fc5360d0400a0fd4f2af552add042d716f1d168,giga,v3,0xf28521367b68a68ffc85ed6fad4af73c5ff7b24a,CONTRACT_ADDRESS,THIRD_PARTY_DISCOVERY_ONLY,2700.25,799685.25,https://dexscreener.com/robinhood/0xf28521367b68a68ffc85ed6fad4af73c5ff7b24a
NVDA,0x00000000000000000000000000000000915f477416294f5099a5e0e09f327ce5,0xd0601ce157db5bdc3162bbac2a2c8af5320d9eec,USDG,0x5fc5360d0400a0fd4f2af552add042d716f1d168,ramses,v3,0xdac1904d823f7d6bcaaf431ceee40c934fed321b,CONTRACT_ADDRESS,THIRD_PARTY_DISCOVERY_ONLY,75314.58,254061.54,https://dexscreener.com/robinhood/0xdac1904d823f7d6bcaaf431ceee40c934fed321b
NVDA,0x00000000000000000000000000000000915f477416294f5099a5e0e09f327ce5,0xd0601ce157db5bdc3162bbac2a2c8af5320d9eec,WETH,0x0bd7d308f8e1639fab988df18a8011f41eacad73,ramses,v3,0xf8996e22ac7a67fae741830ad83b3b4d5e5de203,CONTRACT_ADDRESS,THIRD_PARTY_DISCOVERY_ONLY,84722.15,1118162.21,https://dexscreener.com/robinhood/0xf8996e22ac7a67fae741830ad83b3b4d5e5de203
NVDA,0x00000000000000000000000000000000915f477416294f5099a5e0e09f327ce5,0xd0601ce157db5bdc3162bbac2a2c8af5320d9eec,WETH,0x0bd7d308f8e1639fab988df18a8011f41eacad73,sheriff,v4,0xb47075517cf8e6a4a898b6100f0dbad410d7d205,CONTRACT_ADDRESS,THIRD_PARTY_DISCOVERY_ONLY,1125.25,146.85,https://dexscreener.com/robinhood/0xb47075517cf8e6a4a898b6100f0dbad410d7d205
NVDA,0x00000000000000000000000000000000915f477416294f5099a5e0e09f327ce5,0xd0601ce157db5bdc3162bbac2a2c8af5320d9eec,WETH,0x0bd7d308f8e1639fab988df18a8011f41eacad73,uniswap,v3,0x62ab521f71431f78ac374cdbadc6cda3c8916b6c,CONTRACT_ADDRESS,MATCHED_CANONICAL_UNISWAP_FACTORY_RESULT,1037817.63,7842894.12,https://dexscreener.com/robinhood/0x62ab521f71431f78ac374cdbadc6cda3c8916b6c
NVDA,0x00000000000000000000000000000000915f477416294f5099a5e0e09f327ce5,0xd0601ce157db5bdc3162bbac2a2c8af5320d9eec,USDG,0x5fc5360d0400a0fd4f2af552add042d716f1d168,uniswap,v3,0xb944cec30bd4175855215d767adc81f39e5f7e2b,CONTRACT_ADDRESS,MATCHED_CANONICAL_UNISWAP_FACTORY_RESULT,23923.76,19544.25,https://dexscreener.com/robinhood/0xb944cec30bd4175855215d767adc81f39e5f7e2b
NVDA,0x00000000000000000000000000000000915f477416294f5099a5e0e09f327ce5,0xd0601ce157db5bdc3162bbac2a2c8af5320d9eec,WETH,0x0bd7d308f8e1639fab988df18a8011f41eacad73,uniswap,v3,0xc0be1cb0f674d9737c72b2a63fc542361185b807,CONTRACT_ADDRESS,MATCHED_CANONICAL_UNISWAP_FACTORY_RESULT,166834.34,245932.09,https://dexscreener.com/robinhood/0xc0be1cb0f674d9737c72b2a63fc542361185b807
NVDA,0x00000000000000000000000000000000915f477416294f5099a5e0e09f327ce5,0xd0601ce157db5bdc3162bbac2a2c8af5320d9eec,USDG,0x5fc5360d0400a0fd4f2af552add042d716f1d168,uniswap,v3,0xd4eb21209c4d6093f80b5b84f5c45cc093ea14a3,CONTRACT_ADDRESS,MATCHED_CANONICAL_UNISWAP_FACTORY_RESULT,7638924.89,38950126.82,https://dexscreener.com/robinhood/0xd4eb21209c4d6093f80b5b84f5c45cc093ea14a3
NVDA,0x00000000000000000000000000000000915f477416294f5099a5e0e09f327ce5,0xd0601ce157db5bdc3162bbac2a2c8af5320d9eec,USDG,0x5fc5360d0400a0fd4f2af552add042d716f1d168,uniswap,v4,0x3bb34a44f1b2b5f32c034c38a53065a521a47b199700fa9bd19d60985ff24bf1,POOL_ID_BYTES32,THIRD_PARTY_DISCOVERY_ONLY,952865.67,391536.93,https://dexscreener.com/robinhood/0x3bb34a44f1b2b5f32c034c38a53065a521a47b199700fa9bd19d60985ff24bf1
NVDA,0x00000000000000000000000000000000915f477416294f5099a5e0e09f327ce5,0xd0601ce157db5bdc3162bbac2a2c8af5320d9eec,ETH,0x0000000000000000000000000000000000000000,uniswap,v4,0x3e144ebc85f0e2bbdbc0faf956aabecc86dd364f8195ecf264b2d91aa1d0bef7,POOL_ID_BYTES32,THIRD_PARTY_DISCOVERY_ONLY,23225.47,2793.27,https://dexscreener.com/robinhood/0x3e144ebc85f0e2bbdbc0faf956aabecc86dd364f8195ecf264b2d91aa1d0bef7
NVDA,0x00000000000000000000000000000000915f477416294f5099a5e0e09f327ce5,0xd0601ce157db5bdc3162bbac2a2c8af5320d9eec,USDG,0x5fc5360d0400a0fd4f2af552add042d716f1d168,uniswap,v4,0x420c99856fa42b495581bfb704882f0fe3125a27e12a79f8401200e1fadaa9ef,POOL_ID_BYTES32,THIRD_PARTY_DISCOVERY_ONLY,10092.61,15680.23,https://dexscreener.com/robinhood/0x420c99856fa42b495581bfb704882f0fe3125a27e12a79f8401200e1fadaa9ef
NVDA,0x00000000000000000000000000000000915f477416294f5099a5e0e09f327ce5,0xd0601ce157db5bdc3162bbac2a2c8af5320d9eec,USDG,0x5fc5360d0400a0fd4f2af552add042d716f1d168,uniswap,v4,0x53e74184f024eb01ceb7bbde68866bff3cc3ddf378c78745eb52bdd9ad7bcd91,POOL_ID_BYTES32,THIRD_PARTY_DISCOVERY_ONLY,19541.44,12591.7,https://dexscreener.com/robinhood/0x53e74184f024eb01ceb7bbde68866bff3cc3ddf378c78745eb52bdd9ad7bcd91
NVDA,0x00000000000000000000000000000000915f477416294f5099a5e0e09f327ce5,0xd0601ce157db5bdc3162bbac2a2c8af5320d9eec,USDG,0x5fc5360d0400a0fd4f2af552add042d716f1d168,uniswap,v4,0x55c2dddc6c6b85897009759787655c6fad1e1c4d5c63d33e38bd7e18c55000d2,POOL_ID_BYTES32,THIRD_PARTY_DISCOVERY_ONLY,5408.84,6472.42,https://dexscreener.com/robinhood/0x55c2dddc6c6b85897009759787655c6fad1e1c4d5c63d33e38bd7e18c55000d2
NVDA,0x00000000000000000000000000000000915f477416294f5099a5e0e09f327ce5,0xd0601ce157db5bdc3162bbac2a2c8af5320d9eec,ETH,0x0000000000000000000000000000000000000000,uniswap,v4,0x637f5fa47a6a45e177c24b8831d9eb5578478cfdb39e1749f77ee172e8fb3d4e,POOL_ID_BYTES32,THIRD_PARTY_DISCOVERY_ONLY,2008.31,0,https://dexscreener.com/robinhood/0x637f5fa47a6a45e177c24b8831d9eb5578478cfdb39e1749f77ee172e8fb3d4e
NVDA,0x00000000000000000000000000000000915f477416294f5099a5e0e09f327ce5,0xd0601ce157db5bdc3162bbac2a2c8af5320d9eec,WETH,0x0bd7d308f8e1639fab988df18a8011f41eacad73,uniswap,v4,0x647836c4965c512f0d82a2128abe7826eacf5a79d2dbed252a89ba5c591d1e87,POOL_ID_BYTES32,THIRD_PARTY_DISCOVERY_ONLY,26312.55,220951.81,https://dexscreener.com/robinhood/0x647836c4965c512f0d82a2128abe7826eacf5a79d2dbed252a89ba5c591d1e87
NVDA,0x00000000000000000000000000000000915f477416294f5099a5e0e09f327ce5,0xd0601ce157db5bdc3162bbac2a2c8af5320d9eec,ETH,0x0000000000000000000000000000000000000000,uniswap,v4,0x71f9660f9535e3e81d720696a58ea80274da8b2c6eb7c3acb22611d977439a5c,POOL_ID_BYTES32,THIRD_PARTY_DISCOVERY_ONLY,22410.2,133875.74,https://dexscreener.com/robinhood/0x71f9660f9535e3e81d720696a58ea80274da8b2c6eb7c3acb22611d977439a5c
NVDA,0x00000000000000000000000000000000915f477416294f5099a5e0e09f327ce5,0xd0601ce157db5bdc3162bbac2a2c8af5320d9eec,USDG,0x5fc5360d0400a0fd4f2af552add042d716f1d168,uniswap,v4,0x7990aad9e8fb048f49a155a7df5603db0366f0657035b78eb4196395cccb3dcd,POOL_ID_BYTES32,THIRD_PARTY_DISCOVERY_ONLY,178875.44,200421.27,https://dexscreener.com/robinhood/0x7990aad9e8fb048f49a155a7df5603db0366f0657035b78eb4196395cccb3dcd
NVDA,0x00000000000000000000000000000000915f477416294f5099a5e0e09f327ce5,0xd0601ce157db5bdc3162bbac2a2c8af5320d9eec,ETH,0x0000000000000000000000000000000000000000,uniswap,v4,0x96160c143794e430e07a613df645c2aa1eed96b93a4a2042ce455520c0cb62d6,POOL_ID_BYTES32,THIRD_PARTY_DISCOVERY_ONLY,2023.68,179.41,https://dexscreener.com/robinhood/0x96160c143794e430e07a613df645c2aa1eed96b93a4a2042ce455520c0cb62d6
NVDA,0x00000000000000000000000000000000915f477416294f5099a5e0e09f327ce5,0xd0601ce157db5bdc3162bbac2a2c8af5320d9eec,USDG,0x5fc5360d0400a0fd4f2af552add042d716f1d168,uniswap,v4,0x9788011914cb8dfe477bcd29718ee099470b7b8055b3aaef473657dc6c3ea70c,POOL_ID_BYTES32,THIRD_PARTY_DISCOVERY_ONLY,39938.07,3120.04,https://dexscreener.com/robinhood/0x9788011914cb8dfe477bcd29718ee099470b7b8055b3aaef473657dc6c3ea70c
NVDA,0x00000000000000000000000000000000915f477416294f5099a5e0e09f327ce5,0xd0601ce157db5bdc3162bbac2a2c8af5320d9eec,ETH,0x0000000000000000000000000000000000000000,uniswap,v4,0xaa8039d8e39d2bbcae23762e71f5a12162875a61848f0d96914c827f61877ef6,POOL_ID_BYTES32,THIRD_PARTY_DISCOVERY_ONLY,175316.85,19814.75,https://dexscreener.com/robinhood/0xaa8039d8e39d2bbcae23762e71f5a12162875a61848f0d96914c827f61877ef6
NVDA,0x00000000000000000000000000000000915f477416294f5099a5e0e09f327ce5,0xd0601ce157db5bdc3162bbac2a2c8af5320d9eec,WETH,0x0bd7d308f8e1639fab988df18a8011f41eacad73,uniswap,v4,0xb335912f75fdad04fba75b3cf1cefa2783047e9cb33be349ab8b6e02b358054e,POOL_ID_BYTES32,THIRD_PARTY_DISCOVERY_ONLY,15174.44,18185.25,https://dexscreener.com/robinhood/0xb335912f75fdad04fba75b3cf1cefa2783047e9cb33be349ab8b6e02b358054e
NVDA,0x00000000000000000000000000000000915f477416294f5099a5e0e09f327ce5,0xd0601ce157db5bdc3162bbac2a2c8af5320d9eec,USDG,0x5fc5360d0400a0fd4f2af552add042d716f1d168,uniswap,v4,0xc0740fc2109bddc4f5ab26d499cbfe0c5c8d059c5ef41dec28579f76bd4f572e,POOL_ID_BYTES32,THIRD_PARTY_DISCOVERY_ONLY,47115.58,7265.12,https://dexscreener.com/robinhood/0xc0740fc2109bddc4f5ab26d499cbfe0c5c8d059c5ef41dec28579f76bd4f572e
NVDA,0x00000000000000000000000000000000915f477416294f5099a5e0e09f327ce5,0xd0601ce157db5bdc3162bbac2a2c8af5320d9eec,USDG,0x5fc5360d0400a0fd4f2af552add042d716f1d168,uniswap,v4,0xd3a577cc273c5f81a169c0fd06b79c24269f4bb3cb5e7ad0313ada5310014389,POOL_ID_BYTES32,THIRD_PARTY_DISCOVERY_ONLY,22669.27,785994.96,https://dexscreener.com/robinhood/0xd3a577cc273c5f81a169c0fd06b79c24269f4bb3cb5e7ad0313ada5310014389
NVDA,0x00000000000000000000000000000000915f477416294f5099a5e0e09f327ce5,0xd0601ce157db5bdc3162bbac2a2c8af5320d9eec,USDG,0x5fc5360d0400a0fd4f2af552add042d716f1d168,uniswap,v4,0xdf5c0bcd967d54774c139a4ef803ec994779736346fb4c21b50ed241b1fd2682,POOL_ID_BYTES32,THIRD_PARTY_DISCOVERY_ONLY,45348.73,64844.55,https://dexscreener.com/robinhood/0xdf5c0bcd967d54774c139a4ef803ec994779736346fb4c21b50ed241b1fd2682
NVDA,0x00000000000000000000000000000000915f477416294f5099a5e0e09f327ce5,0xd0601ce157db5bdc3162bbac2a2c8af5320d9eec,ETH,0x0000000000000000000000000000000000000000,uniswap,v4,0xe2ece3c800a5304cd538658884905779465d54e1e0966ca3bcdd8b424e998740,POOL_ID_BYTES32,THIRD_PARTY_DISCOVERY_ONLY,5529.95,4107.37,https://dexscreener.com/robinhood/0xe2ece3c800a5304cd538658884905779465d54e1e0966ca3bcdd8b424e998740
NVDA,0x00000000000000000000000000000000915f477416294f5099a5e0e09f327ce5,0xd0601ce157db5bdc3162bbac2a2c8af5320d9eec,ETH,0x0000000000000000000000000000000000000000,uniswap,v4,0xea83d1911a6c8d027650a79631aafd958e2880ab69a668c7781998523c2d5431,POOL_ID_BYTES32,THIRD_PARTY_DISCOVERY_ONLY,444850.39,159223.29,https://dexscreener.com/robinhood/0xea83d1911a6c8d027650a79631aafd958e2880ab69a668c7781998523c2d5431
NVDA,0x00000000000000000000000000000000915f477416294f5099a5e0e09f327ce5,0xd0601ce157db5bdc3162bbac2a2c8af5320d9eec,USDG,0x5fc5360d0400a0fd4f2af552add042d716f1d168,up,v3,0x18a5af4e442f8be68968cc1f00d537f8af2d12cd,CONTRACT_ADDRESS,THIRD_PARTY_DISCOVERY_ONLY,79108.88,3086176.67,https://dexscreener.com/robinhood/0x18a5af4e442f8be68968cc1f00d537f8af2d12cd
ON,0x000000000000000000000000000000000467fac1d4da4c0e9ae874314fc8d784,0xbbd09f72b025360fee5c928053dca6248d35be54,USDG,0x5fc5360d0400a0fd4f2af552add042d716f1d168,uniswap,v3,0xfce637eead7d62d9ed27f81d9767de03e9e534cf,CONTRACT_ADDRESS,MATCHED_CANONICAL_UNISWAP_FACTORY_RESULT,72783.16,652919.09,https://dexscreener.com/robinhood/0xfce637eead7d62d9ed27f81d9767de03e9e534cf
ON,0x000000000000000000000000000000000467fac1d4da4c0e9ae874314fc8d784,0xbbd09f72b025360fee5c928053dca6248d35be54,ETH,0x0000000000000000000000000000000000000000,uniswap,v4,0x13490e96dcff88d4a0026b6b4cc53abcf1f4cf1e57b98f8156edd9e56655c903,POOL_ID_BYTES32,THIRD_PARTY_DISCOVERY_ONLY,624.61,14.15,https://dexscreener.com/robinhood/0x13490e96dcff88d4a0026b6b4cc53abcf1f4cf1e57b98f8156edd9e56655c903
ON,0x000000000000000000000000000000000467fac1d4da4c0e9ae874314fc8d784,0xbbd09f72b025360fee5c928053dca6248d35be54,ETH,0x0000000000000000000000000000000000000000,uniswap,v4,0x1c2d96420a047d7777d688fef791904ae215243a8b86a15efc2ac2bb62ea06a0,POOL_ID_BYTES32,THIRD_PARTY_DISCOVERY_ONLY,690.25,15.19,https://dexscreener.com/robinhood/0x1c2d96420a047d7777d688fef791904ae215243a8b86a15efc2ac2bb62ea06a0
ON,0x000000000000000000000000000000000467fac1d4da4c0e9ae874314fc8d784,0xbbd09f72b025360fee5c928053dca6248d35be54,ETH,0x0000000000000000000000000000000000000000,uniswap,v4,0x4165ff7ad0b70a699494aec7c71f6dba6bedf640821dd312a3b366b3494cdb98,POOL_ID_BYTES32,THIRD_PARTY_DISCOVERY_ONLY,4182.94,85.12,https://dexscreener.com/robinhood/0x4165ff7ad0b70a699494aec7c71f6dba6bedf640821dd312a3b366b3494cdb98
ON,0x000000000000000000000000000000000467fac1d4da4c0e9ae874314fc8d784,0xbbd09f72b025360fee5c928053dca6248d35be54,ETH,0x0000000000000000000000000000000000000000,uniswap,v4,0x4245b93095c89b92099dcf1fcfde6ce7c1349c29c9b379b2352eee1d84044de7,POOL_ID_BYTES32,THIRD_PARTY_DISCOVERY_ONLY,5819.87,7555.7,https://dexscreener.com/robinhood/0x4245b93095c89b92099dcf1fcfde6ce7c1349c29c9b379b2352eee1d84044de7
ON,0x000000000000000000000000000000000467fac1d4da4c0e9ae874314fc8d784,0xbbd09f72b025360fee5c928053dca6248d35be54,USDG,0x5fc5360d0400a0fd4f2af552add042d716f1d168,uniswap,v4,0x47efa3dac3476f3d25b487929a12228939556d1ae326744131576a41c7b9650f,POOL_ID_BYTES32,THIRD_PARTY_DISCOVERY_ONLY,713.41,46.38,https://dexscreener.com/robinhood/0x47efa3dac3476f3d25b487929a12228939556d1ae326744131576a41c7b9650f
ON,0x000000000000000000000000000000000467fac1d4da4c0e9ae874314fc8d784,0xbbd09f72b025360fee5c928053dca6248d35be54,USDG,0x5fc5360d0400a0fd4f2af552add042d716f1d168,uniswap,v4,0x4b6dc6f8ab581e5e6e12f6e71c6a88bf15d3839928a059bade8ae742509bc018,POOL_ID_BYTES32,THIRD_PARTY_DISCOVERY_ONLY,1091.46,42.58,https://dexscreener.com/robinhood/0x4b6dc6f8ab581e5e6e12f6e71c6a88bf15d3839928a059bade8ae742509bc018
ON,0x000000000000000000000000000000000467fac1d4da4c0e9ae874314fc8d784,0xbbd09f72b025360fee5c928053dca6248d35be54,ETH,0x0000000000000000000000000000000000000000,uniswap,v4,0x71e5ccf26bee5fc242212562d4baca5a426b2dfa4e1e74c8ffb8bbf060bdcff4,POOL_ID_BYTES32,THIRD_PARTY_DISCOVERY_ONLY,4617.93,231.39,https://dexscreener.com/robinhood/0x71e5ccf26bee5fc242212562d4baca5a426b2dfa4e1e74c8ffb8bbf060bdcff4
ON,0x000000000000000000000000000000000467fac1d4da4c0e9ae874314fc8d784,0xbbd09f72b025360fee5c928053dca6248d35be54,ETH,0x0000000000000000000000000000000000000000,uniswap,v4,0x9706f14c14f38e5807f510c382b76355c03bcee5247e6fe61919dcdc18f2e1ac,POOL_ID_BYTES32,THIRD_PARTY_DISCOVERY_ONLY,6930.48,97.66,https://dexscreener.com/robinhood/0x9706f14c14f38e5807f510c382b76355c03bcee5247e6fe61919dcdc18f2e1ac
ON,0x000000000000000000000000000000000467fac1d4da4c0e9ae874314fc8d784,0xbbd09f72b025360fee5c928053dca6248d35be54,USDG,0x5fc5360d0400a0fd4f2af552add042d716f1d168,uniswap,v4,0xbaa77c1372fea3b9709e6c507f109fdfe49c8b36253e9f2c54594806865f7ea4,POOL_ID_BYTES32,THIRD_PARTY_DISCOVERY_ONLY,4187.17,6128.05,https://dexscreener.com/robinhood/0xbaa77c1372fea3b9709e6c507f109fdfe49c8b36253e9f2c54594806865f7ea4
ON,0x000000000000000000000000000000000467fac1d4da4c0e9ae874314fc8d784,0xbbd09f72b025360fee5c928053dca6248d35be54,USDG,0x5fc5360d0400a0fd4f2af552add042d716f1d168,uniswap,v4,0xcd66a56c1346d404135bb9ce47e2473a10cc5e1fd78cc9de2bb97f92c8ea3f10,POOL_ID_BYTES32,THIRD_PARTY_DISCOVERY_ONLY,32074.04,1328.66,https://dexscreener.com/robinhood/0xcd66a56c1346d404135bb9ce47e2473a10cc5e1fd78cc9de2bb97f92c8ea3f10
ON,0x000000000000000000000000000000000467fac1d4da4c0e9ae874314fc8d784,0xbbd09f72b025360fee5c928053dca6248d35be54,USDG,0x5fc5360d0400a0fd4f2af552add042d716f1d168,uniswap,v4,0xdb374167edef14c0765c5df7f5637962403cfb0194d59d069f02fb73fe84592c,POOL_ID_BYTES32,THIRD_PARTY_DISCOVERY_ONLY,481.06,501.75,https://dexscreener.com/robinhood/0xdb374167edef14c0765c5df7f5637962403cfb0194d59d069f02fb73fe84592c
ON,0x000000000000000000000000000000000467fac1d4da4c0e9ae874314fc8d784,0xbbd09f72b025360fee5c928053dca6248d35be54,USDG,0x5fc5360d0400a0fd4f2af552add042d716f1d168,uniswap,v4,0xe4577ec84aad70b42d8d78a1f6aafe0077c4f63e0192da285377e27995712afb,POOL_ID_BYTES32,THIRD_PARTY_DISCOVERY_ONLY,117.99,226.32,https://dexscreener.com/robinhood/0xe4577ec84aad70b42d8d78a1f6aafe0077c4f63e0192da285377e27995712afb
ON,0x000000000000000000000000000000000467fac1d4da4c0e9ae874314fc8d784,0xbbd09f72b025360fee5c928053dca6248d35be54,USDG,0x5fc5360d0400a0fd4f2af552add042d716f1d168,uniswap,v4,0xeab6238b94366908c62a38a10eed0dc3bdc7316d3821161d09a63e6cecaf6f87,POOL_ID_BYTES32,THIRD_PARTY_DISCOVERY_ONLY,512.91,6,https://dexscreener.com/robinhood/0xeab6238b94366908c62a38a10eed0dc3bdc7316d3821161d09a63e6cecaf6f87
OUST,0x0000000000000000000000000000000060d13e3566ea42a0a83a3224fd446109,0x40e7a279850e443f582059ae5dc1c3b6563e6395,USDG,0x5fc5360d0400a0fd4f2af552add042d716f1d168,uniswap,v4,0x1aaccb8c9670261c2ac1adb60dddd2d8aaf53ac97f1f131e5dbef7acd6640aa5,POOL_ID_BYTES32,THIRD_PARTY_DISCOVERY_ONLY,7824.28,113.2,https://dexscreener.com/robinhood/0x1aaccb8c9670261c2ac1adb60dddd2d8aaf53ac97f1f131e5dbef7acd6640aa5
OUST,0x0000000000000000000000000000000060d13e3566ea42a0a83a3224fd446109,0x40e7a279850e443f582059ae5dc1c3b6563e6395,ETH,0x0000000000000000000000000000000000000000,uniswap,v4,0xf38ae903c26900adce810188c2e09ffb22349e0a9eb752660fd78a286cde1a0d,POOL_ID_BYTES32,THIRD_PARTY_DISCOVERY_ONLY,2882.58,81,https://dexscreener.com/robinhood/0xf38ae903c26900adce810188c2e09ffb22349e0a9eb752660fd78a286cde1a0d
P,0x0000000000000000000000000000000002c4d1ce31ec4310b2c507c921a52b70,0x1cdad396db64bda184d5182a97dd9b3c62100b7d,USDG,0x5fc5360d0400a0fd4f2af552add042d716f1d168,uniswap,v4,0x02fcfdb39d121ee01db03b776b7fc8bc5df7654473c82e7e860e85ef10da6430,POOL_ID_BYTES32,THIRD_PARTY_DISCOVERY_ONLY,1747.47,11226.97,https://dexscreener.com/robinhood/0x02fcfdb39d121ee01db03b776b7fc8bc5df7654473c82e7e860e85ef10da6430
P,0x0000000000000000000000000000000002c4d1ce31ec4310b2c507c921a52b70,0x1cdad396db64bda184d5182a97dd9b3c62100b7d,USDG,0x5fc5360d0400a0fd4f2af552add042d716f1d168,uniswap,v4,0x1543aa6b65348c861fd91680f308f943e91cb21acca81aa31067c18b0671e1b4,POOL_ID_BYTES32,THIRD_PARTY_DISCOVERY_ONLY,3002.1,597.07,https://dexscreener.com/robinhood/0x1543aa6b65348c861fd91680f308f943e91cb21acca81aa31067c18b0671e1b4
P,0x0000000000000000000000000000000002c4d1ce31ec4310b2c507c921a52b70,0x1cdad396db64bda184d5182a97dd9b3c62100b7d,USDG,0x5fc5360d0400a0fd4f2af552add042d716f1d168,uniswap,v4,0x1d88653e8eacc4a6997b8400a78731ff615998b9edb0de24368f81909ec49875,POOL_ID_BYTES32,THIRD_PARTY_DISCOVERY_ONLY,1140.61,1203.09,https://dexscreener.com/robinhood/0x1d88653e8eacc4a6997b8400a78731ff615998b9edb0de24368f81909ec49875
P,0x0000000000000000000000000000000002c4d1ce31ec4310b2c507c921a52b70,0x1cdad396db64bda184d5182a97dd9b3c62100b7d,ETH,0x0000000000000000000000000000000000000000,uniswap,v4,0x2d48bd47cca5b9663a2aa60b5a057470ede79513a6e547715e18ac56f38fd435,POOL_ID_BYTES32,THIRD_PARTY_DISCOVERY_ONLY,2232.86,32.02,https://dexscreener.com/robinhood/0x2d48bd47cca5b9663a2aa60b5a057470ede79513a6e547715e18ac56f38fd435
P,0x0000000000000000000000000000000002c4d1ce31ec4310b2c507c921a52b70,0x1cdad396db64bda184d5182a97dd9b3c62100b7d,USDG,0x5fc5360d0400a0fd4f2af552add042d716f1d168,uniswap,v4,0x3ffaca631ee693b72ab83857393d3ef11915d5ce6675cbb1e30732fc5b8c9fa1,POOL_ID_BYTES32,THIRD_PARTY_DISCOVERY_ONLY,49920.61,95973.29,https://dexscreener.com/robinhood/0x3ffaca631ee693b72ab83857393d3ef11915d5ce6675cbb1e30732fc5b8c9fa1
P,0x0000000000000000000000000000000002c4d1ce31ec4310b2c507c921a52b70,0x1cdad396db64bda184d5182a97dd9b3c62100b7d,USDG,0x5fc5360d0400a0fd4f2af552add042d716f1d168,uniswap,v4,0x4a62b2061e891583f644708e6701310547dd943d526b93fba6dedeaae15e1085,POOL_ID_BYTES32,THIRD_PARTY_DISCOVERY_ONLY,10954.97,2923.51,https://dexscreener.com/robinhood/0x4a62b2061e891583f644708e6701310547dd943d526b93fba6dedeaae15e1085
P,0x0000000000000000000000000000000002c4d1ce31ec4310b2c507c921a52b70,0x1cdad396db64bda184d5182a97dd9b3c62100b7d,ETH,0x0000000000000000000000000000000000000000,uniswap,v4,0x502eedd0e88e8a8f374ee4a37c432f2cb75287f499273133600fa3d64f251f23,POOL_ID_BYTES32,THIRD_PARTY_DISCOVERY_ONLY,10972.66,610.85,https://dexscreener.com/robinhood/0x502eedd0e88e8a8f374ee4a37c432f2cb75287f499273133600fa3d64f251f23
P,0x0000000000000000000000000000000002c4d1ce31ec4310b2c507c921a52b70,0x1cdad396db64bda184d5182a97dd9b3c62100b7d,USDG,0x5fc5360d0400a0fd4f2af552add042d716f1d168,uniswap,v4,0x7c29299e40607279f9e32bc360a000b38bacbafdc94726873637fa47ba7654cd,POOL_ID_BYTES32,THIRD_PARTY_DISCOVERY_ONLY,19342.17,59.22,https://dexscreener.com/robinhood/0x7c29299e40607279f9e32bc360a000b38bacbafdc94726873637fa47ba7654cd
P,0x0000000000000000000000000000000002c4d1ce31ec4310b2c507c921a52b70,0x1cdad396db64bda184d5182a97dd9b3c62100b7d,USDG,0x5fc5360d0400a0fd4f2af552add042d716f1d168,uniswap,v4,0x7e1a45bdd9e07592c5e36aecbc5d7c637f765ace2c20a67bef6b8a97b9b18059,POOL_ID_BYTES32,THIRD_PARTY_DISCOVERY_ONLY,130.9,1.16,https://dexscreener.com/robinhood/0x7e1a45bdd9e07592c5e36aecbc5d7c637f765ace2c20a67bef6b8a97b9b18059
P,0x0000000000000000000000000000000002c4d1ce31ec4310b2c507c921a52b70,0x1cdad396db64bda184d5182a97dd9b3c62100b7d,ETH,0x0000000000000000000000000000000000000000,uniswap,v4,0x8afffd3dbaa4194363d0dd62962361a9ed97705c85b7c2cb996ec63e843fd1c6,POOL_ID_BYTES32,THIRD_PARTY_DISCOVERY_ONLY,2345.01,0.36,https://dexscreener.com/robinhood/0x8afffd3dbaa4194363d0dd62962361a9ed97705c85b7c2cb996ec63e843fd1c6
P,0x0000000000000000000000000000000002c4d1ce31ec4310b2c507c921a52b70,0x1cdad396db64bda184d5182a97dd9b3c62100b7d,USDG,0x5fc5360d0400a0fd4f2af552add042d716f1d168,uniswap,v4,0xc4a8a93465c363141ab512cfc6b1292d1201c6ace902414fd1db281780292ae6,POOL_ID_BYTES32,THIRD_PARTY_DISCOVERY_ONLY,1015.44,3240.13,https://dexscreener.com/robinhood/0xc4a8a93465c363141ab512cfc6b1292d1201c6ace902414fd1db281780292ae6
P,0x0000000000000000000000000000000002c4d1ce31ec4310b2c507c921a52b70,0x1cdad396db64bda184d5182a97dd9b3c62100b7d,ETH,0x0000000000000000000000000000000000000000,uniswap,v4,0xdab51967491e97b3ef3ca3ece93875e6c692ea176f24ff0ece33d23f9ac059ea,POOL_ID_BYTES32,THIRD_PARTY_DISCOVERY_ONLY,2288.16,34.73,https://dexscreener.com/robinhood/0xdab51967491e97b3ef3ca3ece93875e6c692ea176f24ff0ece33d23f9ac059ea
P,0x0000000000000000000000000000000002c4d1ce31ec4310b2c507c921a52b70,0x1cdad396db64bda184d5182a97dd9b3c62100b7d,USDG,0x5fc5360d0400a0fd4f2af552add042d716f1d168,uniswap,v4,0xe47e79d1a958937ef6ad6aae46884c643bd809bd22e47ee02223aad14b9782cf,POOL_ID_BYTES32,THIRD_PARTY_DISCOVERY_ONLY,3480.63,11.41,https://dexscreener.com/robinhood/0xe47e79d1a958937ef6ad6aae46884c643bd809bd22e47ee02223aad14b9782cf
P,0x0000000000000000000000000000000002c4d1ce31ec4310b2c507c921a52b70,0x1cdad396db64bda184d5182a97dd9b3c62100b7d,ETH,0x0000000000000000000000000000000000000000,uniswap,v4,0xfcafef1cde6cf15cff84052055a600493f999519a98d2977005b4db5c488cab9,POOL_ID_BYTES32,THIRD_PARTY_DISCOVERY_ONLY,543.43,11.39,https://dexscreener.com/robinhood/0xfcafef1cde6cf15cff84052055a600493f999519a98d2977005b4db5c488cab9
PANW,0x00000000000000000000000000000000423f62d0b1e146a3b90e9b1ffcbf6e16,0xb039597ed45cba7b6e2fb9e8be51802969cee5be,ETH,0x0000000000000000000000000000000000000000,uniswap,v4,0x38f44c508b4e5a3432ea8915bf7c424ec591ff349ba7f2b74821576351748efd,POOL_ID_BYTES32,THIRD_PARTY_DISCOVERY_ONLY,6771.08,30.42,https://dexscreener.com/robinhood/0x38f44c508b4e5a3432ea8915bf7c424ec591ff349ba7f2b74821576351748efd
PANW,0x00000000000000000000000000000000423f62d0b1e146a3b90e9b1ffcbf6e16,0xb039597ed45cba7b6e2fb9e8be51802969cee5be,USDG,0x5fc5360d0400a0fd4f2af552add042d716f1d168,uniswap,v4,0x41c9ec9295e1cdbf05e6137214a1a7bb8bbbc53d7bbb5e5d4bdc1f0bceb894cf,POOL_ID_BYTES32,THIRD_PARTY_DISCOVERY_ONLY,8929.9,23.69,https://dexscreener.com/robinhood/0x41c9ec9295e1cdbf05e6137214a1a7bb8bbbc53d7bbb5e5d4bdc1f0bceb894cf
PLTR,0x000000000000000000000000000000007454a90b4aab491389ce9fa3c485de42,0x894e1ec2d74ffe5aef8dc8a9e84686accb964f2a,USDG,0x5fc5360d0400a0fd4f2af552add042d716f1d168,parity,,0x17f8d70d0e8270360a520217bbcc59666ec8745d,CONTRACT_ADDRESS,THIRD_PARTY_DISCOVERY_ONLY,5.87,0,https://dexscreener.com/robinhood/0x17f8d70d0e8270360a520217bbcc59666ec8745d
PLTR,0x000000000000000000000000000000007454a90b4aab491389ce9fa3c485de42,0x894e1ec2d74ffe5aef8dc8a9e84686accb964f2a,USDG,0x5fc5360d0400a0fd4f2af552add042d716f1d168,ramses,v3,0x53d3f8b79eea3c4dd7df5c1d3a7215baaad772ee,CONTRACT_ADDRESS,THIRD_PARTY_DISCOVERY_ONLY,10283.21,166723.25,https://dexscreener.com/robinhood/0x53d3f8b79eea3c4dd7df5c1d3a7215baaad772ee
PLTR,0x000000000000000000000000000000007454a90b4aab491389ce9fa3c485de42,0x894e1ec2d74ffe5aef8dc8a9e84686accb964f2a,WETH,0x0bd7d308f8e1639fab988df18a8011f41eacad73,sheriff,v4,0xbacc7e8808ae4c27da59a149dfe83ffaf61c3e1a,CONTRACT_ADDRESS,THIRD_PARTY_DISCOVERY_ONLY,1289.33,7661.41,https://dexscreener.com/robinhood/0xbacc7e8808ae4c27da59a149dfe83ffaf61c3e1a
PLTR,0x000000000000000000000000000000007454a90b4aab491389ce9fa3c485de42,0x894e1ec2d74ffe5aef8dc8a9e84686accb964f2a,USDG,0x5fc5360d0400a0fd4f2af552add042d716f1d168,uniswap,v3,0x851680416a4f4e1c463d45171d61acddbc8554c0,CONTRACT_ADDRESS,MATCHED_CANONICAL_UNISWAP_FACTORY_RESULT,91258.22,924891.43,https://dexscreener.com/robinhood/0x851680416a4f4e1c463d45171d61acddbc8554c0
PLTR,0x000000000000000000000000000000007454a90b4aab491389ce9fa3c485de42,0x894e1ec2d74ffe5aef8dc8a9e84686accb964f2a,ETH,0x0000000000000000000000000000000000000000,uniswap,v4,0x41d5f1c445311be008ed937ec1b7874bc2b199469f9a4293e7113a4b2db9665a,POOL_ID_BYTES32,THIRD_PARTY_DISCOVERY_ONLY,3612.37,2777.44,https://dexscreener.com/robinhood/0x41d5f1c445311be008ed937ec1b7874bc2b199469f9a4293e7113a4b2db9665a
PLTR,0x000000000000000000000000000000007454a90b4aab491389ce9fa3c485de42,0x894e1ec2d74ffe5aef8dc8a9e84686accb964f2a,ETH,0x0000000000000000000000000000000000000000,uniswap,v4,0x71c75f22871e483dfa16970efb42564462b1878112acb0d09e3f318bcd59c353,POOL_ID_BYTES32,THIRD_PARTY_DISCOVERY_ONLY,19836.32,4911.48,https://dexscreener.com/robinhood/0x71c75f22871e483dfa16970efb42564462b1878112acb0d09e3f318bcd59c353
PLTR,0x000000000000000000000000000000007454a90b4aab491389ce9fa3c485de42,0x894e1ec2d74ffe5aef8dc8a9e84686accb964f2a,USDG,0x5fc5360d0400a0fd4f2af552add042d716f1d168,uniswap,v4,0x79b1ba1152f8130eef6917785b8ce7b035cb3daef084b242e7558ea42a465bd3,POOL_ID_BYTES32,THIRD_PARTY_DISCOVERY_ONLY,7862.81,368.29,https://dexscreener.com/robinhood/0x79b1ba1152f8130eef6917785b8ce7b035cb3daef084b242e7558ea42a465bd3
PLTR,0x000000000000000000000000000000007454a90b4aab491389ce9fa3c485de42,0x894e1ec2d74ffe5aef8dc8a9e84686accb964f2a,USDG,0x5fc5360d0400a0fd4f2af552add042d716f1d168,uniswap,v4,0x83a19a055eadadafa48b37efd825a8f11217caf04542503e74e8708a9e7da57b,POOL_ID_BYTES32,THIRD_PARTY_DISCOVERY_ONLY,,126.1,https://dexscreener.com/robinhood/0x83a19a055eadadafa48b37efd825a8f11217caf04542503e74e8708a9e7da57b
PLTR,0x000000000000000000000000000000007454a90b4aab491389ce9fa3c485de42,0x894e1ec2d74ffe5aef8dc8a9e84686accb964f2a,ETH,0x0000000000000000000000000000000000000000,uniswap,v4,0x8837fc3e391775aa8df481e82fd00d6e662966870bcb05cb9e89d1a9fb13a0cd,POOL_ID_BYTES32,THIRD_PARTY_DISCOVERY_ONLY,456.37,238.39,https://dexscreener.com/robinhood/0x8837fc3e391775aa8df481e82fd00d6e662966870bcb05cb9e89d1a9fb13a0cd
PLTR,0x000000000000000000000000000000007454a90b4aab491389ce9fa3c485de42,0x894e1ec2d74ffe5aef8dc8a9e84686accb964f2a,ETH,0x0000000000000000000000000000000000000000,uniswap,v4,0xa3b798bfd7aa9881e2c7ceee8793ffda9c97d81b3f8f75a42bad046b130a7631,POOL_ID_BYTES32,THIRD_PARTY_DISCOVERY_ONLY,51.34,49.16,https://dexscreener.com/robinhood/0xa3b798bfd7aa9881e2c7ceee8793ffda9c97d81b3f8f75a42bad046b130a7631
PLTR,0x000000000000000000000000000000007454a90b4aab491389ce9fa3c485de42,0x894e1ec2d74ffe5aef8dc8a9e84686accb964f2a,USDG,0x5fc5360d0400a0fd4f2af552add042d716f1d168,uniswap,v4,0xb95d394f14f5680babcd3a7b84e8d43a16f595dd2e9aad4d493aa4c9353a4fe8,POOL_ID_BYTES32,THIRD_PARTY_DISCOVERY_ONLY,6488.14,671.5,https://dexscreener.com/robinhood/0xb95d394f14f5680babcd3a7b84e8d43a16f595dd2e9aad4d493aa4c9353a4fe8
PLTR,0x000000000000000000000000000000007454a90b4aab491389ce9fa3c485de42,0x894e1ec2d74ffe5aef8dc8a9e84686accb964f2a,USDG,0x5fc5360d0400a0fd4f2af552add042d716f1d168,uniswap,v4,0xee430ee1003e1985e1828a01b9a20dad67ad4302994fe2abb4a173de4ac54623,POOL_ID_BYTES32,THIRD_PARTY_DISCOVERY_ONLY,410473.3,932223.22,https://dexscreener.com/robinhood/0xee430ee1003e1985e1828a01b9a20dad67ad4302994fe2abb4a173de4ac54623
PLTR,0x000000000000000000000000000000007454a90b4aab491389ce9fa3c485de42,0x894e1ec2d74ffe5aef8dc8a9e84686accb964f2a,USDG,0x5fc5360d0400a0fd4f2af552add042d716f1d168,up,v3,0x768c240bffd8855e942bbd78137988a08bdd36a3,CONTRACT_ADDRESS,THIRD_PARTY_DISCOVERY_ONLY,2369.89,5327.56,https://dexscreener.com/robinhood/0x768c240bffd8855e942bbd78137988a08bdd36a3
PLTR,0x000000000000000000000000000000007454a90b4aab491389ce9fa3c485de42,0x894e1ec2d74ffe5aef8dc8a9e84686accb964f2a,USDG,0x5fc5360d0400a0fd4f2af552add042d716f1d168,up,v3,0x7de5d9405d99da63d7550eb785b872f3f800faae,CONTRACT_ADDRESS,THIRD_PARTY_DISCOVERY_ONLY,52.59,9.82,https://dexscreener.com/robinhood/0x7de5d9405d99da63d7550eb785b872f3f800faae
POWL,0x00000000000000000000000000000000794a29855a8f4a9998510dfa2604da94,0x237c16d66590f67b886d978acd362eaead8b18c7,ETH,0x0000000000000000000000000000000000000000,uniswap,v4,0x4d17362c5ca3f564b71e6e4ab66cba4e5e6d7d8b012ac033c4b8615faf21d4a0,POOL_ID_BYTES32,THIRD_PARTY_DISCOVERY_ONLY,4651.14,75.43,https://dexscreener.com/robinhood/0x4d17362c5ca3f564b71e6e4ab66cba4e5e6d7d8b012ac033c4b8615faf21d4a0
POWL,0x00000000000000000000000000000000794a29855a8f4a9998510dfa2604da94,0x237c16d66590f67b886d978acd362eaead8b18c7,USDG,0x5fc5360d0400a0fd4f2af552add042d716f1d168,uniswap,v4,0x525aa1fe7e049ff80876c80a278334b080cf009ad2fae0142f4efefea37305c7,POOL_ID_BYTES32,THIRD_PARTY_DISCOVERY_ONLY,4076.75,262.22,https://dexscreener.com/robinhood/0x525aa1fe7e049ff80876c80a278334b080cf009ad2fae0142f4efefea37305c7
POWL,0x00000000000000000000000000000000794a29855a8f4a9998510dfa2604da94,0x237c16d66590f67b886d978acd362eaead8b18c7,USDG,0x5fc5360d0400a0fd4f2af552add042d716f1d168,uniswap,v4,0x5934fccc26180f5543547fc9dbcc569f91d54c5827379643d6ef59cfe8408c24,POOL_ID_BYTES32,THIRD_PARTY_DISCOVERY_ONLY,2235.63,42.18,https://dexscreener.com/robinhood/0x5934fccc26180f5543547fc9dbcc569f91d54c5827379643d6ef59cfe8408c24
POWL,0x00000000000000000000000000000000794a29855a8f4a9998510dfa2604da94,0x237c16d66590f67b886d978acd362eaead8b18c7,ETH,0x0000000000000000000000000000000000000000,uniswap,v4,0x85c4961831b7e350222eb1e3b509bce2ac60b8d1f6235a1b239972eb7bb0220d,POOL_ID_BYTES32,THIRD_PARTY_DISCOVERY_ONLY,230.43,6.41,https://dexscreener.com/robinhood/0x85c4961831b7e350222eb1e3b509bce2ac60b8d1f6235a1b239972eb7bb0220d
POWL,0x00000000000000000000000000000000794a29855a8f4a9998510dfa2604da94,0x237c16d66590f67b886d978acd362eaead8b18c7,ETH,0x0000000000000000000000000000000000000000,uniswap,v4,0xabaeed3efc7a12d2f37abf8e3ed4f785a1b7172ea39a8cc16229739d6470d920,POOL_ID_BYTES32,THIRD_PARTY_DISCOVERY_ONLY,2249.11,86.07,https://dexscreener.com/robinhood/0xabaeed3efc7a12d2f37abf8e3ed4f785a1b7172ea39a8cc16229739d6470d920
POWL,0x00000000000000000000000000000000794a29855a8f4a9998510dfa2604da94,0x237c16d66590f67b886d978acd362eaead8b18c7,ETH,0x0000000000000000000000000000000000000000,uniswap,v4,0xb9a7b9c03c6f8da513c7f9ed460f2171417a0df386fe7238efd096bbef9687f6,POOL_ID_BYTES32,THIRD_PARTY_DISCOVERY_ONLY,2371.25,50.12,https://dexscreener.com/robinhood/0xb9a7b9c03c6f8da513c7f9ed460f2171417a0df386fe7238efd096bbef9687f6
POWL,0x00000000000000000000000000000000794a29855a8f4a9998510dfa2604da94,0x237c16d66590f67b886d978acd362eaead8b18c7,USDG,0x5fc5360d0400a0fd4f2af552add042d716f1d168,uniswap,v4,0xe1abe305cde1f4257bb7e76506d18f5cbe6bea7ac80d56629d9bb1dd51ecc9d6,POOL_ID_BYTES32,THIRD_PARTY_DISCOVERY_ONLY,519.18,9.93,https://dexscreener.com/robinhood/0xe1abe305cde1f4257bb7e76506d18f5cbe6bea7ac80d56629d9bb1dd51ecc9d6
PR,0x0000000000000000000000000000000022d137a64ac743aa991898cc4c1d7af4,0x4189f0c66ebbb0bfef1c31f763131361ef32f77c,ETH,0x0000000000000000000000000000000000000000,uniswap,v4,0x075d9d89f6a432fc31b817e30b5b1f8a6685813f4fb60ce6ba467bda3ef38d3f,POOL_ID_BYTES32,THIRD_PARTY_DISCOVERY_ONLY,599.28,7.63,https://dexscreener.com/robinhood/0x075d9d89f6a432fc31b817e30b5b1f8a6685813f4fb60ce6ba467bda3ef38d3f
PR,0x0000000000000000000000000000000022d137a64ac743aa991898cc4c1d7af4,0x4189f0c66ebbb0bfef1c31f763131361ef32f77c,USDG,0x5fc5360d0400a0fd4f2af552add042d716f1d168,uniswap,v4,0x3db7681956f01d5e920735c41db703a5dfeeec3c79af6d3421360e74a4a50b7e,POOL_ID_BYTES32,THIRD_PARTY_DISCOVERY_ONLY,4752.76,208.21,https://dexscreener.com/robinhood/0x3db7681956f01d5e920735c41db703a5dfeeec3c79af6d3421360e74a4a50b7e
PR,0x0000000000000000000000000000000022d137a64ac743aa991898cc4c1d7af4,0x4189f0c66ebbb0bfef1c31f763131361ef32f77c,ETH,0x0000000000000000000000000000000000000000,uniswap,v4,0x901b66955655f09ebad078d6bde885171f4f72c9d2d56a8e025332fd38af453d,POOL_ID_BYTES32,THIRD_PARTY_DISCOVERY_ONLY,12732.78,12.44,https://dexscreener.com/robinhood/0x901b66955655f09ebad078d6bde885171f4f72c9d2d56a8e025332fd38af453d
PR,0x0000000000000000000000000000000022d137a64ac743aa991898cc4c1d7af4,0x4189f0c66ebbb0bfef1c31f763131361ef32f77c,ETH,0x0000000000000000000000000000000000000000,uniswap,v4,0xaee95c207557880ec97ce0de6b1969bb51bd105e7262a0bd4987333073cef11d,POOL_ID_BYTES32,THIRD_PARTY_DISCOVERY_ONLY,481.5,18.42,https://dexscreener.com/robinhood/0xaee95c207557880ec97ce0de6b1969bb51bd105e7262a0bd4987333073cef11d
PR,0x0000000000000000000000000000000022d137a64ac743aa991898cc4c1d7af4,0x4189f0c66ebbb0bfef1c31f763131361ef32f77c,USDG,0x5fc5360d0400a0fd4f2af552add042d716f1d168,uniswap,v4,0xdfb420dd1bf57c3b45bf7a552fc706279fb0ec5225d22db4ae57692f9533fdb4,POOL_ID_BYTES32,THIRD_PARTY_DISCOVERY_ONLY,2053.47,1.16,https://dexscreener.com/robinhood/0xdfb420dd1bf57c3b45bf7a552fc706279fb0ec5225d22db4ae57692f9533fdb4
PR,0x0000000000000000000000000000000022d137a64ac743aa991898cc4c1d7af4,0x4189f0c66ebbb0bfef1c31f763131361ef32f77c,USDG,0x5fc5360d0400a0fd4f2af552add042d716f1d168,uniswap,v4,0xffbed8b640cc5001078c53876e25eb364122fb62fc37f1df30c6c08036346461,POOL_ID_BYTES32,THIRD_PARTY_DISCOVERY_ONLY,3003.17,987.39,https://dexscreener.com/robinhood/0xffbed8b640cc5001078c53876e25eb364122fb62fc37f1df30c6c08036346461
PWR,0x0000000000000000000000000000000094e84a8622774d5699842d9b0621b871,0x9ab02ead789b6903c3c44d0ed32f9c707cdf12fd,USDG,0x5fc5360d0400a0fd4f2af552add042d716f1d168,uniswap,v4,0x3e4c6c4d67f056fafe3d63f05fc5cefbe2e738fbbad1587b1cc5c9ad1a846858,POOL_ID_BYTES32,THIRD_PARTY_DISCOVERY_ONLY,4172.53,2841.65,https://dexscreener.com/robinhood/0x3e4c6c4d67f056fafe3d63f05fc5cefbe2e738fbbad1587b1cc5c9ad1a846858
PWR,0x0000000000000000000000000000000094e84a8622774d5699842d9b0621b871,0x9ab02ead789b6903c3c44d0ed32f9c707cdf12fd,USDG,0x5fc5360d0400a0fd4f2af552add042d716f1d168,uniswap,v4,0x4f545679c92f104d2d55f91659da3ba7b956a755fab0ac8cb2118fd6f67c325c,POOL_ID_BYTES32,THIRD_PARTY_DISCOVERY_ONLY,115.27,1.88,https://dexscreener.com/robinhood/0x4f545679c92f104d2d55f91659da3ba7b956a755fab0ac8cb2118fd6f67c325c
PWR,0x0000000000000000000000000000000094e84a8622774d5699842d9b0621b871,0x9ab02ead789b6903c3c44d0ed32f9c707cdf12fd,USDG,0x5fc5360d0400a0fd4f2af552add042d716f1d168,uniswap,v4,0x5271709f648c33f92d7566515f2e1db8d527d7a1501bc501ad0086bc73d9f94a,POOL_ID_BYTES32,THIRD_PARTY_DISCOVERY_ONLY,531.05,23.97,https://dexscreener.com/robinhood/0x5271709f648c33f92d7566515f2e1db8d527d7a1501bc501ad0086bc73d9f94a
PWR,0x0000000000000000000000000000000094e84a8622774d5699842d9b0621b871,0x9ab02ead789b6903c3c44d0ed32f9c707cdf12fd,ETH,0x0000000000000000000000000000000000000000,uniswap,v4,0x56bd134ef6d23052995889f105cdd7fe614ed333489241b68de7fdf6539c52ad,POOL_ID_BYTES32,THIRD_PARTY_DISCOVERY_ONLY,2170.63,102.75,https://dexscreener.com/robinhood/0x56bd134ef6d23052995889f105cdd7fe614ed333489241b68de7fdf6539c52ad
PWR,0x0000000000000000000000000000000094e84a8622774d5699842d9b0621b871,0x9ab02ead789b6903c3c44d0ed32f9c707cdf12fd,ETH,0x0000000000000000000000000000000000000000,uniswap,v4,0x8ace3c12c92ce921274ce25d8fb00cd03a7f27736577d4deff386358d31dbb3a,POOL_ID_BYTES32,THIRD_PARTY_DISCOVERY_ONLY,5164.83,1423.7,https://dexscreener.com/robinhood/0x8ace3c12c92ce921274ce25d8fb00cd03a7f27736577d4deff386358d31dbb3a
PWR,0x0000000000000000000000000000000094e84a8622774d5699842d9b0621b871,0x9ab02ead789b6903c3c44d0ed32f9c707cdf12fd,USDG,0x5fc5360d0400a0fd4f2af552add042d716f1d168,uniswap,v4,0xe548b9c535f4192ec3aa76b228f2afab6f8f2df34a73f5744c7f5a1601f74780,POOL_ID_BYTES32,THIRD_PARTY_DISCOVERY_ONLY,6857.84,3268.57,https://dexscreener.com/robinhood/0xe548b9c535f4192ec3aa76b228f2afab6f8f2df34a73f5744c7f5a1601f74780
PWR,0x0000000000000000000000000000000094e84a8622774d5699842d9b0621b871,0x9ab02ead789b6903c3c44d0ed32f9c707cdf12fd,USDG,0x5fc5360d0400a0fd4f2af552add042d716f1d168,uniswap,v4,0xf9aca0adb63d8d8a18151d5a670706eb69b767c821e33a6b2b305f869583b9e4,POOL_ID_BYTES32,THIRD_PARTY_DISCOVERY_ONLY,7942.25,1782.42,https://dexscreener.com/robinhood/0xf9aca0adb63d8d8a18151d5a670706eb69b767c821e33a6b2b305f869583b9e4
QBTS,0x000000000000000000000000000000000a924e0d878747e586c22887bc2d82b1,0xc583c60aef9dc401da72cec1b404743a93cea1cc,ETH,0x0000000000000000000000000000000000000000,uniswap,v4,0x03493dcaf11f8680c74869960bfb0caeb18be741060a359bd6b989a3ede7f5e6,POOL_ID_BYTES32,THIRD_PARTY_DISCOVERY_ONLY,512.04,4.51,https://dexscreener.com/robinhood/0x03493dcaf11f8680c74869960bfb0caeb18be741060a359bd6b989a3ede7f5e6
QBTS,0x000000000000000000000000000000000a924e0d878747e586c22887bc2d82b1,0xc583c60aef9dc401da72cec1b404743a93cea1cc,ETH,0x0000000000000000000000000000000000000000,uniswap,v4,0x28733e634ea4ed80dd4810dfa912f622d4ecdc84598cca6029665e111989d15e,POOL_ID_BYTES32,THIRD_PARTY_DISCOVERY_ONLY,1986.62,35.35,https://dexscreener.com/robinhood/0x28733e634ea4ed80dd4810dfa912f622d4ecdc84598cca6029665e111989d15e
QBTS,0x000000000000000000000000000000000a924e0d878747e586c22887bc2d82b1,0xc583c60aef9dc401da72cec1b404743a93cea1cc,USDG,0x5fc5360d0400a0fd4f2af552add042d716f1d168,uniswap,v4,0xbf8976ed9535e82042b58d2fffceb18c81e256caf01d3ffe4d35dceeab7f1a2f,POOL_ID_BYTES32,THIRD_PARTY_DISCOVERY_ONLY,11592.73,1695.53,https://dexscreener.com/robinhood/0xbf8976ed9535e82042b58d2fffceb18c81e256caf01d3ffe4d35dceeab7f1a2f
QBTS,0x000000000000000000000000000000000a924e0d878747e586c22887bc2d82b1,0xc583c60aef9dc401da72cec1b404743a93cea1cc,ETH,0x0000000000000000000000000000000000000000,uniswap,v4,0xc275c01e1cd143f6e45ac2db207b1c451e218c6c252579c31ee9c1a2e1ce3274,POOL_ID_BYTES32,THIRD_PARTY_DISCOVERY_ONLY,2473.39,114.88,https://dexscreener.com/robinhood/0xc275c01e1cd143f6e45ac2db207b1c451e218c6c252579c31ee9c1a2e1ce3274
QBTS,0x000000000000000000000000000000000a924e0d878747e586c22887bc2d82b1,0xc583c60aef9dc401da72cec1b404743a93cea1cc,USDG,0x5fc5360d0400a0fd4f2af552add042d716f1d168,uniswap,v4,0xcb5ee5896fd21215207563d0f8d72dbadf5cd0a945a850cfb7da75648eec4e5a,POOL_ID_BYTES32,THIRD_PARTY_DISCOVERY_ONLY,993.76,579.38,https://dexscreener.com/robinhood/0xcb5ee5896fd21215207563d0f8d72dbadf5cd0a945a850cfb7da75648eec4e5a
QQQ,0x000000000000000000000000000000002470b933c52d47ccad017ed9ee80c9ed,0xd5f3879160bc7c32ebb4dc785f8a4f505888de68,USDG,0x5fc5360d0400a0fd4f2af552add042d716f1d168,giga,v3,0x6f6ae0542ea88a09c6395c96cec05de0d20bf372,CONTRACT_ADDRESS,THIRD_PARTY_DISCOVERY_ONLY,22.24,2.03,https://dexscreener.com/robinhood/0x6f6ae0542ea88a09c6395c96cec05de0d20bf372
QQQ,0x000000000000000000000000000000002470b933c52d47ccad017ed9ee80c9ed,0xd5f3879160bc7c32ebb4dc785f8a4f505888de68,USDG,0x5fc5360d0400a0fd4f2af552add042d716f1d168,giga,v3,0x933111845db525e9d12aae30c4f586a2fa4c62cb,CONTRACT_ADDRESS,THIRD_PARTY_DISCOVERY_ONLY,0,1.66,https://dexscreener.com/robinhood/0x933111845db525e9d12aae30c4f586a2fa4c62cb
QQQ,0x000000000000000000000000000000002470b933c52d47ccad017ed9ee80c9ed,0xd5f3879160bc7c32ebb4dc785f8a4f505888de68,USDG,0x5fc5360d0400a0fd4f2af552add042d716f1d168,pancakeswap,v3,0x7147ce2949e8650d8387fc4eab84af83fc3baa55,CONTRACT_ADDRESS,THIRD_PARTY_DISCOVERY_ONLY,20291.47,3355.1,https://dexscreener.com/robinhood/0x7147ce2949e8650d8387fc4eab84af83fc3baa55
QQQ,0x000000000000000000000000000000002470b933c52d47ccad017ed9ee80c9ed,0xd5f3879160bc7c32ebb4dc785f8a4f505888de68,USDG,0x5fc5360d0400a0fd4f2af552add042d716f1d168,ramses,v3,0x660605d0c7b4ee3dbfd80d60343be1fd548d0a96,CONTRACT_ADDRESS,THIRD_PARTY_DISCOVERY_ONLY,31863.02,201964.66,https://dexscreener.com/robinhood/0x660605d0c7b4ee3dbfd80d60343be1fd548d0a96
QQQ,0x000000000000000000000000000000002470b933c52d47ccad017ed9ee80c9ed,0xd5f3879160bc7c32ebb4dc785f8a4f505888de68,WETH,0x0bd7d308f8e1639fab988df18a8011f41eacad73,ramses,v3,0x741ad272ca4fc8d3cb3b08202be4c00d0286d91e,CONTRACT_ADDRESS,THIRD_PARTY_DISCOVERY_ONLY,3598.81,9442.31,https://dexscreener.com/robinhood/0x741ad272ca4fc8d3cb3b08202be4c00d0286d91e
QQQ,0x000000000000000000000000000000002470b933c52d47ccad017ed9ee80c9ed,0xd5f3879160bc7c32ebb4dc785f8a4f505888de68,WETH,0x0bd7d308f8e1639fab988df18a8011f41eacad73,uniswap,v3,0xa40d00a55d43ba2d188039dcf88bd68f4f133e78,CONTRACT_ADDRESS,MATCHED_CANONICAL_UNISWAP_FACTORY_RESULT,122864.46,288751.97,https://dexscreener.com/robinhood/0xa40d00a55d43ba2d188039dcf88bd68f4f133e78
QQQ,0x000000000000000000000000000000002470b933c52d47ccad017ed9ee80c9ed,0xd5f3879160bc7c32ebb4dc785f8a4f505888de68,USDG,0x5fc5360d0400a0fd4f2af552add042d716f1d168,uniswap,v3,0xd60a5d14db690b7afad71f76b108071d7175597d,CONTRACT_ADDRESS,MATCHED_CANONICAL_UNISWAP_FACTORY_RESULT,1808191.57,4729301.19,https://dexscreener.com/robinhood/0xd60a5d14db690b7afad71f76b108071d7175597d
QQQ,0x000000000000000000000000000000002470b933c52d47ccad017ed9ee80c9ed,0xd5f3879160bc7c32ebb4dc785f8a4f505888de68,USDG,0x5fc5360d0400a0fd4f2af552add042d716f1d168,uniswap,v3,0xebd78dcfc8a6b3a696f1e191ad1ff321f9579f79,CONTRACT_ADDRESS,MATCHED_CANONICAL_UNISWAP_FACTORY_RESULT,77390.37,23253.29,https://dexscreener.com/robinhood/0xebd78dcfc8a6b3a696f1e191ad1ff321f9579f79
QQQ,0x000000000000000000000000000000002470b933c52d47ccad017ed9ee80c9ed,0xd5f3879160bc7c32ebb4dc785f8a4f505888de68,USDG,0x5fc5360d0400a0fd4f2af552add042d716f1d168,uniswap,v4,0x40156467240220368e7d8c4400de96f15f674f1954f501dc34389d1b521e4a84,POOL_ID_BYTES32,THIRD_PARTY_DISCOVERY_ONLY,97.76,27.99,https://dexscreener.com/robinhood/0x40156467240220368e7d8c4400de96f15f674f1954f501dc34389d1b521e4a84
QQQ,0x000000000000000000000000000000002470b933c52d47ccad017ed9ee80c9ed,0xd5f3879160bc7c32ebb4dc785f8a4f505888de68,ETH,0x0000000000000000000000000000000000000000,uniswap,v4,0x7ba2c8a5f53ee4cda9ef07effe81bb8509efafb79a26d0e33b28ada879e5bb52,POOL_ID_BYTES32,THIRD_PARTY_DISCOVERY_ONLY,298.4,364.47,https://dexscreener.com/robinhood/0x7ba2c8a5f53ee4cda9ef07effe81bb8509efafb79a26d0e33b28ada879e5bb52
QQQ,0x000000000000000000000000000000002470b933c52d47ccad017ed9ee80c9ed,0xd5f3879160bc7c32ebb4dc785f8a4f505888de68,USDG,0x5fc5360d0400a0fd4f2af552add042d716f1d168,uniswap,v4,0x97b491e8277e24937e4304910e4110c0ef2e2c681e89a97b927708fdf584df09,POOL_ID_BYTES32,THIRD_PARTY_DISCOVERY_ONLY,2153.58,8158.81,https://dexscreener.com/robinhood/0x97b491e8277e24937e4304910e4110c0ef2e2c681e89a97b927708fdf584df09
QQQ,0x000000000000000000000000000000002470b933c52d47ccad017ed9ee80c9ed,0xd5f3879160bc7c32ebb4dc785f8a4f505888de68,ETH,0x0000000000000000000000000000000000000000,uniswap,v4,0xe2435fb4c77f328e57c1b19d0ef8b4eee868baa24ec052a80d8610ced3d2a2d9,POOL_ID_BYTES32,THIRD_PARTY_DISCOVERY_ONLY,400.42,1917.81,https://dexscreener.com/robinhood/0xe2435fb4c77f328e57c1b19d0ef8b4eee868baa24ec052a80d8610ced3d2a2d9
QQQ,0x000000000000000000000000000000002470b933c52d47ccad017ed9ee80c9ed,0xd5f3879160bc7c32ebb4dc785f8a4f505888de68,ETH,0x0000000000000000000000000000000000000000,uniswap,v4,0xe83a922258872a4337251e466e6c63921421a64a0721b95b1d73ec664c327afb,POOL_ID_BYTES32,THIRD_PARTY_DISCOVERY_ONLY,47207.83,4842.6,https://dexscreener.com/robinhood/0xe83a922258872a4337251e466e6c63921421a64a0721b95b1d73ec664c327afb
QQQ,0x000000000000000000000000000000002470b933c52d47ccad017ed9ee80c9ed,0xd5f3879160bc7c32ebb4dc785f8a4f505888de68,ETH,0x0000000000000000000000000000000000000000,uniswap,v4,0xec7d2e85f704440ddd681d4502522ec15456d7974a8fa992b4fffad1f6a8dbf5,POOL_ID_BYTES32,THIRD_PARTY_DISCOVERY_ONLY,84.91,99.88,https://dexscreener.com/robinhood/0xec7d2e85f704440ddd681d4502522ec15456d7974a8fa992b4fffad1f6a8dbf5
QQQ,0x000000000000000000000000000000002470b933c52d47ccad017ed9ee80c9ed,0xd5f3879160bc7c32ebb4dc785f8a4f505888de68,USDG,0x5fc5360d0400a0fd4f2af552add042d716f1d168,uniswap,v4,0xf9568ec0cba6e9ba30d9daabbf3e807813b8852e5737b7d83ea06529c73c9758,POOL_ID_BYTES32,THIRD_PARTY_DISCOVERY_ONLY,105759.7,6152.24,https://dexscreener.com/robinhood/0xf9568ec0cba6e9ba30d9daabbf3e807813b8852e5737b7d83ea06529c73c9758
QQQ,0x000000000000000000000000000000002470b933c52d47ccad017ed9ee80c9ed,0xd5f3879160bc7c32ebb4dc785f8a4f505888de68,USDG,0x5fc5360d0400a0fd4f2af552add042d716f1d168,up,v3,0x320bf16fef0694dd103c97400b51fb2caf190d15,CONTRACT_ADDRESS,THIRD_PARTY_DISCOVERY_ONLY,9530.18,2486.19,https://dexscreener.com/robinhood/0x320bf16fef0694dd103c97400b51fb2caf190d15
QQQ,0x000000000000000000000000000000002470b933c52d47ccad017ed9ee80c9ed,0xd5f3879160bc7c32ebb4dc785f8a4f505888de68,USDG,0x5fc5360d0400a0fd4f2af552add042d716f1d168,up,v3,0x425c43d331921953901f455b30b5a39f8e403b7f,CONTRACT_ADDRESS,THIRD_PARTY_DISCOVERY_ONLY,2280.91,5567.97,https://dexscreener.com/robinhood/0x425c43d331921953901f455b30b5a39f8e403b7f
QUBT,0x000000000000000000000000000000009448faa0b7c14ea798a7787a8cb9db5a,0x59818904ab4ce163b3ce4ffb64f2d6ca02c434b4,USDG,0x5fc5360d0400a0fd4f2af552add042d716f1d168,uniswap,v3,0x227bbce9a81b3694b01754298a983be3f9e44a93,CONTRACT_ADDRESS,MATCHED_CANONICAL_UNISWAP_FACTORY_RESULT,47743.99,953854.4,https://dexscreener.com/robinhood/0x227bbce9a81b3694b01754298a983be3f9e44a93
QUBT,0x000000000000000000000000000000009448faa0b7c14ea798a7787a8cb9db5a,0x59818904ab4ce163b3ce4ffb64f2d6ca02c434b4,USDG,0x5fc5360d0400a0fd4f2af552add042d716f1d168,uniswap,v3,0x2e2a857c08ad6c09f1d1ec4fdb4cc7cd06cf17f4,CONTRACT_ADDRESS,MATCHED_CANONICAL_UNISWAP_FACTORY_RESULT,29449.28,141751.65,https://dexscreener.com/robinhood/0x2e2a857c08ad6c09f1d1ec4fdb4cc7cd06cf17f4
QUBT,0x000000000000000000000000000000009448faa0b7c14ea798a7787a8cb9db5a,0x59818904ab4ce163b3ce4ffb64f2d6ca02c434b4,WETH,0x0bd7d308f8e1639fab988df18a8011f41eacad73,uniswap,v3,0xb0b255ecf93ee03e69b6780cb85da769c0c5e0ea,CONTRACT_ADDRESS,MATCHED_CANONICAL_UNISWAP_FACTORY_RESULT,63463.82,154710.12,https://dexscreener.com/robinhood/0xb0b255ecf93ee03e69b6780cb85da769c0c5e0ea
QUBT,0x000000000000000000000000000000009448faa0b7c14ea798a7787a8cb9db5a,0x59818904ab4ce163b3ce4ffb64f2d6ca02c434b4,ETH,0x0000000000000000000000000000000000000000,uniswap,v4,0x16b9b4392fa06d40ad9f34266f4b4da187384b6517e6b6a7def952eb3e0728d7,POOL_ID_BYTES32,THIRD_PARTY_DISCOVERY_ONLY,14036.17,14924.62,https://dexscreener.com/robinhood/0x16b9b4392fa06d40ad9f34266f4b4da187384b6517e6b6a7def952eb3e0728d7
QUBT,0x000000000000000000000000000000009448faa0b7c14ea798a7787a8cb9db5a,0x59818904ab4ce163b3ce4ffb64f2d6ca02c434b4,ETH,0x0000000000000000000000000000000000000000,uniswap,v4,0x190cc26f5ec0986f46f35d35038644b4a8cfba3856da8ded16ca15f50836edab,POOL_ID_BYTES32,THIRD_PARTY_DISCOVERY_ONLY,2879.17,1311.49,https://dexscreener.com/robinhood/0x190cc26f5ec0986f46f35d35038644b4a8cfba3856da8ded16ca15f50836edab
QUBT,0x000000000000000000000000000000009448faa0b7c14ea798a7787a8cb9db5a,0x59818904ab4ce163b3ce4ffb64f2d6ca02c434b4,USDG,0x5fc5360d0400a0fd4f2af552add042d716f1d168,uniswap,v4,0x4a8182417e75fd9a129e7dcdd6a0f31c22ce9c83ad86ff559eccfe3e3494eaf2,POOL_ID_BYTES32,THIRD_PARTY_DISCOVERY_ONLY,7854.69,317176.02,https://dexscreener.com/robinhood/0x4a8182417e75fd9a129e7dcdd6a0f31c22ce9c83ad86ff559eccfe3e3494eaf2
QUBT,0x000000000000000000000000000000009448faa0b7c14ea798a7787a8cb9db5a,0x59818904ab4ce163b3ce4ffb64f2d6ca02c434b4,ETH,0x0000000000000000000000000000000000000000,uniswap,v4,0x66bea81d388924c114240c55eedc2de8257fd317add77a8300f3bcd0a6c7f330,POOL_ID_BYTES32,THIRD_PARTY_DISCOVERY_ONLY,111.88,0.34,https://dexscreener.com/robinhood/0x66bea81d388924c114240c55eedc2de8257fd317add77a8300f3bcd0a6c7f330
QUBT,0x000000000000000000000000000000009448faa0b7c14ea798a7787a8cb9db5a,0x59818904ab4ce163b3ce4ffb64f2d6ca02c434b4,USDG,0x5fc5360d0400a0fd4f2af552add042d716f1d168,uniswap,v4,0x69cc0a33800a88d70f36c67dc10d1d8893b2152fec0272afa8b17e14cc707580,POOL_ID_BYTES32,THIRD_PARTY_DISCOVERY_ONLY,41908.81,378607.59,https://dexscreener.com/robinhood/0x69cc0a33800a88d70f36c67dc10d1d8893b2152fec0272afa8b17e14cc707580
QUBT,0x000000000000000000000000000000009448faa0b7c14ea798a7787a8cb9db5a,0x59818904ab4ce163b3ce4ffb64f2d6ca02c434b4,USDG,0x5fc5360d0400a0fd4f2af552add042d716f1d168,uniswap,v4,0x8061410ab17d05d28687217d70cb4ba897c027468a82e42840601b6e97f4da8b,POOL_ID_BYTES32,THIRD_PARTY_DISCOVERY_ONLY,50.11,5.79,https://dexscreener.com/robinhood/0x8061410ab17d05d28687217d70cb4ba897c027468a82e42840601b6e97f4da8b
QUBT,0x000000000000000000000000000000009448faa0b7c14ea798a7787a8cb9db5a,0x59818904ab4ce163b3ce4ffb64f2d6ca02c434b4,USDG,0x5fc5360d0400a0fd4f2af552add042d716f1d168,uniswap,v4,0x95ad7c5cba41ba6167de890cbe3d1a4292b6f746336fa948b6e571f82fde68ff,POOL_ID_BYTES32,THIRD_PARTY_DISCOVERY_ONLY,113.43,57.76,https://dexscreener.com/robinhood/0x95ad7c5cba41ba6167de890cbe3d1a4292b6f746336fa948b6e571f82fde68ff
QUBT,0x000000000000000000000000000000009448faa0b7c14ea798a7787a8cb9db5a,0x59818904ab4ce163b3ce4ffb64f2d6ca02c434b4,USDG,0x5fc5360d0400a0fd4f2af552add042d716f1d168,uniswap,v4,0xa4d5975b4be6d211b01adc5cf8742c60192f5dd0f861fc8545d3d79c5f654472,POOL_ID_BYTES32,THIRD_PARTY_DISCOVERY_ONLY,11462.46,9740.07,https://dexscreener.com/robinhood/0xa4d5975b4be6d211b01adc5cf8742c60192f5dd0f861fc8545d3d79c5f654472
QUBT,0x000000000000000000000000000000009448faa0b7c14ea798a7787a8cb9db5a,0x59818904ab4ce163b3ce4ffb64f2d6ca02c434b4,USDG,0x5fc5360d0400a0fd4f2af552add042d716f1d168,uniswap,v4,0xb21dd415c122151817e70a7b5ed7edb3379e06a6f2038668ee40e9aa8caed3e3,POOL_ID_BYTES32,THIRD_PARTY_DISCOVERY_ONLY,10686.69,194175.99,https://dexscreener.com/robinhood/0xb21dd415c122151817e70a7b5ed7edb3379e06a6f2038668ee40e9aa8caed3e3
QUBT,0x000000000000000000000000000000009448faa0b7c14ea798a7787a8cb9db5a,0x59818904ab4ce163b3ce4ffb64f2d6ca02c434b4,USDG,0x5fc5360d0400a0fd4f2af552add042d716f1d168,uniswap,v4,0xf9e5052f68973f38c7dfba6711afd696b6d2fd2120866c8bf1ad8fb0905ff70e,POOL_ID_BYTES32,THIRD_PARTY_DISCOVERY_ONLY,4023.78,20418.18,https://dexscreener.com/robinhood/0xf9e5052f68973f38c7dfba6711afd696b6d2fd2120866c8bf1ad8fb0905ff70e
RCAT,0x00000000000000000000000000000000311078f293cf441789d7bc7eb9480228,0xfde6b5d9bb419b10c23268c74e369abff39c0460,USDG,0x5fc5360d0400a0fd4f2af552add042d716f1d168,uniswap,v3,0x64710a70839585af718e1b1faef9e7f1665f1116,CONTRACT_ADDRESS,MATCHED_CANONICAL_UNISWAP_FACTORY_RESULT,41113.21,197776.22,https://dexscreener.com/robinhood/0x64710a70839585af718e1b1faef9e7f1665f1116
RCAT,0x00000000000000000000000000000000311078f293cf441789d7bc7eb9480228,0xfde6b5d9bb419b10c23268c74e369abff39c0460,ETH,0x0000000000000000000000000000000000000000,uniswap,v4,0x0967c5448594c96af90c354e1b29b708011df140edc62f913f49c9a5b0c556b0,POOL_ID_BYTES32,THIRD_PARTY_DISCOVERY_ONLY,15.88,7.5,https://dexscreener.com/robinhood/0x0967c5448594c96af90c354e1b29b708011df140edc62f913f49c9a5b0c556b0
RCAT,0x00000000000000000000000000000000311078f293cf441789d7bc7eb9480228,0xfde6b5d9bb419b10c23268c74e369abff39c0460,USDG,0x5fc5360d0400a0fd4f2af552add042d716f1d168,uniswap,v4,0x1febcacf419db23787352f8b47b8405705e31df3171ae8dd8b25c01c6539aeac,POOL_ID_BYTES32,THIRD_PARTY_DISCOVERY_ONLY,37713.91,311399.08,https://dexscreener.com/robinhood/0x1febcacf419db23787352f8b47b8405705e31df3171ae8dd8b25c01c6539aeac
RCAT,0x00000000000000000000000000000000311078f293cf441789d7bc7eb9480228,0xfde6b5d9bb419b10c23268c74e369abff39c0460,USDG,0x5fc5360d0400a0fd4f2af552add042d716f1d168,uniswap,v4,0x22e2d99bb9dd214a82e6c7e3d686876dbdd718b6b22469d0286a54b02f374436,POOL_ID_BYTES32,THIRD_PARTY_DISCOVERY_ONLY,8.47,146532.24,https://dexscreener.com/robinhood/0x22e2d99bb9dd214a82e6c7e3d686876dbdd718b6b22469d0286a54b02f374436
RCAT,0x00000000000000000000000000000000311078f293cf441789d7bc7eb9480228,0xfde6b5d9bb419b10c23268c74e369abff39c0460,ETH,0x0000000000000000000000000000000000000000,uniswap,v4,0x4fc53fe08b50d63cda34b894f42c782332d02142d0a468fd5fd85f0f8c7cabad,POOL_ID_BYTES32,THIRD_PARTY_DISCOVERY_ONLY,4386.8,52.28,https://dexscreener.com/robinhood/0x4fc53fe08b50d63cda34b894f42c782332d02142d0a468fd5fd85f0f8c7cabad
RCAT,0x00000000000000000000000000000000311078f293cf441789d7bc7eb9480228,0xfde6b5d9bb419b10c23268c74e369abff39c0460,ETH,0x0000000000000000000000000000000000000000,uniswap,v4,0x6c16493f706abecfe9ef38f64c38d89aa9df7a7e177b7ad10492fa19fec0535a,POOL_ID_BYTES32,THIRD_PARTY_DISCOVERY_ONLY,1060.29,105.86,https://dexscreener.com/robinhood/0x6c16493f706abecfe9ef38f64c38d89aa9df7a7e177b7ad10492fa19fec0535a
RCAT,0x00000000000000000000000000000000311078f293cf441789d7bc7eb9480228,0xfde6b5d9bb419b10c23268c74e369abff39c0460,USDG,0x5fc5360d0400a0fd4f2af552add042d716f1d168,uniswap,v4,0x7045a732b7c06ce0c51fc8163b1a7c43f7d4ac426a9479de31eda578103002bf,POOL_ID_BYTES32,THIRD_PARTY_DISCOVERY_ONLY,21791.15,684.12,https://dexscreener.com/robinhood/0x7045a732b7c06ce0c51fc8163b1a7c43f7d4ac426a9479de31eda578103002bf
RCAT,0x00000000000000000000000000000000311078f293cf441789d7bc7eb9480228,0xfde6b5d9bb419b10c23268c74e369abff39c0460,USDG,0x5fc5360d0400a0fd4f2af552add042d716f1d168,uniswap,v4,0x8ff68faecae5b9121bcfc00c62c9f5978db0c779f4c9ba03f7bb68ec917fb5d4,POOL_ID_BYTES32,THIRD_PARTY_DISCOVERY_ONLY,408.54,11.7,https://dexscreener.com/robinhood/0x8ff68faecae5b9121bcfc00c62c9f5978db0c779f4c9ba03f7bb68ec917fb5d4
RCAT,0x00000000000000000000000000000000311078f293cf441789d7bc7eb9480228,0xfde6b5d9bb419b10c23268c74e369abff39c0460,ETH,0x0000000000000000000000000000000000000000,uniswap,v4,0x9c9b4a9e04e1f34c0045d1a31cd99cce2c6c42f2570a6eea7f57fe1856804725,POOL_ID_BYTES32,THIRD_PARTY_DISCOVERY_ONLY,20380.92,753.36,https://dexscreener.com/robinhood/0x9c9b4a9e04e1f34c0045d1a31cd99cce2c6c42f2570a6eea7f57fe1856804725
RCAT,0x00000000000000000000000000000000311078f293cf441789d7bc7eb9480228,0xfde6b5d9bb419b10c23268c74e369abff39c0460,USDG,0x5fc5360d0400a0fd4f2af552add042d716f1d168,uniswap,v4,0xa028d7036ef22af0e9493f44b3681678c6596a3027ddee9883e9e95f5d3baba9,POOL_ID_BYTES32,THIRD_PARTY_DISCOVERY_ONLY,12131.87,25191.73,https://dexscreener.com/robinhood/0xa028d7036ef22af0e9493f44b3681678c6596a3027ddee9883e9e95f5d3baba9
RCAT,0x00000000000000000000000000000000311078f293cf441789d7bc7eb9480228,0xfde6b5d9bb419b10c23268c74e369abff39c0460,ETH,0x0000000000000000000000000000000000000000,uniswap,v4,0xa262854893484ce962e5cde98c10673c11808e83ed038280af1508632f4235c8,POOL_ID_BYTES32,THIRD_PARTY_DISCOVERY_ONLY,2427.96,18.73,https://dexscreener.com/robinhood/0xa262854893484ce962e5cde98c10673c11808e83ed038280af1508632f4235c8
RCAT,0x00000000000000000000000000000000311078f293cf441789d7bc7eb9480228,0xfde6b5d9bb419b10c23268c74e369abff39c0460,WETH,0x0bd7d308f8e1639fab988df18a8011f41eacad73,up,v3,0x363584968741d31d8094de28ac1bcff8823750a2,CONTRACT_ADDRESS,THIRD_PARTY_DISCOVERY_ONLY,813.72,187.03,https://dexscreener.com/robinhood/0x363584968741d31d8094de28ac1bcff8823750a2
RDDT,0x000000000000000000000000000000003bc66ed8f2314091a365604b4c01aef5,0x05b37fb53a299a1b874a619e1c4c404d52c36f4c,WETH,0x0bd7d308f8e1639fab988df18a8011f41eacad73,alandale,,0x2da0f858c20398854301fcdc64a9c2899c61de01,CONTRACT_ADDRESS,THIRD_PARTY_DISCOVERY_ONLY,6121.26,7678.81,https://dexscreener.com/robinhood/0x2da0f858c20398854301fcdc64a9c2899c61de01
RDDT,0x000000000000000000000000000000003bc66ed8f2314091a365604b4c01aef5,0x05b37fb53a299a1b874a619e1c4c404d52c36f4c,USDG,0x5fc5360d0400a0fd4f2af552add042d716f1d168,alandale,,0x9e21c68ea2f6315b35cd4d2a727a0d253cd998cb,CONTRACT_ADDRESS,THIRD_PARTY_DISCOVERY_ONLY,328.76,15.33,https://dexscreener.com/robinhood/0x9e21c68ea2f6315b35cd4d2a727a0d253cd998cb
RDDT,0x000000000000000000000000000000003bc66ed8f2314091a365604b4c01aef5,0x05b37fb53a299a1b874a619e1c4c404d52c36f4c,USDG,0x5fc5360d0400a0fd4f2af552add042d716f1d168,giga,v3,0x3e7a328024abdc493991f44f0982c0af64b391eb,CONTRACT_ADDRESS,THIRD_PARTY_DISCOVERY_ONLY,68612.95,963190.13,https://dexscreener.com/robinhood/0x3e7a328024abdc493991f44f0982c0af64b391eb
RDDT,0x000000000000000000000000000000003bc66ed8f2314091a365604b4c01aef5,0x05b37fb53a299a1b874a619e1c4c404d52c36f4c,USDG,0x5fc5360d0400a0fd4f2af552add042d716f1d168,ramses,v3,0x19d3acb5d32dbd902a3fa8fb511709ba8d860996,CONTRACT_ADDRESS,THIRD_PARTY_DISCOVERY_ONLY,12397.7,162561.84,https://dexscreener.com/robinhood/0x19d3acb5d32dbd902a3fa8fb511709ba8d860996
RDDT,0x000000000000000000000000000000003bc66ed8f2314091a365604b4c01aef5,0x05b37fb53a299a1b874a619e1c4c404d52c36f4c,USDG,0x5fc5360d0400a0fd4f2af552add042d716f1d168,ramses,v3,0x5f37e5501681afda99879033ee66033ee15c0e66,CONTRACT_ADDRESS,THIRD_PARTY_DISCOVERY_ONLY,6912.08,941.29,https://dexscreener.com/robinhood/0x5f37e5501681afda99879033ee66033ee15c0e66
RDDT,0x000000000000000000000000000000003bc66ed8f2314091a365604b4c01aef5,0x05b37fb53a299a1b874a619e1c4c404d52c36f4c,WETH,0x0bd7d308f8e1639fab988df18a8011f41eacad73,uniswap,v3,0x714187eed11d8fc9500ff6798734c8bb63a8a19b,CONTRACT_ADDRESS,MATCHED_CANONICAL_UNISWAP_FACTORY_RESULT,34815.58,370802.97,https://dexscreener.com/robinhood/0x714187eed11d8fc9500ff6798734c8bb63a8a19b
RDDT,0x000000000000000000000000000000003bc66ed8f2314091a365604b4c01aef5,0x05b37fb53a299a1b874a619e1c4c404d52c36f4c,WETH,0x0bd7d308f8e1639fab988df18a8011f41eacad73,uniswap,v3,0xa541143f20d7b0643123064abf25f423e375b531,CONTRACT_ADDRESS,MATCHED_CANONICAL_UNISWAP_FACTORY_RESULT,530877.71,1453690.75,https://dexscreener.com/robinhood/0xa541143f20d7b0643123064abf25f423e375b531
RDDT,0x000000000000000000000000000000003bc66ed8f2314091a365604b4c01aef5,0x05b37fb53a299a1b874a619e1c4c404d52c36f4c,USDG,0x5fc5360d0400a0fd4f2af552add042d716f1d168,uniswap,v3,0xa8744e76aed23b05f0126335e7bd38f7935d19fe,CONTRACT_ADDRESS,MATCHED_CANONICAL_UNISWAP_FACTORY_RESULT,1402413.64,2033417.62,https://dexscreener.com/robinhood/0xa8744e76aed23b05f0126335e7bd38f7935d19fe
RDDT,0x000000000000000000000000000000003bc66ed8f2314091a365604b4c01aef5,0x05b37fb53a299a1b874a619e1c4c404d52c36f4c,USDG,0x5fc5360d0400a0fd4f2af552add042d716f1d168,uniswap,v4,0x4a1ed70fecf15f146de9a16980fc5d73a6742a90ddb83799f804a32d1f9eaae9,POOL_ID_BYTES32,THIRD_PARTY_DISCOVERY_ONLY,33179.31,29725.68,https://dexscreener.com/robinhood/0x4a1ed70fecf15f146de9a16980fc5d73a6742a90ddb83799f804a32d1f9eaae9
RDDT,0x000000000000000000000000000000003bc66ed8f2314091a365604b4c01aef5,0x05b37fb53a299a1b874a619e1c4c404d52c36f4c,USDG,0x5fc5360d0400a0fd4f2af552add042d716f1d168,uniswap,v4,0x540e2cc4d60a35b604f618fbac7bf18a74827931afb65054eea0083d7b9ad51b,POOL_ID_BYTES32,THIRD_PARTY_DISCOVERY_ONLY,3590.8,6089.42,https://dexscreener.com/robinhood/0x540e2cc4d60a35b604f618fbac7bf18a74827931afb65054eea0083d7b9ad51b
RDDT,0x000000000000000000000000000000003bc66ed8f2314091a365604b4c01aef5,0x05b37fb53a299a1b874a619e1c4c404d52c36f4c,USDG,0x5fc5360d0400a0fd4f2af552add042d716f1d168,uniswap,v4,0x567bb10b7f2a0c8ac05884474cdc9e50aa6124efb55bfcc88c020d8e6fcf79a0,POOL_ID_BYTES32,THIRD_PARTY_DISCOVERY_ONLY,6154.96,580.79,https://dexscreener.com/robinhood/0x567bb10b7f2a0c8ac05884474cdc9e50aa6124efb55bfcc88c020d8e6fcf79a0
RDDT,0x000000000000000000000000000000003bc66ed8f2314091a365604b4c01aef5,0x05b37fb53a299a1b874a619e1c4c404d52c36f4c,USDG,0x5fc5360d0400a0fd4f2af552add042d716f1d168,uniswap,v4,0x6fd6ddb8ae5a202e749b3ac967fabaae6e368c4cd8a8f8ddc34d04c28dc682c1,POOL_ID_BYTES32,THIRD_PARTY_DISCOVERY_ONLY,3.39,2.16,https://dexscreener.com/robinhood/0x6fd6ddb8ae5a202e749b3ac967fabaae6e368c4cd8a8f8ddc34d04c28dc682c1
RDDT,0x000000000000000000000000000000003bc66ed8f2314091a365604b4c01aef5,0x05b37fb53a299a1b874a619e1c4c404d52c36f4c,USDG,0x5fc5360d0400a0fd4f2af552add042d716f1d168,uniswap,v4,0x7c2985fd7623a5dcd88c7d51099931ca295875743b96bc64990e374f49e5f387,POOL_ID_BYTES32,THIRD_PARTY_DISCOVERY_ONLY,240777.21,1165576.77,https://dexscreener.com/robinhood/0x7c2985fd7623a5dcd88c7d51099931ca295875743b96bc64990e374f49e5f387
RDDT,0x000000000000000000000000000000003bc66ed8f2314091a365604b4c01aef5,0x05b37fb53a299a1b874a619e1c4c404d52c36f4c,ETH,0x0000000000000000000000000000000000000000,uniswap,v4,0x915d2102a927202a076f09c25fd6728bcc70358da163c2e789276433f0989a1f,POOL_ID_BYTES32,THIRD_PARTY_DISCOVERY_ONLY,6750.88,5067.05,https://dexscreener.com/robinhood/0x915d2102a927202a076f09c25fd6728bcc70358da163c2e789276433f0989a1f
RDDT,0x000000000000000000000000000000003bc66ed8f2314091a365604b4c01aef5,0x05b37fb53a299a1b874a619e1c4c404d52c36f4c,USDG,0x5fc5360d0400a0fd4f2af552add042d716f1d168,uniswap,v4,0x9be5367da3b51b6a08c98002586834291bc609f32476cf36fa8af0f2fb76b57f,POOL_ID_BYTES32,THIRD_PARTY_DISCOVERY_ONLY,551.7,0.87,https://dexscreener.com/robinhood/0x9be5367da3b51b6a08c98002586834291bc609f32476cf36fa8af0f2fb76b57f
RDDT,0x000000000000000000000000000000003bc66ed8f2314091a365604b4c01aef5,0x05b37fb53a299a1b874a619e1c4c404d52c36f4c,USDG,0x5fc5360d0400a0fd4f2af552add042d716f1d168,uniswap,v4,0xa5584cfafb4b3d63355d044f91fc62f735c5ca6d8c149f7a68c7c1ecaecd16dc,POOL_ID_BYTES32,THIRD_PARTY_DISCOVERY_ONLY,30058.57,12.01,https://dexscreener.com/robinhood/0xa5584cfafb4b3d63355d044f91fc62f735c5ca6d8c149f7a68c7c1ecaecd16dc
RDDT,0x000000000000000000000000000000003bc66ed8f2314091a365604b4c01aef5,0x05b37fb53a299a1b874a619e1c4c404d52c36f4c,USDG,0x5fc5360d0400a0fd4f2af552add042d716f1d168,uniswap,v4,0xae84c39b5cbcc6d4455dfd63f459ec4396ebbd6777b411d41d6de8093417a096,POOL_ID_BYTES32,THIRD_PARTY_DISCOVERY_ONLY,,18008.24,https://dexscreener.com/robinhood/0xae84c39b5cbcc6d4455dfd63f459ec4396ebbd6777b411d41d6de8093417a096
RDDT,0x000000000000000000000000000000003bc66ed8f2314091a365604b4c01aef5,0x05b37fb53a299a1b874a619e1c4c404d52c36f4c,ETH,0x0000000000000000000000000000000000000000,uniswap,v4,0xe5a3435b37d9b7070be2ed3d8da35c28e3c4fb241ce7c9c066071efb36031872,POOL_ID_BYTES32,THIRD_PARTY_DISCOVERY_ONLY,1824.14,400.49,https://dexscreener.com/robinhood/0xe5a3435b37d9b7070be2ed3d8da35c28e3c4fb241ce7c9c066071efb36031872
RDDT,0x000000000000000000000000000000003bc66ed8f2314091a365604b4c01aef5,0x05b37fb53a299a1b874a619e1c4c404d52c36f4c,USDG,0x5fc5360d0400a0fd4f2af552add042d716f1d168,uniswap,v4,0xec481672a94cfe42e2d8c996b7eaeee8a93093d56bd01c1714341971e3f406c1,POOL_ID_BYTES32,THIRD_PARTY_DISCOVERY_ONLY,64578.81,12381.16,https://dexscreener.com/robinhood/0xec481672a94cfe42e2d8c996b7eaeee8a93093d56bd01c1714341971e3f406c1
RDDT,0x000000000000000000000000000000003bc66ed8f2314091a365604b4c01aef5,0x05b37fb53a299a1b874a619e1c4c404d52c36f4c,ETH,0x0000000000000000000000000000000000000000,uniswap,v4,0xed57e7d5f8d4143d06db7be6feff7299d21fd587d29d9613b8938d8c1eff5e28,POOL_ID_BYTES32,THIRD_PARTY_DISCOVERY_ONLY,1271.17,731.03,https://dexscreener.com/robinhood/0xed57e7d5f8d4143d06db7be6feff7299d21fd587d29d9613b8938d8c1eff5e28
RDDT,0x000000000000000000000000000000003bc66ed8f2314091a365604b4c01aef5,0x05b37fb53a299a1b874a619e1c4c404d52c36f4c,USDG,0x5fc5360d0400a0fd4f2af552add042d716f1d168,uniswap,v4,0xf88d1c707af2d42513b0c341545d8f4fabd433dd0d21d608dd57a30c4bd4a603,POOL_ID_BYTES32,THIRD_PARTY_DISCOVERY_ONLY,,15048.84,https://dexscreener.com/robinhood/0xf88d1c707af2d42513b0c341545d8f4fabd433dd0d21d608dd57a30c4bd4a603
RDDT,0x000000000000000000000000000000003bc66ed8f2314091a365604b4c01aef5,0x05b37fb53a299a1b874a619e1c4c404d52c36f4c,USDG,0x5fc5360d0400a0fd4f2af552add042d716f1d168,up,v3,0x518a291f27ce1c476f0c9d215a1bc02f35e37cae,CONTRACT_ADDRESS,THIRD_PARTY_DISCOVERY_ONLY,4391.07,11843.73,https://dexscreener.com/robinhood/0x518a291f27ce1c476f0c9d215a1bc02f35e37cae
RGTI,0x0000000000000000000000000000000031a6c09d095b4d49b4155de0040da68f,0x284358abc07f9359f19f4b5b4ac91901be2597ba,ETH,0x0000000000000000000000000000000000000000,uniswap,v4,0x27e22cc81d01ca660aabd013462df5f8f940d85e9c760fec6cf2b3dab5ac46c6,POOL_ID_BYTES32,THIRD_PARTY_DISCOVERY_ONLY,2265.58,50.12,https://dexscreener.com/robinhood/0x27e22cc81d01ca660aabd013462df5f8f940d85e9c760fec6cf2b3dab5ac46c6
RGTI,0x0000000000000000000000000000000031a6c09d095b4d49b4155de0040da68f,0x284358abc07f9359f19f4b5b4ac91901be2597ba,ETH,0x0000000000000000000000000000000000000000,uniswap,v4,0x2edf549fdd79f9b09640698c44f552d67a8898249c272128d265dfaf572c81ff,POOL_ID_BYTES32,THIRD_PARTY_DISCOVERY_ONLY,10261.54,823.04,https://dexscreener.com/robinhood/0x2edf549fdd79f9b09640698c44f552d67a8898249c272128d265dfaf572c81ff
RGTI,0x0000000000000000000000000000000031a6c09d095b4d49b4155de0040da68f,0x284358abc07f9359f19f4b5b4ac91901be2597ba,USDG,0x5fc5360d0400a0fd4f2af552add042d716f1d168,uniswap,v4,0x98bb85ee9d390ce0d9104afeed2b83038f83df54843fc35afed5d7545ec4936f,POOL_ID_BYTES32,THIRD_PARTY_DISCOVERY_ONLY,7719.99,98.64,https://dexscreener.com/robinhood/0x98bb85ee9d390ce0d9104afeed2b83038f83df54843fc35afed5d7545ec4936f
RGTI,0x0000000000000000000000000000000031a6c09d095b4d49b4155de0040da68f,0x284358abc07f9359f19f4b5b4ac91901be2597ba,ETH,0x0000000000000000000000000000000000000000,uniswap,v4,0xb1e106248c68a9ecd5f6f0f2be151deca14448153f5ea0cea5866a2d934cc5ff,POOL_ID_BYTES32,THIRD_PARTY_DISCOVERY_ONLY,3554.4,254.14,https://dexscreener.com/robinhood/0xb1e106248c68a9ecd5f6f0f2be151deca14448153f5ea0cea5866a2d934cc5ff
RGTI,0x0000000000000000000000000000000031a6c09d095b4d49b4155de0040da68f,0x284358abc07f9359f19f4b5b4ac91901be2597ba,ETH,0x0000000000000000000000000000000000000000,uniswap,v4,0xb27b900ddd53e80149268102d34f93ff102410bee5d7bb955a0b8ac7472d57ff,POOL_ID_BYTES32,THIRD_PARTY_DISCOVERY_ONLY,3584.19,81.77,https://dexscreener.com/robinhood/0xb27b900ddd53e80149268102d34f93ff102410bee5d7bb955a0b8ac7472d57ff
RKLB,0x000000000000000000000000000000007cacd0cd4c0547d480e89459e648592b,0x3b14c39e89d60d627b42a1a4ca45b5bb45fc12e2,USDG,0x5fc5360d0400a0fd4f2af552add042d716f1d168,uniswap,v4,0x409b3fa3e3e38ddf5ddb3704d8810ab80a33eded2e552d12ea3112eadef85529,POOL_ID_BYTES32,THIRD_PARTY_DISCOVERY_ONLY,1909.85,5.24,https://dexscreener.com/robinhood/0x409b3fa3e3e38ddf5ddb3704d8810ab80a33eded2e552d12ea3112eadef85529
RKLB,0x000000000000000000000000000000007cacd0cd4c0547d480e89459e648592b,0x3b14c39e89d60d627b42a1a4ca45b5bb45fc12e2,ETH,0x0000000000000000000000000000000000000000,uniswap,v4,0x55850e42c67aeb673808089ef9a2e89a210bd3eeac7ec86975b246636c786405,POOL_ID_BYTES32,THIRD_PARTY_DISCOVERY_ONLY,3336.6,116.58,https://dexscreener.com/robinhood/0x55850e42c67aeb673808089ef9a2e89a210bd3eeac7ec86975b246636c786405
RKLB,0x000000000000000000000000000000007cacd0cd4c0547d480e89459e648592b,0x3b14c39e89d60d627b42a1a4ca45b5bb45fc12e2,ETH,0x0000000000000000000000000000000000000000,uniswap,v4,0x8a080d30c48d2ea34799cdd84652b6f64fb6f89ab76a4f1ad43b99098ae962b3,POOL_ID_BYTES32,THIRD_PARTY_DISCOVERY_ONLY,5067.59,76.25,https://dexscreener.com/robinhood/0x8a080d30c48d2ea34799cdd84652b6f64fb6f89ab76a4f1ad43b99098ae962b3
RKLB,0x000000000000000000000000000000007cacd0cd4c0547d480e89459e648592b,0x3b14c39e89d60d627b42a1a4ca45b5bb45fc12e2,USDG,0x5fc5360d0400a0fd4f2af552add042d716f1d168,uniswap,v4,0x90d19ab43466620d48f9795cac6838445722271a029a32da80ee12167323a33d,POOL_ID_BYTES32,THIRD_PARTY_DISCOVERY_ONLY,56108.03,5957.49,https://dexscreener.com/robinhood/0x90d19ab43466620d48f9795cac6838445722271a029a32da80ee12167323a33d
RKLB,0x000000000000000000000000000000007cacd0cd4c0547d480e89459e648592b,0x3b14c39e89d60d627b42a1a4ca45b5bb45fc12e2,ETH,0x0000000000000000000000000000000000000000,uniswap,v4,0xa7a23c250a33f12c7efa5d96806b53c9dacee45ccec0e9d4d43bfcc102b90ad1,POOL_ID_BYTES32,THIRD_PARTY_DISCOVERY_ONLY,1132.33,108.01,https://dexscreener.com/robinhood/0xa7a23c250a33f12c7efa5d96806b53c9dacee45ccec0e9d4d43bfcc102b90ad1
RKLB,0x000000000000000000000000000000007cacd0cd4c0547d480e89459e648592b,0x3b14c39e89d60d627b42a1a4ca45b5bb45fc12e2,USDG,0x5fc5360d0400a0fd4f2af552add042d716f1d168,uniswap,v4,0xbbc15d66fef8391f53569e19016e86545be9de3f302b82db93ed6165236d22f3,POOL_ID_BYTES32,THIRD_PARTY_DISCOVERY_ONLY,28202.03,30270.65,https://dexscreener.com/robinhood/0xbbc15d66fef8391f53569e19016e86545be9de3f302b82db93ed6165236d22f3
RKLB,0x000000000000000000000000000000007cacd0cd4c0547d480e89459e648592b,0x3b14c39e89d60d627b42a1a4ca45b5bb45fc12e2,ETH,0x0000000000000000000000000000000000000000,uniswap,v4,0xbd5a81db7103ab739ad07814b94460f8ca6bb3b15f1fdb74c5ab45dba90df209,POOL_ID_BYTES32,THIRD_PARTY_DISCOVERY_ONLY,9642.79,197.93,https://dexscreener.com/robinhood/0xbd5a81db7103ab739ad07814b94460f8ca6bb3b15f1fdb74c5ab45dba90df209
RUN,0x00000000000000000000000000000000159fb9b112cb4ac8acec13e01d48e763,0x756bc80af765c82da966a788858d65adf14f3793,USDG,0x5fc5360d0400a0fd4f2af552add042d716f1d168,uniswap,v3,0xe6d0f53073041e12bc46759519499764a4b92d13,CONTRACT_ADDRESS,MATCHED_CANONICAL_UNISWAP_FACTORY_RESULT,6844.68,16554.84,https://dexscreener.com/robinhood/0xe6d0f53073041e12bc46759519499764a4b92d13
RUN,0x00000000000000000000000000000000159fb9b112cb4ac8acec13e01d48e763,0x756bc80af765c82da966a788858d65adf14f3793,ETH,0x0000000000000000000000000000000000000000,uniswap,v4,0x17dbac08b41280c46bca73450cb9947a656fdbad1bd5a2bca1162de32289e910,POOL_ID_BYTES32,THIRD_PARTY_DISCOVERY_ONLY,1129.02,9.94,https://dexscreener.com/robinhood/0x17dbac08b41280c46bca73450cb9947a656fdbad1bd5a2bca1162de32289e910
RUN,0x00000000000000000000000000000000159fb9b112cb4ac8acec13e01d48e763,0x756bc80af765c82da966a788858d65adf14f3793,USDG,0x5fc5360d0400a0fd4f2af552add042d716f1d168,uniswap,v4,0x3a4a60ceb2162900d9bc30624123475761c4bf81bb3c4bae61e2b4a18d53a6d4,POOL_ID_BYTES32,THIRD_PARTY_DISCOVERY_ONLY,17294.85,164.43,https://dexscreener.com/robinhood/0x3a4a60ceb2162900d9bc30624123475761c4bf81bb3c4bae61e2b4a18d53a6d4
RUN,0x00000000000000000000000000000000159fb9b112cb4ac8acec13e01d48e763,0x756bc80af765c82da966a788858d65adf14f3793,ETH,0x0000000000000000000000000000000000000000,uniswap,v4,0x6b8403a4a28313f41a19b87b63c71b5bfa4333feb8684d74af21d972339da8e1,POOL_ID_BYTES32,THIRD_PARTY_DISCOVERY_ONLY,2105.33,319.44,https://dexscreener.com/robinhood/0x6b8403a4a28313f41a19b87b63c71b5bfa4333feb8684d74af21d972339da8e1
RUN,0x00000000000000000000000000000000159fb9b112cb4ac8acec13e01d48e763,0x756bc80af765c82da966a788858d65adf14f3793,USDG,0x5fc5360d0400a0fd4f2af552add042d716f1d168,uniswap,v4,0x87be5bc8f3196643f962d5d28fc9121f7c6c7b79f56d54827c76ef8c06d94020,POOL_ID_BYTES32,THIRD_PARTY_DISCOVERY_ONLY,37363.79,269505.22,https://dexscreener.com/robinhood/0x87be5bc8f3196643f962d5d28fc9121f7c6c7b79f56d54827c76ef8c06d94020
RUN,0x00000000000000000000000000000000159fb9b112cb4ac8acec13e01d48e763,0x756bc80af765c82da966a788858d65adf14f3793,USDG,0x5fc5360d0400a0fd4f2af552add042d716f1d168,uniswap,v4,0x9090e5ed81bbba799172bab7a4ee067bd49400f496bc34f522b48358a11154b2,POOL_ID_BYTES32,THIRD_PARTY_DISCOVERY_ONLY,6372.28,14173.88,https://dexscreener.com/robinhood/0x9090e5ed81bbba799172bab7a4ee067bd49400f496bc34f522b48358a11154b2
RUN,0x00000000000000000000000000000000159fb9b112cb4ac8acec13e01d48e763,0x756bc80af765c82da966a788858d65adf14f3793,ETH,0x0000000000000000000000000000000000000000,uniswap,v4,0xd3294175cc85b52c3ad761f17add55ae3481c68ea16cd22bac48052df284c206,POOL_ID_BYTES32,THIRD_PARTY_DISCOVERY_ONLY,3275.18,108.25,https://dexscreener.com/robinhood/0xd3294175cc85b52c3ad761f17add55ae3481c68ea16cd22bac48052df284c206
RUN,0x00000000000000000000000000000000159fb9b112cb4ac8acec13e01d48e763,0x756bc80af765c82da966a788858d65adf14f3793,ETH,0x0000000000000000000000000000000000000000,uniswap,v4,0xee017e0c65c600475f75a3a4a3e04f191c282b1b8ebcc025809689a2e471952b,POOL_ID_BYTES32,THIRD_PARTY_DISCOVERY_ONLY,21465.98,960.56,https://dexscreener.com/robinhood/0xee017e0c65c600475f75a3a4a3e04f191c282b1b8ebcc025809689a2e471952b
RUN,0x00000000000000000000000000000000159fb9b112cb4ac8acec13e01d48e763,0x756bc80af765c82da966a788858d65adf14f3793,USDG,0x5fc5360d0400a0fd4f2af552add042d716f1d168,uniswap,v4,0xf408c33de8f1f257253217df021dd6eb0a1201f998cdeb80cb8d7e2cb5e29aef,POOL_ID_BYTES32,THIRD_PARTY_DISCOVERY_ONLY,1353.1,2.08,https://dexscreener.com/robinhood/0xf408c33de8f1f257253217df021dd6eb0a1201f998cdeb80cb8d7e2cb5e29aef
RUN,0x00000000000000000000000000000000159fb9b112cb4ac8acec13e01d48e763,0x756bc80af765c82da966a788858d65adf14f3793,ETH,0x0000000000000000000000000000000000000000,uniswap,v4,0xf7d970edc9f181239287c4b833706c7852119941e181476314c8b2997f257c9e,POOL_ID_BYTES32,THIRD_PARTY_DISCOVERY_ONLY,575.62,15.74,https://dexscreener.com/robinhood/0xf7d970edc9f181239287c4b833706c7852119941e181476314c8b2997f257c9e
RUN,0x00000000000000000000000000000000159fb9b112cb4ac8acec13e01d48e763,0x756bc80af765c82da966a788858d65adf14f3793,ETH,0x0000000000000000000000000000000000000000,uniswap,v4,0xfa3bdbe01c66ff8d0ee4eda668138884d86b59d50d1491addccefc1d874a8729,POOL_ID_BYTES32,THIRD_PARTY_DISCOVERY_ONLY,1469.89,26.35,https://dexscreener.com/robinhood/0xfa3bdbe01c66ff8d0ee4eda668138884d86b59d50d1491addccefc1d874a8729
SGOV,0x000000000000000000000000000000005f7e82ad6e4c4b60ba76497863fe4a67,0x92fd66527192e3e61d4ddd13322aa222de86f9b5,USDG,0x5fc5360d0400a0fd4f2af552add042d716f1d168,uniswap,v3,0x6ba50150b17ffd0972915aaf04ffd5e8f4fa49b4,CONTRACT_ADDRESS,MATCHED_CANONICAL_UNISWAP_FACTORY_RESULT,15739.96,80713.31,https://dexscreener.com/robinhood/0x6ba50150b17ffd0972915aaf04ffd5e8f4fa49b4
SGOV,0x000000000000000000000000000000005f7e82ad6e4c4b60ba76497863fe4a67,0x92fd66527192e3e61d4ddd13322aa222de86f9b5,USDG,0x5fc5360d0400a0fd4f2af552add042d716f1d168,uniswap,v3,0xfab520051f96f4d2a32c22b6a3dd7fffdf231bfe,CONTRACT_ADDRESS,MATCHED_CANONICAL_UNISWAP_FACTORY_RESULT,460582.62,225470.63,https://dexscreener.com/robinhood/0xfab520051f96f4d2a32c22b6a3dd7fffdf231bfe
SGOV,0x000000000000000000000000000000005f7e82ad6e4c4b60ba76497863fe4a67,0x92fd66527192e3e61d4ddd13322aa222de86f9b5,USDG,0x5fc5360d0400a0fd4f2af552add042d716f1d168,uniswap,v4,0x2a72510d7d92cc121f9733ab6d14227ef8963cfadf9d40ac574f02e20e6299a8,POOL_ID_BYTES32,THIRD_PARTY_DISCOVERY_ONLY,486282.02,872993.28,https://dexscreener.com/robinhood/0x2a72510d7d92cc121f9733ab6d14227ef8963cfadf9d40ac574f02e20e6299a8
SGOV,0x000000000000000000000000000000005f7e82ad6e4c4b60ba76497863fe4a67,0x92fd66527192e3e61d4ddd13322aa222de86f9b5,USDG,0x5fc5360d0400a0fd4f2af552add042d716f1d168,uniswap,v4,0x38b2078d40547627418065ea3c5c3d5d6d273f9ce20f7871cb8304110373ddbf,POOL_ID_BYTES32,THIRD_PARTY_DISCOVERY_ONLY,14277.9,554.63,https://dexscreener.com/robinhood/0x38b2078d40547627418065ea3c5c3d5d6d273f9ce20f7871cb8304110373ddbf
SGOV,0x000000000000000000000000000000005f7e82ad6e4c4b60ba76497863fe4a67,0x92fd66527192e3e61d4ddd13322aa222de86f9b5,ETH,0x0000000000000000000000000000000000000000,uniswap,v4,0x41e1c26a559fee8f9d6557e579a16979a02f6df606a7da4f52fccd9e9225bb97,POOL_ID_BYTES32,THIRD_PARTY_DISCOVERY_ONLY,478.34,38.46,https://dexscreener.com/robinhood/0x41e1c26a559fee8f9d6557e579a16979a02f6df606a7da4f52fccd9e9225bb97
SGOV,0x000000000000000000000000000000005f7e82ad6e4c4b60ba76497863fe4a67,0x92fd66527192e3e61d4ddd13322aa222de86f9b5,ETH,0x0000000000000000000000000000000000000000,uniswap,v4,0xbacfd4c004c7688d731a72557305453ce614fb821f90337ab8426241bb89522e,POOL_ID_BYTES32,THIRD_PARTY_DISCOVERY_ONLY,1780.33,295.85,https://dexscreener.com/robinhood/0xbacfd4c004c7688d731a72557305453ce614fb821f90337ab8426241bb89522e
SGOV,0x000000000000000000000000000000005f7e82ad6e4c4b60ba76497863fe4a67,0x92fd66527192e3e61d4ddd13322aa222de86f9b5,ETH,0x0000000000000000000000000000000000000000,uniswap,v4,0xc145ba5d4ad15386deb1a5712382dfeae0b2761e3be582037f97a65f51dc5b55,POOL_ID_BYTES32,THIRD_PARTY_DISCOVERY_ONLY,23008.51,3036.66,https://dexscreener.com/robinhood/0xc145ba5d4ad15386deb1a5712382dfeae0b2761e3be582037f97a65f51dc5b55
SGOV,0x000000000000000000000000000000005f7e82ad6e4c4b60ba76497863fe4a67,0x92fd66527192e3e61d4ddd13322aa222de86f9b5,USDG,0x5fc5360d0400a0fd4f2af552add042d716f1d168,uniswap,v4,0xd3b9293b31ab7dc8d6a7e45b275a564ac8a36713a882d7eeed98cf8c6f5465d0,POOL_ID_BYTES32,THIRD_PARTY_DISCOVERY_ONLY,31162.68,60.37,https://dexscreener.com/robinhood/0xd3b9293b31ab7dc8d6a7e45b275a564ac8a36713a882d7eeed98cf8c6f5465d0
SGOV,0x000000000000000000000000000000005f7e82ad6e4c4b60ba76497863fe4a67,0x92fd66527192e3e61d4ddd13322aa222de86f9b5,ETH,0x0000000000000000000000000000000000000000,uniswap,v4,0xf9c3a1505beffc79192fa13c00b00a10a9cda821373e79ad1dcf4a06b338047b,POOL_ID_BYTES32,THIRD_PARTY_DISCOVERY_ONLY,2243.57,313.95,https://dexscreener.com/robinhood/0xf9c3a1505beffc79192fa13c00b00a10a9cda821373e79ad1dcf4a06b338047b
SGOV,0x000000000000000000000000000000005f7e82ad6e4c4b60ba76497863fe4a67,0x92fd66527192e3e61d4ddd13322aa222de86f9b5,ETH,0x0000000000000000000000000000000000000000,uniswap,v4,0xfa34ac5fc25d243a6318c6676b1fbd39c3e136f1924ed95e5eac392e1c86f0d5,POOL_ID_BYTES32,THIRD_PARTY_DISCOVERY_ONLY,3676.63,969.87,https://dexscreener.com/robinhood/0xfa34ac5fc25d243a6318c6676b1fbd39c3e136f1924ed95e5eac392e1c86f0d5
SGOV,0x000000000000000000000000000000005f7e82ad6e4c4b60ba76497863fe4a67,0x92fd66527192e3e61d4ddd13322aa222de86f9b5,ETH,0x0000000000000000000000000000000000000000,uniswap,v4,0xfde1a7efd13d121a9531e3755abb49b02c5020967be11a0ef25960dad06ca665,POOL_ID_BYTES32,THIRD_PARTY_DISCOVERY_ONLY,25347.55,231.92,https://dexscreener.com/robinhood/0xfde1a7efd13d121a9531e3755abb49b02c5020967be11a0ef25960dad06ca665
SGOV,0x000000000000000000000000000000005f7e82ad6e4c4b60ba76497863fe4a67,0x92fd66527192e3e61d4ddd13322aa222de86f9b5,USDG,0x5fc5360d0400a0fd4f2af552add042d716f1d168,uniswap,v4,0xfde476d4b4961d9d805ededf21770ae31d88248a42459d33dfb96b1be7c89127,POOL_ID_BYTES32,THIRD_PARTY_DISCOVERY_ONLY,200.43,3,https://dexscreener.com/robinhood/0xfde476d4b4961d9d805ededf21770ae31d88248a42459d33dfb96b1be7c89127
SGOV,0x000000000000000000000000000000005f7e82ad6e4c4b60ba76497863fe4a67,0x92fd66527192e3e61d4ddd13322aa222de86f9b5,USDG,0x5fc5360d0400a0fd4f2af552add042d716f1d168,up,v3,0xca7b364afa508780ab660b14416b6d7f0e64f658,CONTRACT_ADDRESS,THIRD_PARTY_DISCOVERY_ONLY,10112.17,41407.49,https://dexscreener.com/robinhood/0xca7b364afa508780ab660b14416b6d7f0e64f658
SIMO,0x000000000000000000000000000000006f1951b0f7c348a480d9c135679778f7,0x77e655e37f4d913fb9540e0d541d824171a60e81,ETH,0x0000000000000000000000000000000000000000,uniswap,v4,0x1e821e5433512fd813e8577543068049cf67b2237a933d325938c2848086b296,POOL_ID_BYTES32,THIRD_PARTY_DISCOVERY_ONLY,3880.39,284.95,https://dexscreener.com/robinhood/0x1e821e5433512fd813e8577543068049cf67b2237a933d325938c2848086b296
SIMO,0x000000000000000000000000000000006f1951b0f7c348a480d9c135679778f7,0x77e655e37f4d913fb9540e0d541d824171a60e81,ETH,0x0000000000000000000000000000000000000000,uniswap,v4,0x241afe409e0e53fef502246fa2b611d3abb373d62ec90bfbb2fc2d39d0ac56c1,POOL_ID_BYTES32,THIRD_PARTY_DISCOVERY_ONLY,753.04,133.9,https://dexscreener.com/robinhood/0x241afe409e0e53fef502246fa2b611d3abb373d62ec90bfbb2fc2d39d0ac56c1
SIMO,0x000000000000000000000000000000006f1951b0f7c348a480d9c135679778f7,0x77e655e37f4d913fb9540e0d541d824171a60e81,USDG,0x5fc5360d0400a0fd4f2af552add042d716f1d168,uniswap,v4,0x4261bfd21d1346974c8015ae44fa34e0d743432d81c783a7acfa60f33d92d035,POOL_ID_BYTES32,THIRD_PARTY_DISCOVERY_ONLY,3230.49,93.64,https://dexscreener.com/robinhood/0x4261bfd21d1346974c8015ae44fa34e0d743432d81c783a7acfa60f33d92d035
SIMO,0x000000000000000000000000000000006f1951b0f7c348a480d9c135679778f7,0x77e655e37f4d913fb9540e0d541d824171a60e81,ETH,0x0000000000000000000000000000000000000000,uniswap,v4,0x4d9ea9bdabca7c37dc1ca6baa0d75fffc47595dcd291c33612a4c70bbaa84c03,POOL_ID_BYTES32,THIRD_PARTY_DISCOVERY_ONLY,523.9,67.44,https://dexscreener.com/robinhood/0x4d9ea9bdabca7c37dc1ca6baa0d75fffc47595dcd291c33612a4c70bbaa84c03
SIMO,0x000000000000000000000000000000006f1951b0f7c348a480d9c135679778f7,0x77e655e37f4d913fb9540e0d541d824171a60e81,USDG,0x5fc5360d0400a0fd4f2af552add042d716f1d168,uniswap,v4,0x8f15b5fc9fcc39dfc608149511962e0326b52bcd631286c61537faea1bf6e7b3,POOL_ID_BYTES32,THIRD_PARTY_DISCOVERY_ONLY,2292.16,16702.08,https://dexscreener.com/robinhood/0x8f15b5fc9fcc39dfc608149511962e0326b52bcd631286c61537faea1bf6e7b3
SIMO,0x000000000000000000000000000000006f1951b0f7c348a480d9c135679778f7,0x77e655e37f4d913fb9540e0d541d824171a60e81,ETH,0x0000000000000000000000000000000000000000,uniswap,v4,0x90e4049632cdd06a739982cb0ecffff36b76f40125351075e8123c1c88f51976,POOL_ID_BYTES32,THIRD_PARTY_DISCOVERY_ONLY,4538.72,569.79,https://dexscreener.com/robinhood/0x90e4049632cdd06a739982cb0ecffff36b76f40125351075e8123c1c88f51976
SIMO,0x000000000000000000000000000000006f1951b0f7c348a480d9c135679778f7,0x77e655e37f4d913fb9540e0d541d824171a60e81,USDG,0x5fc5360d0400a0fd4f2af552add042d716f1d168,uniswap,v4,0x9e4c8bbeaabd2526cdd68cbe65e6fc7ad60453820d9f4475eb823e0d7ba5bce0,POOL_ID_BYTES32,THIRD_PARTY_DISCOVERY_ONLY,519.85,39.69,https://dexscreener.com/robinhood/0x9e4c8bbeaabd2526cdd68cbe65e6fc7ad60453820d9f4475eb823e0d7ba5bce0
SIMO,0x000000000000000000000000000000006f1951b0f7c348a480d9c135679778f7,0x77e655e37f4d913fb9540e0d541d824171a60e81,USDG,0x5fc5360d0400a0fd4f2af552add042d716f1d168,uniswap,v4,0xab99c0156e7107cfcdf445b7ab53cf5e547d4a906c434093ce40bfed7a140efe,POOL_ID_BYTES32,THIRD_PARTY_DISCOVERY_ONLY,4646.82,11620.03,https://dexscreener.com/robinhood/0xab99c0156e7107cfcdf445b7ab53cf5e547d4a906c434093ce40bfed7a140efe
SIMO,0x000000000000000000000000000000006f1951b0f7c348a480d9c135679778f7,0x77e655e37f4d913fb9540e0d541d824171a60e81,USDG,0x5fc5360d0400a0fd4f2af552add042d716f1d168,uniswap,v4,0xc371a06ff3f53b84af2372f77195e53d1319ed25fc2f029c8441c4d1662f3078,POOL_ID_BYTES32,THIRD_PARTY_DISCOVERY_ONLY,24478.48,22307.85,https://dexscreener.com/robinhood/0xc371a06ff3f53b84af2372f77195e53d1319ed25fc2f029c8441c4d1662f3078
SIMO,0x000000000000000000000000000000006f1951b0f7c348a480d9c135679778f7,0x77e655e37f4d913fb9540e0d541d824171a60e81,ETH,0x0000000000000000000000000000000000000000,uniswap,v4,0xc6d3c6b762ec41f12cb4e3ac305f6784e14d48476613bdb45dc05a8b39fe09ac,POOL_ID_BYTES32,THIRD_PARTY_DISCOVERY_ONLY,1045.47,123.73,https://dexscreener.com/robinhood/0xc6d3c6b762ec41f12cb4e3ac305f6784e14d48476613bdb45dc05a8b39fe09ac
SIMO,0x000000000000000000000000000000006f1951b0f7c348a480d9c135679778f7,0x77e655e37f4d913fb9540e0d541d824171a60e81,ETH,0x0000000000000000000000000000000000000000,uniswap,v4,0xd041e345a7dcc03c76a39bc61d1fd4a5ff79ba05ca2e55c09f6007dc8ecd4934,POOL_ID_BYTES32,THIRD_PARTY_DISCOVERY_ONLY,3188.48,484.78,https://dexscreener.com/robinhood/0xd041e345a7dcc03c76a39bc61d1fd4a5ff79ba05ca2e55c09f6007dc8ecd4934
SKHY,0x000000000000000000000000000000002b98fc3881db4479b3827d5ca058d31a,0x84cab63bc87912e71ad199ff14a0ba45de68fef8,USDG,0x5fc5360d0400a0fd4f2af552add042d716f1d168,uniswap,v3,0x5f2a5025feb93a4c44da4e3b37e4fd3fb0ab5171,CONTRACT_ADDRESS,MATCHED_CANONICAL_UNISWAP_FACTORY_RESULT,17272.08,160823.26,https://dexscreener.com/robinhood/0x5f2a5025feb93a4c44da4e3b37e4fd3fb0ab5171
SKHY,0x000000000000000000000000000000002b98fc3881db4479b3827d5ca058d31a,0x84cab63bc87912e71ad199ff14a0ba45de68fef8,ETH,0x0000000000000000000000000000000000000000,uniswap,v4,0x054acef38eedccfb51fa35f9c6e93bc62348cd73142fcd9fb0d73a142119c444,POOL_ID_BYTES32,THIRD_PARTY_DISCOVERY_ONLY,18338.94,34093.81,https://dexscreener.com/robinhood/0x054acef38eedccfb51fa35f9c6e93bc62348cd73142fcd9fb0d73a142119c444
SKHY,0x000000000000000000000000000000002b98fc3881db4479b3827d5ca058d31a,0x84cab63bc87912e71ad199ff14a0ba45de68fef8,ETH,0x0000000000000000000000000000000000000000,uniswap,v4,0x25172ff8f619cef2c271fbc34d651f9c391b04381647b70c89f9f839bffa85b2,POOL_ID_BYTES32,THIRD_PARTY_DISCOVERY_ONLY,2953.45,57,https://dexscreener.com/robinhood/0x25172ff8f619cef2c271fbc34d651f9c391b04381647b70c89f9f839bffa85b2
SKHY,0x000000000000000000000000000000002b98fc3881db4479b3827d5ca058d31a,0x84cab63bc87912e71ad199ff14a0ba45de68fef8,USDG,0x5fc5360d0400a0fd4f2af552add042d716f1d168,uniswap,v4,0x26a7f47d2e6de6426746f23010623d08cd987223ddb0a4c28f097910365c2f5f,POOL_ID_BYTES32,THIRD_PARTY_DISCOVERY_ONLY,7916.52,38204.9,https://dexscreener.com/robinhood/0x26a7f47d2e6de6426746f23010623d08cd987223ddb0a4c28f097910365c2f5f
SKHY,0x000000000000000000000000000000002b98fc3881db4479b3827d5ca058d31a,0x84cab63bc87912e71ad199ff14a0ba45de68fef8,USDG,0x5fc5360d0400a0fd4f2af552add042d716f1d168,uniswap,v4,0x4c4a74bd3b9a224b06379c60af2843c2238156446c8003e3796456a3192f5e6b,POOL_ID_BYTES32,THIRD_PARTY_DISCOVERY_ONLY,233.27,35.73,https://dexscreener.com/robinhood/0x4c4a74bd3b9a224b06379c60af2843c2238156446c8003e3796456a3192f5e6b
SKHY,0x000000000000000000000000000000002b98fc3881db4479b3827d5ca058d31a,0x84cab63bc87912e71ad199ff14a0ba45de68fef8,ETH,0x0000000000000000000000000000000000000000,uniswap,v4,0x5f086e0d2575f78538daccd4959380d790830d31766a2ebe8fef958268fa47fa,POOL_ID_BYTES32,THIRD_PARTY_DISCOVERY_ONLY,15606.83,5122.79,https://dexscreener.com/robinhood/0x5f086e0d2575f78538daccd4959380d790830d31766a2ebe8fef958268fa47fa
SKHY,0x000000000000000000000000000000002b98fc3881db4479b3827d5ca058d31a,0x84cab63bc87912e71ad199ff14a0ba45de68fef8,USDG,0x5fc5360d0400a0fd4f2af552add042d716f1d168,uniswap,v4,0x67afb9f9df6eba4031ab7a302c9515816dc3e509bff6aa278ac7e5348b300629,POOL_ID_BYTES32,THIRD_PARTY_DISCOVERY_ONLY,,24899.08,https://dexscreener.com/robinhood/0x67afb9f9df6eba4031ab7a302c9515816dc3e509bff6aa278ac7e5348b300629
SKHY,0x000000000000000000000000000000002b98fc3881db4479b3827d5ca058d31a,0x84cab63bc87912e71ad199ff14a0ba45de68fef8,USDG,0x5fc5360d0400a0fd4f2af552add042d716f1d168,uniswap,v4,0x6a126966c2f6a64dd229cd559d58bc71b12597ad6a180adb7e318ab047852cf6,POOL_ID_BYTES32,THIRD_PARTY_DISCOVERY_ONLY,3614.22,15536.32,https://dexscreener.com/robinhood/0x6a126966c2f6a64dd229cd559d58bc71b12597ad6a180adb7e318ab047852cf6
SKHY,0x000000000000000000000000000000002b98fc3881db4479b3827d5ca058d31a,0x84cab63bc87912e71ad199ff14a0ba45de68fef8,USDG,0x5fc5360d0400a0fd4f2af552add042d716f1d168,uniswap,v4,0x8107f97277321f2899eba8d6721411e34cf368c6e24c9f0abb1658733e548601,POOL_ID_BYTES32,THIRD_PARTY_DISCOVERY_ONLY,102.92,43.36,https://dexscreener.com/robinhood/0x8107f97277321f2899eba8d6721411e34cf368c6e24c9f0abb1658733e548601
SKHY,0x000000000000000000000000000000002b98fc3881db4479b3827d5ca058d31a,0x84cab63bc87912e71ad199ff14a0ba45de68fef8,ETH,0x0000000000000000000000000000000000000000,uniswap,v4,0x8f8f371a77136f8a63751fc03a0291f8d32bea5c123aac537687d2ce52df121e,POOL_ID_BYTES32,THIRD_PARTY_DISCOVERY_ONLY,1579.86,51.84,https://dexscreener.com/robinhood/0x8f8f371a77136f8a63751fc03a0291f8d32bea5c123aac537687d2ce52df121e
SKHY,0x000000000000000000000000000000002b98fc3881db4479b3827d5ca058d31a,0x84cab63bc87912e71ad199ff14a0ba45de68fef8,USDG,0x5fc5360d0400a0fd4f2af552add042d716f1d168,uniswap,v4,0x994db79a9e80b73d726171d0e834dfe6fdce7987539dcf5cceef7b2b95c5fd95,POOL_ID_BYTES32,THIRD_PARTY_DISCOVERY_ONLY,205669.34,2540341.87,https://dexscreener.com/robinhood/0x994db79a9e80b73d726171d0e834dfe6fdce7987539dcf5cceef7b2b95c5fd95
SLS,0x000000000000000000000000000000008a8af3575ac442b8ab46c2d966b2107d,0x285b231728c7e4333799183df1094d775246a535,ETH,0x0000000000000000000000000000000000000000,uniswap,v4,0x0c1180f9c70d7eee8081b06495196e53988a214e3be3716f6152d9820c34cb71,POOL_ID_BYTES32,THIRD_PARTY_DISCOVERY_ONLY,180.81,8.78,https://dexscreener.com/robinhood/0x0c1180f9c70d7eee8081b06495196e53988a214e3be3716f6152d9820c34cb71
SLS,0x000000000000000000000000000000008a8af3575ac442b8ab46c2d966b2107d,0x285b231728c7e4333799183df1094d775246a535,USDG,0x5fc5360d0400a0fd4f2af552add042d716f1d168,uniswap,v4,0x3f0b4dd6a4e1eb4709f798cb49c26c6bd1f26b55509920dc5d359674c202716c,POOL_ID_BYTES32,THIRD_PARTY_DISCOVERY_ONLY,6847.07,146.5,https://dexscreener.com/robinhood/0x3f0b4dd6a4e1eb4709f798cb49c26c6bd1f26b55509920dc5d359674c202716c
SLS,0x000000000000000000000000000000008a8af3575ac442b8ab46c2d966b2107d,0x285b231728c7e4333799183df1094d775246a535,ETH,0x0000000000000000000000000000000000000000,uniswap,v4,0x7539a5846c5720adc2461cfcc2674e767860a9faffbf9ef756f6f76476410afd,POOL_ID_BYTES32,THIRD_PARTY_DISCOVERY_ONLY,6733.47,130.31,https://dexscreener.com/robinhood/0x7539a5846c5720adc2461cfcc2674e767860a9faffbf9ef756f6f76476410afd
SLS,0x000000000000000000000000000000008a8af3575ac442b8ab46c2d966b2107d,0x285b231728c7e4333799183df1094d775246a535,USDG,0x5fc5360d0400a0fd4f2af552add042d716f1d168,uniswap,v4,0x7db96799bfd166bf35e690c8f0ad8bd54ef926efa7ac5f415538c0833d906bb5,POOL_ID_BYTES32,THIRD_PARTY_DISCOVERY_ONLY,2992.37,1276.53,https://dexscreener.com/robinhood/0x7db96799bfd166bf35e690c8f0ad8bd54ef926efa7ac5f415538c0833d906bb5
SLS,0x000000000000000000000000000000008a8af3575ac442b8ab46c2d966b2107d,0x285b231728c7e4333799183df1094d775246a535,ETH,0x0000000000000000000000000000000000000000,uniswap,v4,0x9a0501e01a955715c38cf899f455aae47ac0849bde6f6387c3712d3dda02dd23,POOL_ID_BYTES32,THIRD_PARTY_DISCOVERY_ONLY,4554.38,50.12,https://dexscreener.com/robinhood/0x9a0501e01a955715c38cf899f455aae47ac0849bde6f6387c3712d3dda02dd23
SLS,0x000000000000000000000000000000008a8af3575ac442b8ab46c2d966b2107d,0x285b231728c7e4333799183df1094d775246a535,USDG,0x5fc5360d0400a0fd4f2af552add042d716f1d168,uniswap,v4,0xeac99c4a9e4244a762abbcabc07780ff3a3228de0404942ea18e53e7afba37dc,POOL_ID_BYTES32,THIRD_PARTY_DISCOVERY_ONLY,2440.46,306.49,https://dexscreener.com/robinhood/0xeac99c4a9e4244a762abbcabc07780ff3a3228de0404942ea18e53e7afba37dc
SMCI,0x000000000000000000000000000000000cfe41021541408ab92f19e6af2fa729,0xc01aa1fecec0605b13bc84874ff7256c0f5f562a,USDG,0x5fc5360d0400a0fd4f2af552add042d716f1d168,ramses,v3,0x85664e8e308f6a936494768c9f4dbaa7b6d299a8,CONTRACT_ADDRESS,THIRD_PARTY_DISCOVERY_ONLY,5865.49,32387.39,https://dexscreener.com/robinhood/0x85664e8e308f6a936494768c9f4dbaa7b6d299a8
SMCI,0x000000000000000000000000000000000cfe41021541408ab92f19e6af2fa729,0xc01aa1fecec0605b13bc84874ff7256c0f5f562a,ETH,0x0000000000000000000000000000000000000000,uniswap,v4,0x12f7cb62df74b20b5228239044b32481518328f825082ddc3038a08fffe5b6ee,POOL_ID_BYTES32,THIRD_PARTY_DISCOVERY_ONLY,533.3,295.8,https://dexscreener.com/robinhood/0x12f7cb62df74b20b5228239044b32481518328f825082ddc3038a08fffe5b6ee
SMCI,0x000000000000000000000000000000000cfe41021541408ab92f19e6af2fa729,0xc01aa1fecec0605b13bc84874ff7256c0f5f562a,USDG,0x5fc5360d0400a0fd4f2af552add042d716f1d168,uniswap,v4,0x2d5bfe6f3455a648518c5dca0f46028351ea3a535691bcc57d778d9516b91588,POOL_ID_BYTES32,THIRD_PARTY_DISCOVERY_ONLY,606.5,742.13,https://dexscreener.com/robinhood/0x2d5bfe6f3455a648518c5dca0f46028351ea3a535691bcc57d778d9516b91588
SMCI,0x000000000000000000000000000000000cfe41021541408ab92f19e6af2fa729,0xc01aa1fecec0605b13bc84874ff7256c0f5f562a,ETH,0x0000000000000000000000000000000000000000,uniswap,v4,0x342f58c73932f716a24c8ff5aaf04307914ca247f4a6b3f8c594371eb2cc1dc5,POOL_ID_BYTES32,THIRD_PARTY_DISCOVERY_ONLY,305.23,63.56,https://dexscreener.com/robinhood/0x342f58c73932f716a24c8ff5aaf04307914ca247f4a6b3f8c594371eb2cc1dc5
SMCI,0x000000000000000000000000000000000cfe41021541408ab92f19e6af2fa729,0xc01aa1fecec0605b13bc84874ff7256c0f5f562a,ETH,0x0000000000000000000000000000000000000000,uniswap,v4,0x7bacabc3e0325f74fc51230a90a1e1fe54c05ca7c14c390c1780b593f137161a,POOL_ID_BYTES32,THIRD_PARTY_DISCOVERY_ONLY,14925.52,22489.83,https://dexscreener.com/robinhood/0x7bacabc3e0325f74fc51230a90a1e1fe54c05ca7c14c390c1780b593f137161a
SMCI,0x000000000000000000000000000000000cfe41021541408ab92f19e6af2fa729,0xc01aa1fecec0605b13bc84874ff7256c0f5f562a,USDG,0x5fc5360d0400a0fd4f2af552add042d716f1d168,uniswap,v4,0x7bb731d0b281580b14440a34f14e8f23e80739c721352517f13ab2626b556834,POOL_ID_BYTES32,THIRD_PARTY_DISCOVERY_ONLY,88.43,34.59,https://dexscreener.com/robinhood/0x7bb731d0b281580b14440a34f14e8f23e80739c721352517f13ab2626b556834
SMCI,0x000000000000000000000000000000000cfe41021541408ab92f19e6af2fa729,0xc01aa1fecec0605b13bc84874ff7256c0f5f562a,ETH,0x0000000000000000000000000000000000000000,uniswap,v4,0x88b40ba86cf6ae587024e26e1b845b411cd9dd76eda138785621651710e1070c,POOL_ID_BYTES32,THIRD_PARTY_DISCOVERY_ONLY,2783.75,419.74,https://dexscreener.com/robinhood/0x88b40ba86cf6ae587024e26e1b845b411cd9dd76eda138785621651710e1070c
SMCI,0x000000000000000000000000000000000cfe41021541408ab92f19e6af2fa729,0xc01aa1fecec0605b13bc84874ff7256c0f5f562a,USDG,0x5fc5360d0400a0fd4f2af552add042d716f1d168,uniswap,v4,0xbb0fd6ee822087a2bddd1e2136159269bff70c018d327146ef2f5ed6254b45c4,POOL_ID_BYTES32,THIRD_PARTY_DISCOVERY_ONLY,965.09,397.92,https://dexscreener.com/robinhood/0xbb0fd6ee822087a2bddd1e2136159269bff70c018d327146ef2f5ed6254b45c4
SMCI,0x000000000000000000000000000000000cfe41021541408ab92f19e6af2fa729,0xc01aa1fecec0605b13bc84874ff7256c0f5f562a,USDG,0x5fc5360d0400a0fd4f2af552add042d716f1d168,uniswap,v4,0xcbc5164c76a22d18a8195ee1da318ae08a214f6b5ccf11e556f0289211a51cee,POOL_ID_BYTES32,THIRD_PARTY_DISCOVERY_ONLY,11560.77,14088.01,https://dexscreener.com/robinhood/0xcbc5164c76a22d18a8195ee1da318ae08a214f6b5ccf11e556f0289211a51cee
SMCI,0x000000000000000000000000000000000cfe41021541408ab92f19e6af2fa729,0xc01aa1fecec0605b13bc84874ff7256c0f5f562a,USDG,0x5fc5360d0400a0fd4f2af552add042d716f1d168,uniswap,v4,0xeee8d77bb82d7cb7379f6ab5e86e34cb98f3bc03b574dac9655283ce2bc56ec9,POOL_ID_BYTES32,THIRD_PARTY_DISCOVERY_ONLY,3297.52,6196.99,https://dexscreener.com/robinhood/0xeee8d77bb82d7cb7379f6ab5e86e34cb98f3bc03b574dac9655283ce2bc56ec9
SMCI,0x000000000000000000000000000000000cfe41021541408ab92f19e6af2fa729,0xc01aa1fecec0605b13bc84874ff7256c0f5f562a,USDG,0x5fc5360d0400a0fd4f2af552add042d716f1d168,uniswap,v4,0xf2c750e1ac3fa022f0aa3a8fbfa7248fff1382cbe7d2ede0707b74196cc13d3c,POOL_ID_BYTES32,THIRD_PARTY_DISCOVERY_ONLY,999.76,545.16,https://dexscreener.com/robinhood/0xf2c750e1ac3fa022f0aa3a8fbfa7248fff1382cbe7d2ede0707b74196cc13d3c
SMCI,0x000000000000000000000000000000000cfe41021541408ab92f19e6af2fa729,0xc01aa1fecec0605b13bc84874ff7256c0f5f562a,USDG,0x5fc5360d0400a0fd4f2af552add042d716f1d168,uniswap,v4,0xfe06387ccbe8b1b7dd61ff26dd713049a321bd17934cc3b2f2100ba323b2d3ba,POOL_ID_BYTES32,THIRD_PARTY_DISCOVERY_ONLY,305.89,64.77,https://dexscreener.com/robinhood/0xfe06387ccbe8b1b7dd61ff26dd713049a321bd17934cc3b2f2100ba323b2d3ba
SMH,0x000000000000000000000000000000008f38b46a1c554840a92533677cce89ad,0x072f979c2cac8e1391b0162a87fee094bf8744a0,USDG,0x5fc5360d0400a0fd4f2af552add042d716f1d168,uniswap,v4,0x0fd920c5fdf4f4b943f29f4b914c04e1850404031d654564fd1df3e4d3f95fb1,POOL_ID_BYTES32,THIRD_PARTY_DISCOVERY_ONLY,5684.65,3237.98,https://dexscreener.com/robinhood/0x0fd920c5fdf4f4b943f29f4b914c04e1850404031d654564fd1df3e4d3f95fb1
SMH,0x000000000000000000000000000000008f38b46a1c554840a92533677cce89ad,0x072f979c2cac8e1391b0162a87fee094bf8744a0,USDG,0x5fc5360d0400a0fd4f2af552add042d716f1d168,uniswap,v4,0x47c07b73dab609aab1777aefaba1eb6b36122cb6862fb29ac16b6fe6421b609d,POOL_ID_BYTES32,THIRD_PARTY_DISCOVERY_ONLY,2994.56,1702.17,https://dexscreener.com/robinhood/0x47c07b73dab609aab1777aefaba1eb6b36122cb6862fb29ac16b6fe6421b609d
SMH,0x000000000000000000000000000000008f38b46a1c554840a92533677cce89ad,0x072f979c2cac8e1391b0162a87fee094bf8744a0,USDG,0x5fc5360d0400a0fd4f2af552add042d716f1d168,uniswap,v4,0x6a5b75ec9718ff9bd616bc54e3e7422747d42b9190998ce6676ac0ef6836ed79,POOL_ID_BYTES32,THIRD_PARTY_DISCOVERY_ONLY,525.48,28.73,https://dexscreener.com/robinhood/0x6a5b75ec9718ff9bd616bc54e3e7422747d42b9190998ce6676ac0ef6836ed79
SMH,0x000000000000000000000000000000008f38b46a1c554840a92533677cce89ad,0x072f979c2cac8e1391b0162a87fee094bf8744a0,USDG,0x5fc5360d0400a0fd4f2af552add042d716f1d168,uniswap,v4,0x7f64972889832dc8fa22d63753da1f83023244301ae1c79c23948e64f456bdff,POOL_ID_BYTES32,THIRD_PARTY_DISCOVERY_ONLY,564.8,40,https://dexscreener.com/robinhood/0x7f64972889832dc8fa22d63753da1f83023244301ae1c79c23948e64f456bdff
SMH,0x000000000000000000000000000000008f38b46a1c554840a92533677cce89ad,0x072f979c2cac8e1391b0162a87fee094bf8744a0,USDG,0x5fc5360d0400a0fd4f2af552add042d716f1d168,uniswap,v4,0x99baa5a39dde70af936a5a91dedcabad096da7342cc2436e136f83e8eca391c4,POOL_ID_BYTES32,THIRD_PARTY_DISCOVERY_ONLY,3063.06,173.46,https://dexscreener.com/robinhood/0x99baa5a39dde70af936a5a91dedcabad096da7342cc2436e136f83e8eca391c4
SMH,0x000000000000000000000000000000008f38b46a1c554840a92533677cce89ad,0x072f979c2cac8e1391b0162a87fee094bf8744a0,ETH,0x0000000000000000000000000000000000000000,uniswap,v4,0xd4c09b469af5c558fc87d242967efa1f2dcb7e5d2e7bcc5c6a7228e9fe2c7665,POOL_ID_BYTES32,THIRD_PARTY_DISCOVERY_ONLY,5686.61,312.49,https://dexscreener.com/robinhood/0xd4c09b469af5c558fc87d242967efa1f2dcb7e5d2e7bcc5c6a7228e9fe2c7665
SMH,0x000000000000000000000000000000008f38b46a1c554840a92533677cce89ad,0x072f979c2cac8e1391b0162a87fee094bf8744a0,USDG,0x5fc5360d0400a0fd4f2af552add042d716f1d168,uniswap,v4,0xd55a1afbcb039f6120cc98a844c08642c202bd633632a7b51cb06e7f7b01fa6f,POOL_ID_BYTES32,THIRD_PARTY_DISCOVERY_ONLY,3961.49,200.19,https://dexscreener.com/robinhood/0xd55a1afbcb039f6120cc98a844c08642c202bd633632a7b51cb06e7f7b01fa6f
SNAP,0x000000000000000000000000000000002993bb34578a4b92b8addda0fc4d697b,0xf6589f11bc40b669e584073f428b05562f568733,USDG,0x5fc5360d0400a0fd4f2af552add042d716f1d168,giga,v3,0x8d0d1d437cb9edcd03d45b123258492c8aab4786,CONTRACT_ADDRESS,THIRD_PARTY_DISCOVERY_ONLY,9851.07,112940.59,https://dexscreener.com/robinhood/0x8d0d1d437cb9edcd03d45b123258492c8aab4786
SNAP,0x000000000000000000000000000000002993bb34578a4b92b8addda0fc4d697b,0xf6589f11bc40b669e584073f428b05562f568733,USDG,0x5fc5360d0400a0fd4f2af552add042d716f1d168,uniswap,v3,0x0ebd4650c9e641e9745b5a508a2d46935dfe753e,CONTRACT_ADDRESS,MATCHED_CANONICAL_UNISWAP_FACTORY_RESULT,264341.92,1359905.36,https://dexscreener.com/robinhood/0x0ebd4650c9e641e9745b5a508a2d46935dfe753e
SNAP,0x000000000000000000000000000000002993bb34578a4b92b8addda0fc4d697b,0xf6589f11bc40b669e584073f428b05562f568733,ETH,0x0000000000000000000000000000000000000000,uniswap,v4,0x07bd8f8b38fdf70af9cf7fb49cf38ae8a81e2636218536d9714abdc24518055d,POOL_ID_BYTES32,THIRD_PARTY_DISCOVERY_ONLY,18301.55,5614.41,https://dexscreener.com/robinhood/0x07bd8f8b38fdf70af9cf7fb49cf38ae8a81e2636218536d9714abdc24518055d
SNAP,0x000000000000000000000000000000002993bb34578a4b92b8addda0fc4d697b,0xf6589f11bc40b669e584073f428b05562f568733,USDG,0x5fc5360d0400a0fd4f2af552add042d716f1d168,uniswap,v4,0x16b971d87854fb77ea33d40ea6d2a89b77c4fcbb053baaed90102ae5d44085bf,POOL_ID_BYTES32,THIRD_PARTY_DISCOVERY_ONLY,1176.74,626.7,https://dexscreener.com/robinhood/0x16b971d87854fb77ea33d40ea6d2a89b77c4fcbb053baaed90102ae5d44085bf
SNAP,0x000000000000000000000000000000002993bb34578a4b92b8addda0fc4d697b,0xf6589f11bc40b669e584073f428b05562f568733,ETH,0x0000000000000000000000000000000000000000,uniswap,v4,0x278adcbac5a4835bfaac6f64d2790613dde763f6eed559687197b2124c781e53,POOL_ID_BYTES32,THIRD_PARTY_DISCOVERY_ONLY,26.79,8.13,https://dexscreener.com/robinhood/0x278adcbac5a4835bfaac6f64d2790613dde763f6eed559687197b2124c781e53
SNAP,0x000000000000000000000000000000002993bb34578a4b92b8addda0fc4d697b,0xf6589f11bc40b669e584073f428b05562f568733,USDG,0x5fc5360d0400a0fd4f2af552add042d716f1d168,uniswap,v4,0x2e4cc4c65587faca7a08b69a13c86ca8c86599d90ad818ceaa1a875176f5fb52,POOL_ID_BYTES32,THIRD_PARTY_DISCOVERY_ONLY,81287.28,2513725.99,https://dexscreener.com/robinhood/0x2e4cc4c65587faca7a08b69a13c86ca8c86599d90ad818ceaa1a875176f5fb52
SNAP,0x000000000000000000000000000000002993bb34578a4b92b8addda0fc4d697b,0xf6589f11bc40b669e584073f428b05562f568733,USDG,0x5fc5360d0400a0fd4f2af552add042d716f1d168,uniswap,v4,0x33ae2614da09506b65d4d1678a0313e53b7e277af7c65ab565ca5576531bacfb,POOL_ID_BYTES32,THIRD_PARTY_DISCOVERY_ONLY,21.42,0.12,https://dexscreener.com/robinhood/0x33ae2614da09506b65d4d1678a0313e53b7e277af7c65ab565ca5576531bacfb
SNAP,0x000000000000000000000000000000002993bb34578a4b92b8addda0fc4d697b,0xf6589f11bc40b669e584073f428b05562f568733,USDG,0x5fc5360d0400a0fd4f2af552add042d716f1d168,uniswap,v4,0x37e6e4e5c1db7bb8f4a46e209469744385ef0ab06bad22eb6cdf2eff5f13bc89,POOL_ID_BYTES32,THIRD_PARTY_DISCOVERY_ONLY,50505.93,97898.08,https://dexscreener.com/robinhood/0x37e6e4e5c1db7bb8f4a46e209469744385ef0ab06bad22eb6cdf2eff5f13bc89
SNAP,0x000000000000000000000000000000002993bb34578a4b92b8addda0fc4d697b,0xf6589f11bc40b669e584073f428b05562f568733,ETH,0x0000000000000000000000000000000000000000,uniswap,v4,0x38aaf52905952c646ae74864ece88dc973228ac9419af4812e3e5ff9825269c8,POOL_ID_BYTES32,THIRD_PARTY_DISCOVERY_ONLY,3480.17,261.3,https://dexscreener.com/robinhood/0x38aaf52905952c646ae74864ece88dc973228ac9419af4812e3e5ff9825269c8
SNAP,0x000000000000000000000000000000002993bb34578a4b92b8addda0fc4d697b,0xf6589f11bc40b669e584073f428b05562f568733,USDG,0x5fc5360d0400a0fd4f2af552add042d716f1d168,uniswap,v4,0x3959c9a2204f5cbffd71b6a4c2bef96d8225d683fc2db93a0b733104ab96227c,POOL_ID_BYTES32,THIRD_PARTY_DISCOVERY_ONLY,18418.76,2722.75,https://dexscreener.com/robinhood/0x3959c9a2204f5cbffd71b6a4c2bef96d8225d683fc2db93a0b733104ab96227c
SNAP,0x000000000000000000000000000000002993bb34578a4b92b8addda0fc4d697b,0xf6589f11bc40b669e584073f428b05562f568733,USDG,0x5fc5360d0400a0fd4f2af552add042d716f1d168,uniswap,v4,0x3bce81ece3c73a49b8c692b7f64c39ead24e4a7869a95a679a37f172c2d7b744,POOL_ID_BYTES32,THIRD_PARTY_DISCOVERY_ONLY,11835.24,1092.88,https://dexscreener.com/robinhood/0x3bce81ece3c73a49b8c692b7f64c39ead24e4a7869a95a679a37f172c2d7b744
SNAP,0x000000000000000000000000000000002993bb34578a4b92b8addda0fc4d697b,0xf6589f11bc40b669e584073f428b05562f568733,USDG,0x5fc5360d0400a0fd4f2af552add042d716f1d168,uniswap,v4,0x3bd9074427ce5250ba311c07334aadc4f7d30dac70275d379b671688845f5e3c,POOL_ID_BYTES32,THIRD_PARTY_DISCOVERY_ONLY,837.84,0,https://dexscreener.com/robinhood/0x3bd9074427ce5250ba311c07334aadc4f7d30dac70275d379b671688845f5e3c
SNAP,0x000000000000000000000000000000002993bb34578a4b92b8addda0fc4d697b,0xf6589f11bc40b669e584073f428b05562f568733,USDG,0x5fc5360d0400a0fd4f2af552add042d716f1d168,uniswap,v4,0x3e827284377db14e62472094916fadf27b825244473509a680763900ebcd0ad3,POOL_ID_BYTES32,THIRD_PARTY_DISCOVERY_ONLY,17524.27,709.34,https://dexscreener.com/robinhood/0x3e827284377db14e62472094916fadf27b825244473509a680763900ebcd0ad3
SNAP,0x000000000000000000000000000000002993bb34578a4b92b8addda0fc4d697b,0xf6589f11bc40b669e584073f428b05562f568733,USDG,0x5fc5360d0400a0fd4f2af552add042d716f1d168,uniswap,v4,0x4abeed921899c8c2dd063abb21ee983aa7c70d23ae482e6cbbeca939d9e44363,POOL_ID_BYTES32,THIRD_PARTY_DISCOVERY_ONLY,103809.49,299827.08,https://dexscreener.com/robinhood/0x4abeed921899c8c2dd063abb21ee983aa7c70d23ae482e6cbbeca939d9e44363
SNAP,0x000000000000000000000000000000002993bb34578a4b92b8addda0fc4d697b,0xf6589f11bc40b669e584073f428b05562f568733,USDG,0x5fc5360d0400a0fd4f2af552add042d716f1d168,uniswap,v4,0x58e3339895f50ae93db407028ce00358517dc08d95fe338aab213c80ab8adf89,POOL_ID_BYTES32,THIRD_PARTY_DISCOVERY_ONLY,5915.12,103819.19,https://dexscreener.com/robinhood/0x58e3339895f50ae93db407028ce00358517dc08d95fe338aab213c80ab8adf89
SNAP,0x000000000000000000000000000000002993bb34578a4b92b8addda0fc4d697b,0xf6589f11bc40b669e584073f428b05562f568733,USDG,0x5fc5360d0400a0fd4f2af552add042d716f1d168,uniswap,v4,0x5a8c74214ff813ebabfe220be5f0d0c262a1d7993b1fa86e98cb01f122df3aa7,POOL_ID_BYTES32,THIRD_PARTY_DISCOVERY_ONLY,1432.64,2229.93,https://dexscreener.com/robinhood/0x5a8c74214ff813ebabfe220be5f0d0c262a1d7993b1fa86e98cb01f122df3aa7
SNAP,0x000000000000000000000000000000002993bb34578a4b92b8addda0fc4d697b,0xf6589f11bc40b669e584073f428b05562f568733,ETH,0x0000000000000000000000000000000000000000,uniswap,v4,0x68d5c9ee0b3b22a7e63cb1f7276f7f2b320fb3b627c5c39f9ccf6a0d15f01282,POOL_ID_BYTES32,THIRD_PARTY_DISCOVERY_ONLY,528.48,4.52,https://dexscreener.com/robinhood/0x68d5c9ee0b3b22a7e63cb1f7276f7f2b320fb3b627c5c39f9ccf6a0d15f01282
SNAP,0x000000000000000000000000000000002993bb34578a4b92b8addda0fc4d697b,0xf6589f11bc40b669e584073f428b05562f568733,USDG,0x5fc5360d0400a0fd4f2af552add042d716f1d168,uniswap,v4,0x86c540e43dcef37550579e4ad1544ae73f943efee1d1e17f2cde562561e0aabc,POOL_ID_BYTES32,THIRD_PARTY_DISCOVERY_ONLY,25820.48,5733866.62,https://dexscreener.com/robinhood/0x86c540e43dcef37550579e4ad1544ae73f943efee1d1e17f2cde562561e0aabc
SNAP,0x000000000000000000000000000000002993bb34578a4b92b8addda0fc4d697b,0xf6589f11bc40b669e584073f428b05562f568733,USDG,0x5fc5360d0400a0fd4f2af552add042d716f1d168,uniswap,v4,0x8f9c43a2cc3c416dd3e24f9b550b7c5446b87503d806bbfce66a181320ae2c43,POOL_ID_BYTES32,THIRD_PARTY_DISCOVERY_ONLY,8487.26,13836.38,https://dexscreener.com/robinhood/0x8f9c43a2cc3c416dd3e24f9b550b7c5446b87503d806bbfce66a181320ae2c43
SNAP,0x000000000000000000000000000000002993bb34578a4b92b8addda0fc4d697b,0xf6589f11bc40b669e584073f428b05562f568733,ETH,0x0000000000000000000000000000000000000000,uniswap,v4,0x99273aa3bada3218136e02fcdd6a1ed70701141c87de2410086aaac6b86333f2,POOL_ID_BYTES32,THIRD_PARTY_DISCOVERY_ONLY,251.45,7.93,https://dexscreener.com/robinhood/0x99273aa3bada3218136e02fcdd6a1ed70701141c87de2410086aaac6b86333f2
SNAP,0x000000000000000000000000000000002993bb34578a4b92b8addda0fc4d697b,0xf6589f11bc40b669e584073f428b05562f568733,USDG,0x5fc5360d0400a0fd4f2af552add042d716f1d168,uniswap,v4,0xb5d911e7ad4e180bd4aede7268c9c7ee23021c7d62f5e3888f343162d3f97c20,POOL_ID_BYTES32,THIRD_PARTY_DISCOVERY_ONLY,11047.94,18679.67,https://dexscreener.com/robinhood/0xb5d911e7ad4e180bd4aede7268c9c7ee23021c7d62f5e3888f343162d3f97c20
SNAP,0x000000000000000000000000000000002993bb34578a4b92b8addda0fc4d697b,0xf6589f11bc40b669e584073f428b05562f568733,ETH,0x0000000000000000000000000000000000000000,uniswap,v4,0xb7be141207a8573c753b63ed0b968ef28481724ca09217812c59cf2283fdf182,POOL_ID_BYTES32,THIRD_PARTY_DISCOVERY_ONLY,2747.62,1576.93,https://dexscreener.com/robinhood/0xb7be141207a8573c753b63ed0b968ef28481724ca09217812c59cf2283fdf182
SNAP,0x000000000000000000000000000000002993bb34578a4b92b8addda0fc4d697b,0xf6589f11bc40b669e584073f428b05562f568733,USDG,0x5fc5360d0400a0fd4f2af552add042d716f1d168,uniswap,v4,0xbee0766b400e910a9a1d9f16dfb6fbdd8f8a5f0cf294185f6c8d8911f9563697,POOL_ID_BYTES32,THIRD_PARTY_DISCOVERY_ONLY,14826.17,47933.51,https://dexscreener.com/robinhood/0xbee0766b400e910a9a1d9f16dfb6fbdd8f8a5f0cf294185f6c8d8911f9563697
SNAP,0x000000000000000000000000000000002993bb34578a4b92b8addda0fc4d697b,0xf6589f11bc40b669e584073f428b05562f568733,ETH,0x0000000000000000000000000000000000000000,uniswap,v4,0xdbfe3fccc9a644d7e9437c85413a89dfd2e4ee1a40438ccc087fa7d1aa8753cd,POOL_ID_BYTES32,THIRD_PARTY_DISCOVERY_ONLY,2293.36,227.49,https://dexscreener.com/robinhood/0xdbfe3fccc9a644d7e9437c85413a89dfd2e4ee1a40438ccc087fa7d1aa8753cd
SNAP,0x000000000000000000000000000000002993bb34578a4b92b8addda0fc4d697b,0xf6589f11bc40b669e584073f428b05562f568733,ETH,0x0000000000000000000000000000000000000000,uniswap,v4,0xe33f9e4655f5b4af1934ab71b14173304dd68dd5302e28040b1860245aeec8d6,POOL_ID_BYTES32,THIRD_PARTY_DISCOVERY_ONLY,2269.2,94.3,https://dexscreener.com/robinhood/0xe33f9e4655f5b4af1934ab71b14173304dd68dd5302e28040b1860245aeec8d6
SNAP,0x000000000000000000000000000000002993bb34578a4b92b8addda0fc4d697b,0xf6589f11bc40b669e584073f428b05562f568733,USDG,0x5fc5360d0400a0fd4f2af552add042d716f1d168,uniswap,v4,0xfbb55ce0b2017d469d353b034b83f86f72857bd6498c2c00dd9da6fe67cb4f11,POOL_ID_BYTES32,THIRD_PARTY_DISCOVERY_ONLY,199.15,573.28,https://dexscreener.com/robinhood/0xfbb55ce0b2017d469d353b034b83f86f72857bd6498c2c00dd9da6fe67cb4f11
SNDK,0x0000000000000000000000000000000046e46cc63fe842ebbdfe6187bda403d6,0xb90a19ff0af67f7779aff50a882a9cff42446400,USDG,0x5fc5360d0400a0fd4f2af552add042d716f1d168,alandale,,0x8fdc1d9caae283e4f656883101fd7c06787b8bd7,CONTRACT_ADDRESS,THIRD_PARTY_DISCOVERY_ONLY,32763.59,50397.27,https://dexscreener.com/robinhood/0x8fdc1d9caae283e4f656883101fd7c06787b8bd7
SNDK,0x0000000000000000000000000000000046e46cc63fe842ebbdfe6187bda403d6,0xb90a19ff0af67f7779aff50a882a9cff42446400,WETH,0x0bd7d308f8e1639fab988df18a8011f41eacad73,alandale,,0x95ac7dcfa5f39b50a868fdcc867cd5786552672d,CONTRACT_ADDRESS,THIRD_PARTY_DISCOVERY_ONLY,4130.97,603.08,https://dexscreener.com/robinhood/0x95ac7dcfa5f39b50a868fdcc867cd5786552672d
SNDK,0x0000000000000000000000000000000046e46cc63fe842ebbdfe6187bda403d6,0xb90a19ff0af67f7779aff50a882a9cff42446400,WETH,0x0bd7d308f8e1639fab988df18a8011f41eacad73,uniswap,v3,0x0654e1e709987c57812a726a0a4ce61db4ca149e,CONTRACT_ADDRESS,MATCHED_CANONICAL_UNISWAP_FACTORY_RESULT,9.67,350.86,https://dexscreener.com/robinhood/0x0654e1e709987c57812a726a0a4ce61db4ca149e
SNDK,0x0000000000000000000000000000000046e46cc63fe842ebbdfe6187bda403d6,0xb90a19ff0af67f7779aff50a882a9cff42446400,WETH,0x0bd7d308f8e1639fab988df18a8011f41eacad73,uniswap,v3,0x995c1ad5eb998b1bdd89f515c4bb64760c411b62,CONTRACT_ADDRESS,MATCHED_CANONICAL_UNISWAP_FACTORY_RESULT,37542.9,347558.82,https://dexscreener.com/robinhood/0x995c1ad5eb998b1bdd89f515c4bb64760c411b62
SNDK,0x0000000000000000000000000000000046e46cc63fe842ebbdfe6187bda403d6,0xb90a19ff0af67f7779aff50a882a9cff42446400,USDG,0x5fc5360d0400a0fd4f2af552add042d716f1d168,uniswap,v3,0xa1e1c9519cd5ae47e9a935645e1a7b935b944559,CONTRACT_ADDRESS,MATCHED_CANONICAL_UNISWAP_FACTORY_RESULT,71156.41,109235.09,https://dexscreener.com/robinhood/0xa1e1c9519cd5ae47e9a935645e1a7b935b944559
SNDK,0x0000000000000000000000000000000046e46cc63fe842ebbdfe6187bda403d6,0xb90a19ff0af67f7779aff50a882a9cff42446400,USDG,0x5fc5360d0400a0fd4f2af552add042d716f1d168,uniswap,v3,0xc9f2e2229ef638a7629185c9b222ad2eeec39b74,CONTRACT_ADDRESS,MATCHED_CANONICAL_UNISWAP_FACTORY_RESULT,0.04,120.3,https://dexscreener.com/robinhood/0xc9f2e2229ef638a7629185c9b222ad2eeec39b74
SNDK,0x0000000000000000000000000000000046e46cc63fe842ebbdfe6187bda403d6,0xb90a19ff0af67f7779aff50a882a9cff42446400,ETH,0x0000000000000000000000000000000000000000,uniswap,v4,0x23ba14082cf460810878b106b74c4068fbee0686c1c08d60ceecdabaffcc628f,POOL_ID_BYTES32,THIRD_PARTY_DISCOVERY_ONLY,1873.68,41.35,https://dexscreener.com/robinhood/0x23ba14082cf460810878b106b74c4068fbee0686c1c08d60ceecdabaffcc628f
SNDK,0x0000000000000000000000000000000046e46cc63fe842ebbdfe6187bda403d6,0xb90a19ff0af67f7779aff50a882a9cff42446400,ETH,0x0000000000000000000000000000000000000000,uniswap,v4,0x25e42a01cc1172671d9d114ad7db555cab0b75c86a482bd63a7627c40d3558cc,POOL_ID_BYTES32,THIRD_PARTY_DISCOVERY_ONLY,303.52,3.61,https://dexscreener.com/robinhood/0x25e42a01cc1172671d9d114ad7db555cab0b75c86a482bd63a7627c40d3558cc
SNDK,0x0000000000000000000000000000000046e46cc63fe842ebbdfe6187bda403d6,0xb90a19ff0af67f7779aff50a882a9cff42446400,USDG,0x5fc5360d0400a0fd4f2af552add042d716f1d168,uniswap,v4,0x2707cb88a6a40fa0f948f58958051ba097d6f6a3cf7f87929bd68ccc5becea24,POOL_ID_BYTES32,THIRD_PARTY_DISCOVERY_ONLY,295680.03,472221.93,https://dexscreener.com/robinhood/0x2707cb88a6a40fa0f948f58958051ba097d6f6a3cf7f87929bd68ccc5becea24
SNDK,0x0000000000000000000000000000000046e46cc63fe842ebbdfe6187bda403d6,0xb90a19ff0af67f7779aff50a882a9cff42446400,ETH,0x0000000000000000000000000000000000000000,uniswap,v4,0x5ab628dfcd96f7786f0f113c9b68b5cf7c742e2fdc7edcb0920cbfb5dbcf40ed,POOL_ID_BYTES32,THIRD_PARTY_DISCOVERY_ONLY,1700.38,4072.07,https://dexscreener.com/robinhood/0x5ab628dfcd96f7786f0f113c9b68b5cf7c742e2fdc7edcb0920cbfb5dbcf40ed
SNDK,0x0000000000000000000000000000000046e46cc63fe842ebbdfe6187bda403d6,0xb90a19ff0af67f7779aff50a882a9cff42446400,ETH,0x0000000000000000000000000000000000000000,uniswap,v4,0x9f33040e40b9320550e87aa3108fb24640dd268b03bc37392a67ea861be63ff3,POOL_ID_BYTES32,THIRD_PARTY_DISCOVERY_ONLY,18962.14,2834.67,https://dexscreener.com/robinhood/0x9f33040e40b9320550e87aa3108fb24640dd268b03bc37392a67ea861be63ff3
SNDK,0x0000000000000000000000000000000046e46cc63fe842ebbdfe6187bda403d6,0xb90a19ff0af67f7779aff50a882a9cff42446400,ETH,0x0000000000000000000000000000000000000000,uniswap,v4,0xa321820863d5f4ed9d50156efdea6cd61edb1d1dd54bc2723f493bcc76fea4c2,POOL_ID_BYTES32,THIRD_PARTY_DISCOVERY_ONLY,6603.39,2792.99,https://dexscreener.com/robinhood/0xa321820863d5f4ed9d50156efdea6cd61edb1d1dd54bc2723f493bcc76fea4c2
SNDK,0x0000000000000000000000000000000046e46cc63fe842ebbdfe6187bda403d6,0xb90a19ff0af67f7779aff50a882a9cff42446400,USDG,0x5fc5360d0400a0fd4f2af552add042d716f1d168,uniswap,v4,0xb94f6ff97617bfc9dd47e088181479aa67dd5fcd350628e9e27ec0009fcb85ab,POOL_ID_BYTES32,THIRD_PARTY_DISCOVERY_ONLY,1276.22,518.87,https://dexscreener.com/robinhood/0xb94f6ff97617bfc9dd47e088181479aa67dd5fcd350628e9e27ec0009fcb85ab
SNDK,0x0000000000000000000000000000000046e46cc63fe842ebbdfe6187bda403d6,0xb90a19ff0af67f7779aff50a882a9cff42446400,USDG,0x5fc5360d0400a0fd4f2af552add042d716f1d168,uniswap,v4,0xc9c8c236fae910f6e293022414fd676a45fc277eef6cd1bd374eb19f0cceaffc,POOL_ID_BYTES32,THIRD_PARTY_DISCOVERY_ONLY,7569.81,8341.93,https://dexscreener.com/robinhood/0xc9c8c236fae910f6e293022414fd676a45fc277eef6cd1bd374eb19f0cceaffc
SNDK,0x0000000000000000000000000000000046e46cc63fe842ebbdfe6187bda403d6,0xb90a19ff0af67f7779aff50a882a9cff42446400,USDG,0x5fc5360d0400a0fd4f2af552add042d716f1d168,uniswap,v4,0xdb1442f922cc4cd020026726ca07db0b1b3e5eefe549d5c04273e4b935ea4c34,POOL_ID_BYTES32,THIRD_PARTY_DISCOVERY_ONLY,3566.14,1877.61,https://dexscreener.com/robinhood/0xdb1442f922cc4cd020026726ca07db0b1b3e5eefe549d5c04273e4b935ea4c34
SNDK,0x0000000000000000000000000000000046e46cc63fe842ebbdfe6187bda403d6,0xb90a19ff0af67f7779aff50a882a9cff42446400,ETH,0x0000000000000000000000000000000000000000,uniswap,v4,0xe20166d352f150d32bd1748401c6b5de2607b6b507ed322b73b81cfbbc08019a,POOL_ID_BYTES32,THIRD_PARTY_DISCOVERY_ONLY,2272.11,53.99,https://dexscreener.com/robinhood/0xe20166d352f150d32bd1748401c6b5de2607b6b507ed322b73b81cfbbc08019a
SNDK,0x0000000000000000000000000000000046e46cc63fe842ebbdfe6187bda403d6,0xb90a19ff0af67f7779aff50a882a9cff42446400,USDG,0x5fc5360d0400a0fd4f2af552add042d716f1d168,uniswap,v4,0xf0fbba24fa7f8da2132f66bad946d04d8b7293b705be71f46fa1d2c602aed461,POOL_ID_BYTES32,THIRD_PARTY_DISCOVERY_ONLY,3807.58,817.39,https://dexscreener.com/robinhood/0xf0fbba24fa7f8da2132f66bad946d04d8b7293b705be71f46fa1d2c602aed461
SNDK,0x0000000000000000000000000000000046e46cc63fe842ebbdfe6187bda403d6,0xb90a19ff0af67f7779aff50a882a9cff42446400,ETH,0x0000000000000000000000000000000000000000,uniswap,v4,0xf1abcadf5e144a31b17537b00e433971cfdcebffc8cb231917e789b72f0fdcd8,POOL_ID_BYTES32,THIRD_PARTY_DISCOVERY_ONLY,2896.76,495.81,https://dexscreener.com/robinhood/0xf1abcadf5e144a31b17537b00e433971cfdcebffc8cb231917e789b72f0fdcd8
SNDK,0x0000000000000000000000000000000046e46cc63fe842ebbdfe6187bda403d6,0xb90a19ff0af67f7779aff50a882a9cff42446400,USDG,0x5fc5360d0400a0fd4f2af552add042d716f1d168,up,v3,0x5ca3fe49388b244d66f60b03edd940cc52b77b2e,CONTRACT_ADDRESS,THIRD_PARTY_DISCOVERY_ONLY,16169.03,1004566.45,https://dexscreener.com/robinhood/0x5ca3fe49388b244d66f60b03edd940cc52b77b2e
SNOW,0x000000000000000000000000000000002087239447ce4fcb8c6194c8941d287c,0xba0cab75495255d0cb58e22b648bfed4ecd1f47e,USDG,0x5fc5360d0400a0fd4f2af552add042d716f1d168,uniswap,v4,0x1c104725f542f7a7f1e758b728743c3c83c9f3261734244ff3f4e3dc8eed8f79,POOL_ID_BYTES32,THIRD_PARTY_DISCOVERY_ONLY,1960.72,399.98,https://dexscreener.com/robinhood/0x1c104725f542f7a7f1e758b728743c3c83c9f3261734244ff3f4e3dc8eed8f79
SNOW,0x000000000000000000000000000000002087239447ce4fcb8c6194c8941d287c,0xba0cab75495255d0cb58e22b648bfed4ecd1f47e,USDG,0x5fc5360d0400a0fd4f2af552add042d716f1d168,uniswap,v4,0x218d045876f59e17bc93d1492110f70e8ea869ef8a699ef53d0ead65f7bb4b2e,POOL_ID_BYTES32,THIRD_PARTY_DISCOVERY_ONLY,3426.97,60177.83,https://dexscreener.com/robinhood/0x218d045876f59e17bc93d1492110f70e8ea869ef8a699ef53d0ead65f7bb4b2e
SNOW,0x000000000000000000000000000000002087239447ce4fcb8c6194c8941d287c,0xba0cab75495255d0cb58e22b648bfed4ecd1f47e,USDG,0x5fc5360d0400a0fd4f2af552add042d716f1d168,uniswap,v4,0x870c0963db4590531ac1a6514c9965a0c7f8bbc9ddc660519491c0a4d8249e3a,POOL_ID_BYTES32,THIRD_PARTY_DISCOVERY_ONLY,70951.66,173983.45,https://dexscreener.com/robinhood/0x870c0963db4590531ac1a6514c9965a0c7f8bbc9ddc660519491c0a4d8249e3a
SNOW,0x000000000000000000000000000000002087239447ce4fcb8c6194c8941d287c,0xba0cab75495255d0cb58e22b648bfed4ecd1f47e,ETH,0x0000000000000000000000000000000000000000,uniswap,v4,0x9ba5b3c17b4a8a838ef2c5cfdac49854419fdc6cda28bddce49714145a4cdddc,POOL_ID_BYTES32,THIRD_PARTY_DISCOVERY_ONLY,16328.73,1239.24,https://dexscreener.com/robinhood/0x9ba5b3c17b4a8a838ef2c5cfdac49854419fdc6cda28bddce49714145a4cdddc
SNOW,0x000000000000000000000000000000002087239447ce4fcb8c6194c8941d287c,0xba0cab75495255d0cb58e22b648bfed4ecd1f47e,USDG,0x5fc5360d0400a0fd4f2af552add042d716f1d168,uniswap,v4,0xa9812049f42e260ef4532933fd02d55b8f1d2db439b7be012c2241d9b6c78cbe,POOL_ID_BYTES32,THIRD_PARTY_DISCOVERY_ONLY,2503.13,10871.96,https://dexscreener.com/robinhood/0xa9812049f42e260ef4532933fd02d55b8f1d2db439b7be012c2241d9b6c78cbe
SNOW,0x000000000000000000000000000000002087239447ce4fcb8c6194c8941d287c,0xba0cab75495255d0cb58e22b648bfed4ecd1f47e,USDG,0x5fc5360d0400a0fd4f2af552add042d716f1d168,uniswap,v4,0xac720e95589b7124f0affbdb9e66c7ec6e824c68eae00dc54f9e11b0b294bac8,POOL_ID_BYTES32,THIRD_PARTY_DISCOVERY_ONLY,2991.57,75861.78,https://dexscreener.com/robinhood/0xac720e95589b7124f0affbdb9e66c7ec6e824c68eae00dc54f9e11b0b294bac8
SNOW,0x000000000000000000000000000000002087239447ce4fcb8c6194c8941d287c,0xba0cab75495255d0cb58e22b648bfed4ecd1f47e,USDG,0x5fc5360d0400a0fd4f2af552add042d716f1d168,uniswap,v4,0xb3b8fd00c4fdaa53834f7a7a4ad50e839baaff2dcb8ed1e8b1ed532a0665097e,POOL_ID_BYTES32,THIRD_PARTY_DISCOVERY_ONLY,29965.24,1746.26,https://dexscreener.com/robinhood/0xb3b8fd00c4fdaa53834f7a7a4ad50e839baaff2dcb8ed1e8b1ed532a0665097e
SNOW,0x000000000000000000000000000000002087239447ce4fcb8c6194c8941d287c,0xba0cab75495255d0cb58e22b648bfed4ecd1f47e,USDG,0x5fc5360d0400a0fd4f2af552add042d716f1d168,uniswap,v4,0xc49eb8934f95431b6901babf19c0a65ef09d49129bfb61ff42a2147697f8a92a,POOL_ID_BYTES32,THIRD_PARTY_DISCOVERY_ONLY,29980.07,1193.96,https://dexscreener.com/robinhood/0xc49eb8934f95431b6901babf19c0a65ef09d49129bfb61ff42a2147697f8a92a
SNOW,0x000000000000000000000000000000002087239447ce4fcb8c6194c8941d287c,0xba0cab75495255d0cb58e22b648bfed4ecd1f47e,ETH,0x0000000000000000000000000000000000000000,uniswap,v4,0xc614d85a4c6049245723effe046ff7f8d77060be3c05d1dcc99984e25974b220,POOL_ID_BYTES32,THIRD_PARTY_DISCOVERY_ONLY,,361.12,https://dexscreener.com/robinhood/0xc614d85a4c6049245723effe046ff7f8d77060be3c05d1dcc99984e25974b220
SNOW,0x000000000000000000000000000000002087239447ce4fcb8c6194c8941d287c,0xba0cab75495255d0cb58e22b648bfed4ecd1f47e,USDG,0x5fc5360d0400a0fd4f2af552add042d716f1d168,uniswap,v4,0xca758b760abd280cac86a9057feacad2e95131c420bdf087fb6868c28570fd50,POOL_ID_BYTES32,THIRD_PARTY_DISCOVERY_ONLY,6132.91,859.87,https://dexscreener.com/robinhood/0xca758b760abd280cac86a9057feacad2e95131c420bdf087fb6868c28570fd50
SNOW,0x000000000000000000000000000000002087239447ce4fcb8c6194c8941d287c,0xba0cab75495255d0cb58e22b648bfed4ecd1f47e,USDG,0x5fc5360d0400a0fd4f2af552add042d716f1d168,uniswap,v4,0xd210898589ebb4bf4f51c3fcd426848154d61fc147b88eab5cb657872af9e4ef,POOL_ID_BYTES32,THIRD_PARTY_DISCOVERY_ONLY,4306.04,4323.18,https://dexscreener.com/robinhood/0xd210898589ebb4bf4f51c3fcd426848154d61fc147b88eab5cb657872af9e4ef
SNOW,0x000000000000000000000000000000002087239447ce4fcb8c6194c8941d287c,0xba0cab75495255d0cb58e22b648bfed4ecd1f47e,ETH,0x0000000000000000000000000000000000000000,uniswap,v4,0xf859508bcdc3616b5ea7d628a9841ee3cb6b870c53e1cfaba49e887b153aa12a,POOL_ID_BYTES32,THIRD_PARTY_DISCOVERY_ONLY,2737.01,241.33,https://dexscreener.com/robinhood/0xf859508bcdc3616b5ea7d628a9841ee3cb6b870c53e1cfaba49e887b153aa12a
SNOW,0x000000000000000000000000000000002087239447ce4fcb8c6194c8941d287c,0xba0cab75495255d0cb58e22b648bfed4ecd1f47e,USDG,0x5fc5360d0400a0fd4f2af552add042d716f1d168,uniswap,v4,0xfb7163afc1602ac8271d7a0af1cde5ad874744ec726b94b2fc0838589c378d89,POOL_ID_BYTES32,THIRD_PARTY_DISCOVERY_ONLY,11103.23,160.11,https://dexscreener.com/robinhood/0xfb7163afc1602ac8271d7a0af1cde5ad874744ec726b94b2fc0838589c378d89
SPCX,0x000000000000000000000000000000001aa9c9cc0bf34c5e95cfe7168463d310,0x4a0e65a3eccec6dbe60ae065f2e7bb85fae35eea,WETH,0x0bd7d308f8e1639fab988df18a8011f41eacad73,alandale,,0x1dc1ff0e15f95ebbe6f065b2bd08865cb5f8872c,CONTRACT_ADDRESS,THIRD_PARTY_DISCOVERY_ONLY,13865.61,11627.56,https://dexscreener.com/robinhood/0x1dc1ff0e15f95ebbe6f065b2bd08865cb5f8872c
SPCX,0x000000000000000000000000000000001aa9c9cc0bf34c5e95cfe7168463d310,0x4a0e65a3eccec6dbe60ae065f2e7bb85fae35eea,USDG,0x5fc5360d0400a0fd4f2af552add042d716f1d168,alandale,,0x8d38bc77fc35846b2ee6a59b97353044fa75d25f,CONTRACT_ADDRESS,THIRD_PARTY_DISCOVERY_ONLY,9000.46,4414.87,https://dexscreener.com/robinhood/0x8d38bc77fc35846b2ee6a59b97353044fa75d25f
SPCX,0x000000000000000000000000000000001aa9c9cc0bf34c5e95cfe7168463d310,0x4a0e65a3eccec6dbe60ae065f2e7bb85fae35eea,USDG,0x5fc5360d0400a0fd4f2af552add042d716f1d168,ramses,v3,0xad3d3b5fc95b34906172550fbf63f20b41b6cd29,CONTRACT_ADDRESS,THIRD_PARTY_DISCOVERY_ONLY,2462.45,6780.05,https://dexscreener.com/robinhood/0xad3d3b5fc95b34906172550fbf63f20b41b6cd29
SPCX,0x000000000000000000000000000000001aa9c9cc0bf34c5e95cfe7168463d310,0x4a0e65a3eccec6dbe60ae065f2e7bb85fae35eea,WETH,0x0bd7d308f8e1639fab988df18a8011f41eacad73,uniswap,v3,0xc3c9f0171490ef0f4536fe493f3b0ebb5ee0cb5e,CONTRACT_ADDRESS,MATCHED_CANONICAL_UNISWAP_FACTORY_RESULT,320166.19,8065928.14,https://dexscreener.com/robinhood/0xc3c9f0171490ef0f4536fe493f3b0ebb5ee0cb5e
SPCX,0x000000000000000000000000000000001aa9c9cc0bf34c5e95cfe7168463d310,0x4a0e65a3eccec6dbe60ae065f2e7bb85fae35eea,USDG,0x5fc5360d0400a0fd4f2af552add042d716f1d168,uniswap,v3,0xc61284332117c3fb23a2a56cceffd07f7af60029,CONTRACT_ADDRESS,MATCHED_CANONICAL_UNISWAP_FACTORY_RESULT,2338578.56,46546441.04,https://dexscreener.com/robinhood/0xc61284332117c3fb23a2a56cceffd07f7af60029
SPCX,0x000000000000000000000000000000001aa9c9cc0bf34c5e95cfe7168463d310,0x4a0e65a3eccec6dbe60ae065f2e7bb85fae35eea,USDG,0x5fc5360d0400a0fd4f2af552add042d716f1d168,uniswap,v3,0xeb07d9587efd1778dfb9c385ec43ef6d5f9fe401,CONTRACT_ADDRESS,MATCHED_CANONICAL_UNISWAP_FACTORY_RESULT,491238.85,754910.35,https://dexscreener.com/robinhood/0xeb07d9587efd1778dfb9c385ec43ef6d5f9fe401
SPCX,0x000000000000000000000000000000001aa9c9cc0bf34c5e95cfe7168463d310,0x4a0e65a3eccec6dbe60ae065f2e7bb85fae35eea,USDG,0x5fc5360d0400a0fd4f2af552add042d716f1d168,uniswap,v3,0xfbb32c09488e3fc33fe6fd84fe6ae442b4d13a31,CONTRACT_ADDRESS,MATCHED_CANONICAL_UNISWAP_FACTORY_RESULT,23363.13,3018.25,https://dexscreener.com/robinhood/0xfbb32c09488e3fc33fe6fd84fe6ae442b4d13a31
SPCX,0x000000000000000000000000000000001aa9c9cc0bf34c5e95cfe7168463d310,0x4a0e65a3eccec6dbe60ae065f2e7bb85fae35eea,USDG,0x5fc5360d0400a0fd4f2af552add042d716f1d168,uniswap,v4,0x16cee5fce8a062496ff085586f8ccb031f04a926cad4a1b12436b87701ad3d70,POOL_ID_BYTES32,THIRD_PARTY_DISCOVERY_ONLY,98431.86,16008.66,https://dexscreener.com/robinhood/0x16cee5fce8a062496ff085586f8ccb031f04a926cad4a1b12436b87701ad3d70
SPCX,0x000000000000000000000000000000001aa9c9cc0bf34c5e95cfe7168463d310,0x4a0e65a3eccec6dbe60ae065f2e7bb85fae35eea,USDG,0x5fc5360d0400a0fd4f2af552add042d716f1d168,uniswap,v4,0x2ad5c27b258ba6a9283b5f44efda1e4a2e0886656a89b239761637fb5b931870,POOL_ID_BYTES32,THIRD_PARTY_DISCOVERY_ONLY,40546.73,47235.01,https://dexscreener.com/robinhood/0x2ad5c27b258ba6a9283b5f44efda1e4a2e0886656a89b239761637fb5b931870
SPCX,0x000000000000000000000000000000001aa9c9cc0bf34c5e95cfe7168463d310,0x4a0e65a3eccec6dbe60ae065f2e7bb85fae35eea,ETH,0x0000000000000000000000000000000000000000,uniswap,v4,0x39910df82a4009ea98d01e9df0b9f1b5b01583cc62ea5889c6c8a8e41fbef470,POOL_ID_BYTES32,THIRD_PARTY_DISCOVERY_ONLY,51826.25,33874.19,https://dexscreener.com/robinhood/0x39910df82a4009ea98d01e9df0b9f1b5b01583cc62ea5889c6c8a8e41fbef470
SPCX,0x000000000000000000000000000000001aa9c9cc0bf34c5e95cfe7168463d310,0x4a0e65a3eccec6dbe60ae065f2e7bb85fae35eea,USDG,0x5fc5360d0400a0fd4f2af552add042d716f1d168,uniswap,v4,0x3fe27d9b64c824d959bf94cb8f2baa1c079690eb8a20ccb2adf45c0b70751794,POOL_ID_BYTES32,THIRD_PARTY_DISCOVERY_ONLY,129384.93,337.91,https://dexscreener.com/robinhood/0x3fe27d9b64c824d959bf94cb8f2baa1c079690eb8a20ccb2adf45c0b70751794
SPCX,0x000000000000000000000000000000001aa9c9cc0bf34c5e95cfe7168463d310,0x4a0e65a3eccec6dbe60ae065f2e7bb85fae35eea,USDG,0x5fc5360d0400a0fd4f2af552add042d716f1d168,uniswap,v4,0x4370ad23862eba75925327d13b88c6ac9f7d540b2103c6ee3b2a487a5e1f5e3a,POOL_ID_BYTES32,THIRD_PARTY_DISCOVERY_ONLY,1346.49,1599.54,https://dexscreener.com/robinhood/0x4370ad23862eba75925327d13b88c6ac9f7d540b2103c6ee3b2a487a5e1f5e3a
SPCX,0x000000000000000000000000000000001aa9c9cc0bf34c5e95cfe7168463d310,0x4a0e65a3eccec6dbe60ae065f2e7bb85fae35eea,USDG,0x5fc5360d0400a0fd4f2af552add042d716f1d168,uniswap,v4,0x45ae81df314f36d682cd46039afc9628f78e24c6733c6594adaba29f36f5c625,POOL_ID_BYTES32,THIRD_PARTY_DISCOVERY_ONLY,62478.8,17591.24,https://dexscreener.com/robinhood/0x45ae81df314f36d682cd46039afc9628f78e24c6733c6594adaba29f36f5c625
SPCX,0x000000000000000000000000000000001aa9c9cc0bf34c5e95cfe7168463d310,0x4a0e65a3eccec6dbe60ae065f2e7bb85fae35eea,ETH,0x0000000000000000000000000000000000000000,uniswap,v4,0x4c76de92e5fd61b6d8f719648aaaf1790e9a4478e67e62df5941d37e492e9491,POOL_ID_BYTES32,THIRD_PARTY_DISCOVERY_ONLY,1199.21,697.26,https://dexscreener.com/robinhood/0x4c76de92e5fd61b6d8f719648aaaf1790e9a4478e67e62df5941d37e492e9491
SPCX,0x000000000000000000000000000000001aa9c9cc0bf34c5e95cfe7168463d310,0x4a0e65a3eccec6dbe60ae065f2e7bb85fae35eea,ETH,0x0000000000000000000000000000000000000000,uniswap,v4,0x541942afd092e6c18ccd56bb3d9205f80a2adce77edf260c464c5f9919f37168,POOL_ID_BYTES32,THIRD_PARTY_DISCOVERY_ONLY,167721.72,655070.76,https://dexscreener.com/robinhood/0x541942afd092e6c18ccd56bb3d9205f80a2adce77edf260c464c5f9919f37168
SPCX,0x000000000000000000000000000000001aa9c9cc0bf34c5e95cfe7168463d310,0x4a0e65a3eccec6dbe60ae065f2e7bb85fae35eea,USDG,0x5fc5360d0400a0fd4f2af552add042d716f1d168,uniswap,v4,0x6edb8191dedaf7332397aa11691eb9e68368878c6f476168a4da097490aadc13,POOL_ID_BYTES32,THIRD_PARTY_DISCOVERY_ONLY,2342.78,415.23,https://dexscreener.com/robinhood/0x6edb8191dedaf7332397aa11691eb9e68368878c6f476168a4da097490aadc13
SPCX,0x000000000000000000000000000000001aa9c9cc0bf34c5e95cfe7168463d310,0x4a0e65a3eccec6dbe60ae065f2e7bb85fae35eea,USDG,0x5fc5360d0400a0fd4f2af552add042d716f1d168,uniswap,v4,0x79406f0aa1fb2c69c08bb933182276ef1b1e6f50582d3a7186702000e54b44df,POOL_ID_BYTES32,THIRD_PARTY_DISCOVERY_ONLY,1484.35,15.8,https://dexscreener.com/robinhood/0x79406f0aa1fb2c69c08bb933182276ef1b1e6f50582d3a7186702000e54b44df
SPCX,0x000000000000000000000000000000001aa9c9cc0bf34c5e95cfe7168463d310,0x4a0e65a3eccec6dbe60ae065f2e7bb85fae35eea,ETH,0x0000000000000000000000000000000000000000,uniswap,v4,0x7cf7a805185bce4766278dc4e4047fbc5d8e2bc8a33b3268270d43b86e10236b,POOL_ID_BYTES32,THIRD_PARTY_DISCOVERY_ONLY,3378.81,797.63,https://dexscreener.com/robinhood/0x7cf7a805185bce4766278dc4e4047fbc5d8e2bc8a33b3268270d43b86e10236b
SPCX,0x000000000000000000000000000000001aa9c9cc0bf34c5e95cfe7168463d310,0x4a0e65a3eccec6dbe60ae065f2e7bb85fae35eea,USDG,0x5fc5360d0400a0fd4f2af552add042d716f1d168,uniswap,v4,0x8567e70dbf639a618ba5eaf9402743452b93ca45c9bf8b97462407f07d7b7448,POOL_ID_BYTES32,THIRD_PARTY_DISCOVERY_ONLY,6617.54,38800.87,https://dexscreener.com/robinhood/0x8567e70dbf639a618ba5eaf9402743452b93ca45c9bf8b97462407f07d7b7448
SPCX,0x000000000000000000000000000000001aa9c9cc0bf34c5e95cfe7168463d310,0x4a0e65a3eccec6dbe60ae065f2e7bb85fae35eea,USDG,0x5fc5360d0400a0fd4f2af552add042d716f1d168,uniswap,v4,0x91c55e77c3220123e7dfc9d7dabd1e995f141294b9e40bf6b22d69345c47c48a,POOL_ID_BYTES32,THIRD_PARTY_DISCOVERY_ONLY,27219.96,77545.57,https://dexscreener.com/robinhood/0x91c55e77c3220123e7dfc9d7dabd1e995f141294b9e40bf6b22d69345c47c48a
SPCX,0x000000000000000000000000000000001aa9c9cc0bf34c5e95cfe7168463d310,0x4a0e65a3eccec6dbe60ae065f2e7bb85fae35eea,WETH,0x0bd7d308f8e1639fab988df18a8011f41eacad73,uniswap,v4,0x92b753ec0df1cbab74ba83e94dcc005631302ab4c81e311dc8e79f834d3180c6,POOL_ID_BYTES32,THIRD_PARTY_DISCOVERY_ONLY,1760.58,1701.91,https://dexscreener.com/robinhood/0x92b753ec0df1cbab74ba83e94dcc005631302ab4c81e311dc8e79f834d3180c6
SPCX,0x000000000000000000000000000000001aa9c9cc0bf34c5e95cfe7168463d310,0x4a0e65a3eccec6dbe60ae065f2e7bb85fae35eea,WETH,0x0bd7d308f8e1639fab988df18a8011f41eacad73,uniswap,v4,0x98f19386c3dabb78ddda7a0117a668dbb858ea3363c3b88aaf8f745f738a411e,POOL_ID_BYTES32,THIRD_PARTY_DISCOVERY_ONLY,40755.01,125278.49,https://dexscreener.com/robinhood/0x98f19386c3dabb78ddda7a0117a668dbb858ea3363c3b88aaf8f745f738a411e
SPCX,0x000000000000000000000000000000001aa9c9cc0bf34c5e95cfe7168463d310,0x4a0e65a3eccec6dbe60ae065f2e7bb85fae35eea,ETH,0x0000000000000000000000000000000000000000,uniswap,v4,0x9fe2815c9bbe42ddea34380092c97381d2dc758789388e0db1f5813ac436a650,POOL_ID_BYTES32,THIRD_PARTY_DISCOVERY_ONLY,870.41,921.58,https://dexscreener.com/robinhood/0x9fe2815c9bbe42ddea34380092c97381d2dc758789388e0db1f5813ac436a650
SPCX,0x000000000000000000000000000000001aa9c9cc0bf34c5e95cfe7168463d310,0x4a0e65a3eccec6dbe60ae065f2e7bb85fae35eea,USDG,0x5fc5360d0400a0fd4f2af552add042d716f1d168,uniswap,v4,0xcb6ffbcc84359535c2cc0a5688c0a76520ea6e0a4820fddd3ac8d7880e576370,POOL_ID_BYTES32,THIRD_PARTY_DISCOVERY_ONLY,2769270.75,1710357.39,https://dexscreener.com/robinhood/0xcb6ffbcc84359535c2cc0a5688c0a76520ea6e0a4820fddd3ac8d7880e576370
SPCX,0x000000000000000000000000000000001aa9c9cc0bf34c5e95cfe7168463d310,0x4a0e65a3eccec6dbe60ae065f2e7bb85fae35eea,USDG,0x5fc5360d0400a0fd4f2af552add042d716f1d168,uniswap,v4,0xdbd476102c84ca90d501b1330b11e9a6c092ab9a811a7f6a45b1d971872fab13,POOL_ID_BYTES32,THIRD_PARTY_DISCOVERY_ONLY,16851.75,8697.75,https://dexscreener.com/robinhood/0xdbd476102c84ca90d501b1330b11e9a6c092ab9a811a7f6a45b1d971872fab13
SPCX,0x000000000000000000000000000000001aa9c9cc0bf34c5e95cfe7168463d310,0x4a0e65a3eccec6dbe60ae065f2e7bb85fae35eea,ETH,0x0000000000000000000000000000000000000000,uniswap,v4,0xf2f167f1fcbfb68ab0639976321b8bc4172fa387109975708b35f3f341b18aba,POOL_ID_BYTES32,THIRD_PARTY_DISCOVERY_ONLY,1306.34,465.71,https://dexscreener.com/robinhood/0xf2f167f1fcbfb68ab0639976321b8bc4172fa387109975708b35f3f341b18aba
SPCX,0x000000000000000000000000000000001aa9c9cc0bf34c5e95cfe7168463d310,0x4a0e65a3eccec6dbe60ae065f2e7bb85fae35eea,USDG,0x5fc5360d0400a0fd4f2af552add042d716f1d168,up,v3,0x9d590437abaae12cf9fe0627caf4cfd633152599,CONTRACT_ADDRESS,THIRD_PARTY_DISCOVERY_ONLY,54207.89,3964806.82,https://dexscreener.com/robinhood/0x9d590437abaae12cf9fe0627caf4cfd633152599
SPY,0x000000000000000000000000000000001c6f27a62789417d8ed359ed3c2d3da1,0x117cc2133c37b721f49de2a7a74833232b3b4c0c,USDG,0x5fc5360d0400a0fd4f2af552add042d716f1d168,alandale,,0x05e146f995aa70d0bf8481ee3d27368a537a8e0d,CONTRACT_ADDRESS,THIRD_PARTY_DISCOVERY_ONLY,54615.26,110200.79,https://dexscreener.com/robinhood/0x05e146f995aa70d0bf8481ee3d27368a537a8e0d
SPY,0x000000000000000000000000000000001c6f27a62789417d8ed359ed3c2d3da1,0x117cc2133c37b721f49de2a7a74833232b3b4c0c,USDG,0x5fc5360d0400a0fd4f2af552add042d716f1d168,giga,v3,0xd89cac2dd5ce9f8d655d9f6e20eeed18efc9daef,CONTRACT_ADDRESS,THIRD_PARTY_DISCOVERY_ONLY,36720.84,4171089.47,https://dexscreener.com/robinhood/0xd89cac2dd5ce9f8d655d9f6e20eeed18efc9daef
SPY,0x000000000000000000000000000000001c6f27a62789417d8ed359ed3c2d3da1,0x117cc2133c37b721f49de2a7a74833232b3b4c0c,USDG,0x5fc5360d0400a0fd4f2af552add042d716f1d168,ramses,v3,0x38453c115607463ac284820ce959831042f3df4e,CONTRACT_ADDRESS,THIRD_PARTY_DISCOVERY_ONLY,689449.91,15925333.73,https://dexscreener.com/robinhood/0x38453c115607463ac284820ce959831042f3df4e
SPY,0x000000000000000000000000000000001c6f27a62789417d8ed359ed3c2d3da1,0x117cc2133c37b721f49de2a7a74833232b3b4c0c,WETH,0x0bd7d308f8e1639fab988df18a8011f41eacad73,ramses,v3,0x3e1afde90341f843c941ff4077d915bde3008c7e,CONTRACT_ADDRESS,THIRD_PARTY_DISCOVERY_ONLY,259832.72,5877578.58,https://dexscreener.com/robinhood/0x3e1afde90341f843c941ff4077d915bde3008c7e
SPY,0x000000000000000000000000000000001c6f27a62789417d8ed359ed3c2d3da1,0x117cc2133c37b721f49de2a7a74833232b3b4c0c,USDG,0x5fc5360d0400a0fd4f2af552add042d716f1d168,ramses,v3,0x47a2a145308d55eaa957920876ab626730eaf90b,CONTRACT_ADDRESS,THIRD_PARTY_DISCOVERY_ONLY,340527.96,571447.56,https://dexscreener.com/robinhood/0x47a2a145308d55eaa957920876ab626730eaf90b
SPY,0x000000000000000000000000000000001c6f27a62789417d8ed359ed3c2d3da1,0x117cc2133c37b721f49de2a7a74833232b3b4c0c,USDG,0x5fc5360d0400a0fd4f2af552add042d716f1d168,uniswap,v3,0xa43b424bc609495aed4bcd88d654934b510b0ad9,CONTRACT_ADDRESS,MATCHED_CANONICAL_UNISWAP_FACTORY_RESULT,25978.19,17666.88,https://dexscreener.com/robinhood/0xa43b424bc609495aed4bcd88d654934b510b0ad9
SPY,0x000000000000000000000000000000001c6f27a62789417d8ed359ed3c2d3da1,0x117cc2133c37b721f49de2a7a74833232b3b4c0c,USDG,0x5fc5360d0400a0fd4f2af552add042d716f1d168,uniswap,v3,0xa7bb1ac63bbab0c44316e6c8c455213441689167,CONTRACT_ADDRESS,MATCHED_CANONICAL_UNISWAP_FACTORY_RESULT,189544,1192133.8,https://dexscreener.com/robinhood/0xa7bb1ac63bbab0c44316e6c8c455213441689167
SPY,0x000000000000000000000000000000001c6f27a62789417d8ed359ed3c2d3da1,0x117cc2133c37b721f49de2a7a74833232b3b4c0c,WETH,0x0bd7d308f8e1639fab988df18a8011f41eacad73,uniswap,v3,0xddcbba3666f578e3f09516f21ff85bfee859ab5e,CONTRACT_ADDRESS,MATCHED_CANONICAL_UNISWAP_FACTORY_RESULT,1222186.74,21006148.64,https://dexscreener.com/robinhood/0xddcbba3666f578e3f09516f21ff85bfee859ab5e
SPY,0x000000000000000000000000000000001c6f27a62789417d8ed359ed3c2d3da1,0x117cc2133c37b721f49de2a7a74833232b3b4c0c,ETH,0x0000000000000000000000000000000000000000,uniswap,v4,0x509c6c6826ef06e0e29f24f18d9389533c52358a3b385d99a67a2afbb07f23c6,POOL_ID_BYTES32,THIRD_PARTY_DISCOVERY_ONLY,362866.96,294501.55,https://dexscreener.com/robinhood/0x509c6c6826ef06e0e29f24f18d9389533c52358a3b385d99a67a2afbb07f23c6
SPY,0x000000000000000000000000000000001c6f27a62789417d8ed359ed3c2d3da1,0x117cc2133c37b721f49de2a7a74833232b3b4c0c,ETH,0x0000000000000000000000000000000000000000,uniswap,v4,0x7d32bc830f40a330af8723b8bb50d4d6b0152297d659e9898e6a47b785686459,POOL_ID_BYTES32,THIRD_PARTY_DISCOVERY_ONLY,25696.36,17733.51,https://dexscreener.com/robinhood/0x7d32bc830f40a330af8723b8bb50d4d6b0152297d659e9898e6a47b785686459
SPY,0x000000000000000000000000000000001c6f27a62789417d8ed359ed3c2d3da1,0x117cc2133c37b721f49de2a7a74833232b3b4c0c,USDG,0x5fc5360d0400a0fd4f2af552add042d716f1d168,uniswap,v4,0x8674c1c5544f3c9563565b5d4bd5916701d90b3559b072acf7cef5b4fc5b8dcd,POOL_ID_BYTES32,THIRD_PARTY_DISCOVERY_ONLY,1570782.97,4570913.08,https://dexscreener.com/robinhood/0x8674c1c5544f3c9563565b5d4bd5916701d90b3559b072acf7cef5b4fc5b8dcd
SPY,0x000000000000000000000000000000001c6f27a62789417d8ed359ed3c2d3da1,0x117cc2133c37b721f49de2a7a74833232b3b4c0c,ETH,0x0000000000000000000000000000000000000000,uniswap,v4,0x9c62bb8da5a40b9dc4b3c70fb00659b99406f49928602776d02fb5a289db6a2a,POOL_ID_BYTES32,THIRD_PARTY_DISCOVERY_ONLY,28584.11,6146.56,https://dexscreener.com/robinhood/0x9c62bb8da5a40b9dc4b3c70fb00659b99406f49928602776d02fb5a289db6a2a
SPY,0x000000000000000000000000000000001c6f27a62789417d8ed359ed3c2d3da1,0x117cc2133c37b721f49de2a7a74833232b3b4c0c,USDG,0x5fc5360d0400a0fd4f2af552add042d716f1d168,uniswap,v4,0xcb410a0728986ba05737420556d5fe128ffd6739823cc92fc745d37bad4b313f,POOL_ID_BYTES32,THIRD_PARTY_DISCOVERY_ONLY,4820.2,28007.65,https://dexscreener.com/robinhood/0xcb410a0728986ba05737420556d5fe128ffd6739823cc92fc745d37bad4b313f
SPY,0x000000000000000000000000000000001c6f27a62789417d8ed359ed3c2d3da1,0x117cc2133c37b721f49de2a7a74833232b3b4c0c,USDG,0x5fc5360d0400a0fd4f2af552add042d716f1d168,uniswap,v4,0xe5923c8a8be481ec89a2ca784a2bbfa4235de6d88f92260fd66b660c4babf907,POOL_ID_BYTES32,THIRD_PARTY_DISCOVERY_ONLY,1282918.24,2248312.45,https://dexscreener.com/robinhood/0xe5923c8a8be481ec89a2ca784a2bbfa4235de6d88f92260fd66b660c4babf907
SPY,0x000000000000000000000000000000001c6f27a62789417d8ed359ed3c2d3da1,0x117cc2133c37b721f49de2a7a74833232b3b4c0c,ETH,0x0000000000000000000000000000000000000000,uniswap,v4,0xeac79c4caa4ee8a29b2f3e8858a3dd433f84127aad50a356be1fcb5caab89b06,POOL_ID_BYTES32,THIRD_PARTY_DISCOVERY_ONLY,1455.01,1448.86,https://dexscreener.com/robinhood/0xeac79c4caa4ee8a29b2f3e8858a3dd433f84127aad50a356be1fcb5caab89b06
SPY,0x000000000000000000000000000000001c6f27a62789417d8ed359ed3c2d3da1,0x117cc2133c37b721f49de2a7a74833232b3b4c0c,USDG,0x5fc5360d0400a0fd4f2af552add042d716f1d168,uniswap,v4,0xfe2a80bb5618fd14984b92ca6d45bf5ba67443ddb1435e28b2e48df2fc1526cd,POOL_ID_BYTES32,THIRD_PARTY_DISCOVERY_ONLY,6416359.39,5017086.91,https://dexscreener.com/robinhood/0xfe2a80bb5618fd14984b92ca6d45bf5ba67443ddb1435e28b2e48df2fc1526cd
SPY,0x000000000000000000000000000000001c6f27a62789417d8ed359ed3c2d3da1,0x117cc2133c37b721f49de2a7a74833232b3b4c0c,USDG,0x5fc5360d0400a0fd4f2af552add042d716f1d168,up,v3,0x5ad1a528cd9de3962cb6c75ff250e434887479c1,CONTRACT_ADDRESS,THIRD_PARTY_DISCOVERY_ONLY,163418.49,3476754.06,https://dexscreener.com/robinhood/0x5ad1a528cd9de3962cb6c75ff250e434887479c1
SPY,0x000000000000000000000000000000001c6f27a62789417d8ed359ed3c2d3da1,0x117cc2133c37b721f49de2a7a74833232b3b4c0c,USDG,0x5fc5360d0400a0fd4f2af552add042d716f1d168,up,v3,0xe3df064f681e04d61d5ccb210add21225b2fd449,CONTRACT_ADDRESS,THIRD_PARTY_DISCOVERY_ONLY,40138.97,6274,https://dexscreener.com/robinhood/0xe3df064f681e04d61d5ccb210add21225b2fd449
TEAM,0x0000000000000000000000000000000007a456595d454eafba36fa1fb508973e,0x5b97476b922f3305131b8f0b9d333172e87f4aae,ETH,0x0000000000000000000000000000000000000000,uniswap,v4,0x29eec7b9315ec3af9cf1ba669b7cdb53d7a0d5996cefed500fd5ba7e05152db9,POOL_ID_BYTES32,THIRD_PARTY_DISCOVERY_ONLY,2383.15,27.25,https://dexscreener.com/robinhood/0x29eec7b9315ec3af9cf1ba669b7cdb53d7a0d5996cefed500fd5ba7e05152db9
TEAM,0x0000000000000000000000000000000007a456595d454eafba36fa1fb508973e,0x5b97476b922f3305131b8f0b9d333172e87f4aae,ETH,0x0000000000000000000000000000000000000000,uniswap,v4,0x431f92923c548f6ea4d7c9837b7105eabb8d81e4712637b0552a029375b23685,POOL_ID_BYTES32,THIRD_PARTY_DISCOVERY_ONLY,3725.9,29.99,https://dexscreener.com/robinhood/0x431f92923c548f6ea4d7c9837b7105eabb8d81e4712637b0552a029375b23685
TEAM,0x0000000000000000000000000000000007a456595d454eafba36fa1fb508973e,0x5b97476b922f3305131b8f0b9d333172e87f4aae,USDG,0x5fc5360d0400a0fd4f2af552add042d716f1d168,uniswap,v4,0x432e417b7d855d9ba9a87131585c18350bf89eb40cfc83e8f28d7ec4b0efde42,POOL_ID_BYTES32,THIRD_PARTY_DISCOVERY_ONLY,5010.26,2164.99,https://dexscreener.com/robinhood/0x432e417b7d855d9ba9a87131585c18350bf89eb40cfc83e8f28d7ec4b0efde42
TEAM,0x0000000000000000000000000000000007a456595d454eafba36fa1fb508973e,0x5b97476b922f3305131b8f0b9d333172e87f4aae,USDG,0x5fc5360d0400a0fd4f2af552add042d716f1d168,uniswap,v4,0x4bf9875fadb97587b41d2f66b9c0e1e95dbcaa2cf1751673060ab07a906aaff9,POOL_ID_BYTES32,THIRD_PARTY_DISCOVERY_ONLY,7528.45,127.72,https://dexscreener.com/robinhood/0x4bf9875fadb97587b41d2f66b9c0e1e95dbcaa2cf1751673060ab07a906aaff9
TEAM,0x0000000000000000000000000000000007a456595d454eafba36fa1fb508973e,0x5b97476b922f3305131b8f0b9d333172e87f4aae,ETH,0x0000000000000000000000000000000000000000,uniswap,v4,0x5a9c42d1ab2d99b55283e9262a7589bc09728dfb8d4bc9759eff08def4d90db1,POOL_ID_BYTES32,THIRD_PARTY_DISCOVERY_ONLY,17691.77,204.18,https://dexscreener.com/robinhood/0x5a9c42d1ab2d99b55283e9262a7589bc09728dfb8d4bc9759eff08def4d90db1
TEAM,0x0000000000000000000000000000000007a456595d454eafba36fa1fb508973e,0x5b97476b922f3305131b8f0b9d333172e87f4aae,USDG,0x5fc5360d0400a0fd4f2af552add042d716f1d168,uniswap,v4,0x674a409ce08d47d75a1c70b6ed89eedd354c40e887537acb160a06528b6a7ec7,POOL_ID_BYTES32,THIRD_PARTY_DISCOVERY_ONLY,5128.3,133.25,https://dexscreener.com/robinhood/0x674a409ce08d47d75a1c70b6ed89eedd354c40e887537acb160a06528b6a7ec7
TEAM,0x0000000000000000000000000000000007a456595d454eafba36fa1fb508973e,0x5b97476b922f3305131b8f0b9d333172e87f4aae,USDG,0x5fc5360d0400a0fd4f2af552add042d716f1d168,uniswap,v4,0xd5737438b066db949f704438d480645ae108f1994f53c41c12120e4da71d85fb,POOL_ID_BYTES32,THIRD_PARTY_DISCOVERY_ONLY,998.69,70.02,https://dexscreener.com/robinhood/0xd5737438b066db949f704438d480645ae108f1994f53c41c12120e4da71d85fb
TEM,0x000000000000000000000000000000006ae9a2c6d30a4d379e93169d2441876b,0xb1cc0ec7db69cf43539119814df40071b9d61793,ETH,0x0000000000000000000000000000000000000000,uniswap,v4,0x4107d34d7fd8a5eed18d5f44e470c792aa88793176f49f424995c18a457f9648,POOL_ID_BYTES32,THIRD_PARTY_DISCOVERY_ONLY,512.97,2.03,https://dexscreener.com/robinhood/0x4107d34d7fd8a5eed18d5f44e470c792aa88793176f49f424995c18a457f9648
TEM,0x000000000000000000000000000000006ae9a2c6d30a4d379e93169d2441876b,0xb1cc0ec7db69cf43539119814df40071b9d61793,ETH,0x0000000000000000000000000000000000000000,uniswap,v4,0xb1e9c5e44b64a20de86f0a73b201eae07db49adbf9d3fd2a84971f4caab2dfa0,POOL_ID_BYTES32,THIRD_PARTY_DISCOVERY_ONLY,7787.99,167.86,https://dexscreener.com/robinhood/0xb1e9c5e44b64a20de86f0a73b201eae07db49adbf9d3fd2a84971f4caab2dfa0
TEM,0x000000000000000000000000000000006ae9a2c6d30a4d379e93169d2441876b,0xb1cc0ec7db69cf43539119814df40071b9d61793,USDG,0x5fc5360d0400a0fd4f2af552add042d716f1d168,uniswap,v4,0xccd2ebe9b4fb86c2f9104a24db831b9d3965736c2a295c746f708d6eb36d59e9,POOL_ID_BYTES32,THIRD_PARTY_DISCOVERY_ONLY,557.44,42.05,https://dexscreener.com/robinhood/0xccd2ebe9b4fb86c2f9104a24db831b9d3965736c2a295c746f708d6eb36d59e9
TEM,0x000000000000000000000000000000006ae9a2c6d30a4d379e93169d2441876b,0xb1cc0ec7db69cf43539119814df40071b9d61793,USDG,0x5fc5360d0400a0fd4f2af552add042d716f1d168,uniswap,v4,0xcf2605e1d19103efa0445216057b6432686c1ef305cf2573cfa887b090b22bfe,POOL_ID_BYTES32,THIRD_PARTY_DISCOVERY_ONLY,3179.27,210.87,https://dexscreener.com/robinhood/0xcf2605e1d19103efa0445216057b6432686c1ef305cf2573cfa887b090b22bfe
TER,0x000000000000000000000000000000007dadfeb7f65f49fb9fb1bc94bbbf2d1e,0x2778c5024d5ca2cdb0f8ead671ffc69963adcd9c,ETH,0x0000000000000000000000000000000000000000,uniswap,v4,0x298537e162da81736302f458105254479415f57c2f0aafddc78474e1bbb0d9a7,POOL_ID_BYTES32,THIRD_PARTY_DISCOVERY_ONLY,2088.73,13.44,https://dexscreener.com/robinhood/0x298537e162da81736302f458105254479415f57c2f0aafddc78474e1bbb0d9a7
TER,0x000000000000000000000000000000007dadfeb7f65f49fb9fb1bc94bbbf2d1e,0x2778c5024d5ca2cdb0f8ead671ffc69963adcd9c,ETH,0x0000000000000000000000000000000000000000,uniswap,v4,0x6b4812010ce7b82aaa30af7baf7b41ec587ae544c47b239c4cee458cb002f8cb,POOL_ID_BYTES32,THIRD_PARTY_DISCOVERY_ONLY,17840.14,1331.12,https://dexscreener.com/robinhood/0x6b4812010ce7b82aaa30af7baf7b41ec587ae544c47b239c4cee458cb002f8cb
TER,0x000000000000000000000000000000007dadfeb7f65f49fb9fb1bc94bbbf2d1e,0x2778c5024d5ca2cdb0f8ead671ffc69963adcd9c,ETH,0x0000000000000000000000000000000000000000,uniswap,v4,0x763a294d19942a0203538370150a85cf75dc5d3ca1ae3670205143e8d5b106b4,POOL_ID_BYTES32,THIRD_PARTY_DISCOVERY_ONLY,2452.07,80.13,https://dexscreener.com/robinhood/0x763a294d19942a0203538370150a85cf75dc5d3ca1ae3670205143e8d5b106b4
TER,0x000000000000000000000000000000007dadfeb7f65f49fb9fb1bc94bbbf2d1e,0x2778c5024d5ca2cdb0f8ead671ffc69963adcd9c,USDG,0x5fc5360d0400a0fd4f2af552add042d716f1d168,uniswap,v4,0x93824bb424bc2770a14c76618ca68520bf12fe7f616420059984548173ac94e8,POOL_ID_BYTES32,THIRD_PARTY_DISCOVERY_ONLY,3484.98,8.92,https://dexscreener.com/robinhood/0x93824bb424bc2770a14c76618ca68520bf12fe7f616420059984548173ac94e8
TER,0x000000000000000000000000000000007dadfeb7f65f49fb9fb1bc94bbbf2d1e,0x2778c5024d5ca2cdb0f8ead671ffc69963adcd9c,USDG,0x5fc5360d0400a0fd4f2af552add042d716f1d168,uniswap,v4,0x9ef35e6df73d51225f2a5fc8a9257779fcffce6005cffdd47f89edcfe3bf11b7,POOL_ID_BYTES32,THIRD_PARTY_DISCOVERY_ONLY,7052.33,12774.77,https://dexscreener.com/robinhood/0x9ef35e6df73d51225f2a5fc8a9257779fcffce6005cffdd47f89edcfe3bf11b7
TER,0x000000000000000000000000000000007dadfeb7f65f49fb9fb1bc94bbbf2d1e,0x2778c5024d5ca2cdb0f8ead671ffc69963adcd9c,USDG,0x5fc5360d0400a0fd4f2af552add042d716f1d168,uniswap,v4,0xa2c1fec32583d7725c2af5ab1d708b422105f7a47142ed3f8aea21daf9b5e278,POOL_ID_BYTES32,THIRD_PARTY_DISCOVERY_ONLY,474.13,2.96,https://dexscreener.com/robinhood/0xa2c1fec32583d7725c2af5ab1d708b422105f7a47142ed3f8aea21daf9b5e278
TER,0x000000000000000000000000000000007dadfeb7f65f49fb9fb1bc94bbbf2d1e,0x2778c5024d5ca2cdb0f8ead671ffc69963adcd9c,USDG,0x5fc5360d0400a0fd4f2af552add042d716f1d168,uniswap,v4,0xa9c4af127e8606a28bd125b0accb515ed4a6315d95ca366ccd23777de13b937f,POOL_ID_BYTES32,THIRD_PARTY_DISCOVERY_ONLY,3466.31,22787.89,https://dexscreener.com/robinhood/0xa9c4af127e8606a28bd125b0accb515ed4a6315d95ca366ccd23777de13b937f
TER,0x000000000000000000000000000000007dadfeb7f65f49fb9fb1bc94bbbf2d1e,0x2778c5024d5ca2cdb0f8ead671ffc69963adcd9c,USDG,0x5fc5360d0400a0fd4f2af552add042d716f1d168,uniswap,v4,0xabae74f2df8f5344edbfe344f414042ee019815253858827ce2c059464d88976,POOL_ID_BYTES32,THIRD_PARTY_DISCOVERY_ONLY,9074.84,1480.22,https://dexscreener.com/robinhood/0xabae74f2df8f5344edbfe344f414042ee019815253858827ce2c059464d88976
TSEM,0x0000000000000000000000000000000036e64f28008640f9ab10ed949faf23b2,0x89776d4cd68193597a2fc132cfac1fde36ccea8a,USDG,0x5fc5360d0400a0fd4f2af552add042d716f1d168,uniswap,v4,0x2b68f0e94e0a99ead0aae59179a56afbf80368518c557707c6eea4956462d44d,POOL_ID_BYTES32,THIRD_PARTY_DISCOVERY_ONLY,5216.93,2422.31,https://dexscreener.com/robinhood/0x2b68f0e94e0a99ead0aae59179a56afbf80368518c557707c6eea4956462d44d
TSEM,0x0000000000000000000000000000000036e64f28008640f9ab10ed949faf23b2,0x89776d4cd68193597a2fc132cfac1fde36ccea8a,ETH,0x0000000000000000000000000000000000000000,uniswap,v4,0x317a59ec57393dbda7bed86b27b768b1e97f132bd5ac883344611832ac42d895,POOL_ID_BYTES32,THIRD_PARTY_DISCOVERY_ONLY,11591.61,652.28,https://dexscreener.com/robinhood/0x317a59ec57393dbda7bed86b27b768b1e97f132bd5ac883344611832ac42d895
TSEM,0x0000000000000000000000000000000036e64f28008640f9ab10ed949faf23b2,0x89776d4cd68193597a2fc132cfac1fde36ccea8a,USDG,0x5fc5360d0400a0fd4f2af552add042d716f1d168,uniswap,v4,0x670a1d29e3b14ba41039da2a1fb9ddb3e58d5af5eecc7f5d943046df94742260,POOL_ID_BYTES32,THIRD_PARTY_DISCOVERY_ONLY,5506.4,163.41,https://dexscreener.com/robinhood/0x670a1d29e3b14ba41039da2a1fb9ddb3e58d5af5eecc7f5d943046df94742260
TSM,0x000000000000000000000000000000002e890a0884474abd86ba66b19722e827,0x58ffe4a942d3885baa22d7520691f611ef09e7aa,USDG,0x5fc5360d0400a0fd4f2af552add042d716f1d168,uniswap,v3,0x07e8ea83d4c1340774c8965125e26e12bf943bf1,CONTRACT_ADDRESS,MATCHED_CANONICAL_UNISWAP_FACTORY_RESULT,129468.78,272943.59,https://dexscreener.com/robinhood/0x07e8ea83d4c1340774c8965125e26e12bf943bf1
TSM,0x000000000000000000000000000000002e890a0884474abd86ba66b19722e827,0x58ffe4a942d3885baa22d7520691f611ef09e7aa,WETH,0x0bd7d308f8e1639fab988df18a8011f41eacad73,uniswap,v3,0x91280db3392ea92c08d8134b5760fb4798b69547,CONTRACT_ADDRESS,MATCHED_CANONICAL_UNISWAP_FACTORY_RESULT,16328.22,149344.86,https://dexscreener.com/robinhood/0x91280db3392ea92c08d8134b5760fb4798b69547
TSM,0x000000000000000000000000000000002e890a0884474abd86ba66b19722e827,0x58ffe4a942d3885baa22d7520691f611ef09e7aa,USDG,0x5fc5360d0400a0fd4f2af552add042d716f1d168,uniswap,v4,0x0ba5d53d2f6255f334b7c8ead4f56b6aef5af3402c5e4d11180afd38c6b85fb1,POOL_ID_BYTES32,THIRD_PARTY_DISCOVERY_ONLY,428634.7,1566963.6,https://dexscreener.com/robinhood/0x0ba5d53d2f6255f334b7c8ead4f56b6aef5af3402c5e4d11180afd38c6b85fb1
TSM,0x000000000000000000000000000000002e890a0884474abd86ba66b19722e827,0x58ffe4a942d3885baa22d7520691f611ef09e7aa,ETH,0x0000000000000000000000000000000000000000,uniswap,v4,0x1264442c8fb7cded98dd6fa226d0adcd16fff538c03b3b9bf10cadc8ab1283a0,POOL_ID_BYTES32,THIRD_PARTY_DISCOVERY_ONLY,45147.51,3589.19,https://dexscreener.com/robinhood/0x1264442c8fb7cded98dd6fa226d0adcd16fff538c03b3b9bf10cadc8ab1283a0
TSM,0x000000000000000000000000000000002e890a0884474abd86ba66b19722e827,0x58ffe4a942d3885baa22d7520691f611ef09e7aa,ETH,0x0000000000000000000000000000000000000000,uniswap,v4,0x1d018cdec59d7f49533c0fad1ab31c3d2d02b93b07c5453add2f54081abff942,POOL_ID_BYTES32,THIRD_PARTY_DISCOVERY_ONLY,0,30.05,https://dexscreener.com/robinhood/0x1d018cdec59d7f49533c0fad1ab31c3d2d02b93b07c5453add2f54081abff942
TSM,0x000000000000000000000000000000002e890a0884474abd86ba66b19722e827,0x58ffe4a942d3885baa22d7520691f611ef09e7aa,USDG,0x5fc5360d0400a0fd4f2af552add042d716f1d168,uniswap,v4,0x43ac7539e7bf638e116d08360a051b8146c0fdf69ca06de8eedc3d04c0549cbd,POOL_ID_BYTES32,THIRD_PARTY_DISCOVERY_ONLY,59044.53,390591.46,https://dexscreener.com/robinhood/0x43ac7539e7bf638e116d08360a051b8146c0fdf69ca06de8eedc3d04c0549cbd
TSM,0x000000000000000000000000000000002e890a0884474abd86ba66b19722e827,0x58ffe4a942d3885baa22d7520691f611ef09e7aa,USDG,0x5fc5360d0400a0fd4f2af552add042d716f1d168,uniswap,v4,0x56874129af3c358d3759af9d19944bdc5981bdb7af6754930cbe2f06e883262b,POOL_ID_BYTES32,THIRD_PARTY_DISCOVERY_ONLY,462.86,471.06,https://dexscreener.com/robinhood/0x56874129af3c358d3759af9d19944bdc5981bdb7af6754930cbe2f06e883262b
TSM,0x000000000000000000000000000000002e890a0884474abd86ba66b19722e827,0x58ffe4a942d3885baa22d7520691f611ef09e7aa,USDG,0x5fc5360d0400a0fd4f2af552add042d716f1d168,uniswap,v4,0x6933e062afeecc1c66ca0a9d7e269f9bfafb057bdb8f9d971426a977a2385a15,POOL_ID_BYTES32,THIRD_PARTY_DISCOVERY_ONLY,12079.43,86987.05,https://dexscreener.com/robinhood/0x6933e062afeecc1c66ca0a9d7e269f9bfafb057bdb8f9d971426a977a2385a15
TSM,0x000000000000000000000000000000002e890a0884474abd86ba66b19722e827,0x58ffe4a942d3885baa22d7520691f611ef09e7aa,USDG,0x5fc5360d0400a0fd4f2af552add042d716f1d168,uniswap,v4,0x78f4dd7dec56c8af7792cc288cca7b917ed9f759acc6dbd68394d24aa956e955,POOL_ID_BYTES32,THIRD_PARTY_DISCOVERY_ONLY,10563.51,19235.43,https://dexscreener.com/robinhood/0x78f4dd7dec56c8af7792cc288cca7b917ed9f759acc6dbd68394d24aa956e955
TSM,0x000000000000000000000000000000002e890a0884474abd86ba66b19722e827,0x58ffe4a942d3885baa22d7520691f611ef09e7aa,USDG,0x5fc5360d0400a0fd4f2af552add042d716f1d168,uniswap,v4,0x7a048023759fe387c1e311e29a2354f3cbdfbe51324aafa88eec495d3af798b1,POOL_ID_BYTES32,THIRD_PARTY_DISCOVERY_ONLY,4958.67,1192.2,https://dexscreener.com/robinhood/0x7a048023759fe387c1e311e29a2354f3cbdfbe51324aafa88eec495d3af798b1
TSM,0x000000000000000000000000000000002e890a0884474abd86ba66b19722e827,0x58ffe4a942d3885baa22d7520691f611ef09e7aa,USDG,0x5fc5360d0400a0fd4f2af552add042d716f1d168,uniswap,v4,0x8055fe6b3c4079318536e2d1c13d32bffc82bc554e0a7619b9ed571cd3ba3eb1,POOL_ID_BYTES32,THIRD_PARTY_DISCOVERY_ONLY,22322.39,104963.02,https://dexscreener.com/robinhood/0x8055fe6b3c4079318536e2d1c13d32bffc82bc554e0a7619b9ed571cd3ba3eb1
TSM,0x000000000000000000000000000000002e890a0884474abd86ba66b19722e827,0x58ffe4a942d3885baa22d7520691f611ef09e7aa,USDG,0x5fc5360d0400a0fd4f2af552add042d716f1d168,uniswap,v4,0x9e6743769cf8bf9f03693e69dc201cd871f9ee033290efd7f92fcc2136b6e3ab,POOL_ID_BYTES32,THIRD_PARTY_DISCOVERY_ONLY,69674.66,30341.66,https://dexscreener.com/robinhood/0x9e6743769cf8bf9f03693e69dc201cd871f9ee033290efd7f92fcc2136b6e3ab
TSM,0x000000000000000000000000000000002e890a0884474abd86ba66b19722e827,0x58ffe4a942d3885baa22d7520691f611ef09e7aa,USDG,0x5fc5360d0400a0fd4f2af552add042d716f1d168,uniswap,v4,0xaa26502f1d02e2047fe5301fb7aa13b55baca0d9e357948f9a5b13e2f00b9d89,POOL_ID_BYTES32,THIRD_PARTY_DISCOVERY_ONLY,18.31,1.25,https://dexscreener.com/robinhood/0xaa26502f1d02e2047fe5301fb7aa13b55baca0d9e357948f9a5b13e2f00b9d89
TSM,0x000000000000000000000000000000002e890a0884474abd86ba66b19722e827,0x58ffe4a942d3885baa22d7520691f611ef09e7aa,ETH,0x0000000000000000000000000000000000000000,uniswap,v4,0xaceab012b4c9c9961d8e6fd65d0ffd466064115b0732a851403ade96644aec4d,POOL_ID_BYTES32,THIRD_PARTY_DISCOVERY_ONLY,4139.91,90.1,https://dexscreener.com/robinhood/0xaceab012b4c9c9961d8e6fd65d0ffd466064115b0732a851403ade96644aec4d
TSM,0x000000000000000000000000000000002e890a0884474abd86ba66b19722e827,0x58ffe4a942d3885baa22d7520691f611ef09e7aa,ETH,0x0000000000000000000000000000000000000000,uniswap,v4,0xbf042c2793d3445143afe84eaa2336793a9c0bd1419b6ea968c192d791b5c3af,POOL_ID_BYTES32,THIRD_PARTY_DISCOVERY_ONLY,35.92,0.75,https://dexscreener.com/robinhood/0xbf042c2793d3445143afe84eaa2336793a9c0bd1419b6ea968c192d791b5c3af
TSM,0x000000000000000000000000000000002e890a0884474abd86ba66b19722e827,0x58ffe4a942d3885baa22d7520691f611ef09e7aa,USDG,0x5fc5360d0400a0fd4f2af552add042d716f1d168,uniswap,v4,0xd801072625f911a198b45ad51a7454d5d37ead5d6fc1e977b468f72cc024d39d,POOL_ID_BYTES32,THIRD_PARTY_DISCOVERY_ONLY,37917.27,351233.04,https://dexscreener.com/robinhood/0xd801072625f911a198b45ad51a7454d5d37ead5d6fc1e977b468f72cc024d39d
TSM,0x000000000000000000000000000000002e890a0884474abd86ba66b19722e827,0x58ffe4a942d3885baa22d7520691f611ef09e7aa,ETH,0x0000000000000000000000000000000000000000,uniswap,v4,0xfa4ef8d367ae464b6ab7ebed3f11debd00f8d3e34e36ae8fe0a3841e83fa5147,POOL_ID_BYTES32,THIRD_PARTY_DISCOVERY_ONLY,1749.02,2.52,https://dexscreener.com/robinhood/0xfa4ef8d367ae464b6ab7ebed3f11debd00f8d3e34e36ae8fe0a3841e83fa5147
TTWO,0x0000000000000000000000000000000032d0504fcc1a48ff8ac9b29185578559,0x5e81213613b6b86eab4c6c50d718d34359459786,USDG,0x5fc5360d0400a0fd4f2af552add042d716f1d168,giga,v3,0x8ab1c91bf891d4af35fb2603f8def72ee0fb03de,CONTRACT_ADDRESS,THIRD_PARTY_DISCOVERY_ONLY,60.83,2.13,https://dexscreener.com/robinhood/0x8ab1c91bf891d4af35fb2603f8def72ee0fb03de
TTWO,0x0000000000000000000000000000000032d0504fcc1a48ff8ac9b29185578559,0x5e81213613b6b86eab4c6c50d718d34359459786,USDG,0x5fc5360d0400a0fd4f2af552add042d716f1d168,giga,v3,0xb6e0473e6fb4a79ce028c5430b0fc91b71c45ab4,CONTRACT_ADDRESS,THIRD_PARTY_DISCOVERY_ONLY,33835.19,647098.67,https://dexscreener.com/robinhood/0xb6e0473e6fb4a79ce028c5430b0fc91b71c45ab4
TTWO,0x0000000000000000000000000000000032d0504fcc1a48ff8ac9b29185578559,0x5e81213613b6b86eab4c6c50d718d34359459786,USDG,0x5fc5360d0400a0fd4f2af552add042d716f1d168,ramses,v3,0x445016b5b50f836684227ea6b46571672236eefb,CONTRACT_ADDRESS,THIRD_PARTY_DISCOVERY_ONLY,12439.77,139393.29,https://dexscreener.com/robinhood/0x445016b5b50f836684227ea6b46571672236eefb
TTWO,0x0000000000000000000000000000000032d0504fcc1a48ff8ac9b29185578559,0x5e81213613b6b86eab4c6c50d718d34359459786,USDG,0x5fc5360d0400a0fd4f2af552add042d716f1d168,uniswap,v3,0xd715802a12a73ceafe7579912a28d65d2ab5cc57,CONTRACT_ADDRESS,MATCHED_CANONICAL_UNISWAP_FACTORY_RESULT,377.53,1305.75,https://dexscreener.com/robinhood/0xd715802a12a73ceafe7579912a28d65d2ab5cc57
TTWO,0x0000000000000000000000000000000032d0504fcc1a48ff8ac9b29185578559,0x5e81213613b6b86eab4c6c50d718d34359459786,USDG,0x5fc5360d0400a0fd4f2af552add042d716f1d168,uniswap,v3,0xd9ab4b7fae6dc2f7020134ec744a8f53ef3e5e24,CONTRACT_ADDRESS,MATCHED_CANONICAL_UNISWAP_FACTORY_RESULT,645192.09,6337359.93,https://dexscreener.com/robinhood/0xd9ab4b7fae6dc2f7020134ec744a8f53ef3e5e24
TTWO,0x0000000000000000000000000000000032d0504fcc1a48ff8ac9b29185578559,0x5e81213613b6b86eab4c6c50d718d34359459786,USDG,0x5fc5360d0400a0fd4f2af552add042d716f1d168,uniswap,v4,0x056dbf9e55b6480a8b8134a318c96e59424a6533c935e36ee04d8a6a751a91c1,POOL_ID_BYTES32,THIRD_PARTY_DISCOVERY_ONLY,324.46,133.77,https://dexscreener.com/robinhood/0x056dbf9e55b6480a8b8134a318c96e59424a6533c935e36ee04d8a6a751a91c1
TTWO,0x0000000000000000000000000000000032d0504fcc1a48ff8ac9b29185578559,0x5e81213613b6b86eab4c6c50d718d34359459786,USDG,0x5fc5360d0400a0fd4f2af552add042d716f1d168,uniswap,v4,0x131e6ebeeedb524a1e7590aa3eea3bc8782b5425a78d5128c0ca955190d0ea69,POOL_ID_BYTES32,THIRD_PARTY_DISCOVERY_ONLY,10174.03,5794.31,https://dexscreener.com/robinhood/0x131e6ebeeedb524a1e7590aa3eea3bc8782b5425a78d5128c0ca955190d0ea69
TTWO,0x0000000000000000000000000000000032d0504fcc1a48ff8ac9b29185578559,0x5e81213613b6b86eab4c6c50d718d34359459786,USDG,0x5fc5360d0400a0fd4f2af552add042d716f1d168,uniswap,v4,0x2cc437d14e64710c9f1ef8588e9c9cf1cbdea1da8fafe785307ddad79f86799a,POOL_ID_BYTES32,THIRD_PARTY_DISCOVERY_ONLY,2778.59,309.64,https://dexscreener.com/robinhood/0x2cc437d14e64710c9f1ef8588e9c9cf1cbdea1da8fafe785307ddad79f86799a
TTWO,0x0000000000000000000000000000000032d0504fcc1a48ff8ac9b29185578559,0x5e81213613b6b86eab4c6c50d718d34359459786,ETH,0x0000000000000000000000000000000000000000,uniswap,v4,0x377b04c6efe045bbf4df453d5cbdc2cfe5c5634a9a8699cfa089c826150cd0be,POOL_ID_BYTES32,THIRD_PARTY_DISCOVERY_ONLY,4390.91,10948.84,https://dexscreener.com/robinhood/0x377b04c6efe045bbf4df453d5cbdc2cfe5c5634a9a8699cfa089c826150cd0be
TTWO,0x0000000000000000000000000000000032d0504fcc1a48ff8ac9b29185578559,0x5e81213613b6b86eab4c6c50d718d34359459786,USDG,0x5fc5360d0400a0fd4f2af552add042d716f1d168,uniswap,v4,0x4d16531510f8fa593dbcf0d0828754d76dd280f26edc70b2c8771810248d35a7,POOL_ID_BYTES32,THIRD_PARTY_DISCOVERY_ONLY,258.54,240.77,https://dexscreener.com/robinhood/0x4d16531510f8fa593dbcf0d0828754d76dd280f26edc70b2c8771810248d35a7
TTWO,0x0000000000000000000000000000000032d0504fcc1a48ff8ac9b29185578559,0x5e81213613b6b86eab4c6c50d718d34359459786,USDG,0x5fc5360d0400a0fd4f2af552add042d716f1d168,uniswap,v4,0x54dcbd4ee00d934be265392844d720baf9f3cddf2fa61501f09bfc89459fc569,POOL_ID_BYTES32,THIRD_PARTY_DISCOVERY_ONLY,2637.78,6625.08,https://dexscreener.com/robinhood/0x54dcbd4ee00d934be265392844d720baf9f3cddf2fa61501f09bfc89459fc569
TTWO,0x0000000000000000000000000000000032d0504fcc1a48ff8ac9b29185578559,0x5e81213613b6b86eab4c6c50d718d34359459786,USDG,0x5fc5360d0400a0fd4f2af552add042d716f1d168,uniswap,v4,0x891b0ba1256f90961576c9ea1c9e91324857ba56882c483238104f62e5976d0b,POOL_ID_BYTES32,THIRD_PARTY_DISCOVERY_ONLY,927.28,28240.58,https://dexscreener.com/robinhood/0x891b0ba1256f90961576c9ea1c9e91324857ba56882c483238104f62e5976d0b
TTWO,0x0000000000000000000000000000000032d0504fcc1a48ff8ac9b29185578559,0x5e81213613b6b86eab4c6c50d718d34359459786,ETH,0x0000000000000000000000000000000000000000,uniswap,v4,0x9abbd82cb59741dc203c7d34862ab398a5707f0a42abc341c3c9e45503c67b34,POOL_ID_BYTES32,THIRD_PARTY_DISCOVERY_ONLY,452.17,182.74,https://dexscreener.com/robinhood/0x9abbd82cb59741dc203c7d34862ab398a5707f0a42abc341c3c9e45503c67b34
TTWO,0x0000000000000000000000000000000032d0504fcc1a48ff8ac9b29185578559,0x5e81213613b6b86eab4c6c50d718d34359459786,USDG,0x5fc5360d0400a0fd4f2af552add042d716f1d168,uniswap,v4,0xa3a8e7b3b1f30706c1a5b43073bfd906410a23d79090b2c6efd2e608b1f576eb,POOL_ID_BYTES32,THIRD_PARTY_DISCOVERY_ONLY,40189.74,30081.83,https://dexscreener.com/robinhood/0xa3a8e7b3b1f30706c1a5b43073bfd906410a23d79090b2c6efd2e608b1f576eb
TTWO,0x0000000000000000000000000000000032d0504fcc1a48ff8ac9b29185578559,0x5e81213613b6b86eab4c6c50d718d34359459786,ETH,0x0000000000000000000000000000000000000000,uniswap,v4,0xa7990c09f22af37884562c542bcab0d2a621929a8247981a3a9e82b790ec0b09,POOL_ID_BYTES32,THIRD_PARTY_DISCOVERY_ONLY,20261.15,3438.61,https://dexscreener.com/robinhood/0xa7990c09f22af37884562c542bcab0d2a621929a8247981a3a9e82b790ec0b09
TTWO,0x0000000000000000000000000000000032d0504fcc1a48ff8ac9b29185578559,0x5e81213613b6b86eab4c6c50d718d34359459786,USDG,0x5fc5360d0400a0fd4f2af552add042d716f1d168,uniswap,v4,0xab271f9c4cff76a1937cc6b33e73bbbb48d981bf5e511446e998455d607f7a21,POOL_ID_BYTES32,THIRD_PARTY_DISCOVERY_ONLY,,64.57,https://dexscreener.com/robinhood/0xab271f9c4cff76a1937cc6b33e73bbbb48d981bf5e511446e998455d607f7a21
TTWO,0x0000000000000000000000000000000032d0504fcc1a48ff8ac9b29185578559,0x5e81213613b6b86eab4c6c50d718d34359459786,USDG,0x5fc5360d0400a0fd4f2af552add042d716f1d168,uniswap,v4,0xaf313f02e31e8adbc5aabbdfa5b02377bfa794089b06c60404a63d1a54b042fa,POOL_ID_BYTES32,THIRD_PARTY_DISCOVERY_ONLY,4902.57,0.01,https://dexscreener.com/robinhood/0xaf313f02e31e8adbc5aabbdfa5b02377bfa794089b06c60404a63d1a54b042fa
TTWO,0x0000000000000000000000000000000032d0504fcc1a48ff8ac9b29185578559,0x5e81213613b6b86eab4c6c50d718d34359459786,ETH,0x0000000000000000000000000000000000000000,uniswap,v4,0xb57a4c6e01555c5a6c3402f637c7a75bde6245580b069edd63e5139b0cc5131a,POOL_ID_BYTES32,THIRD_PARTY_DISCOVERY_ONLY,1750.41,14233.55,https://dexscreener.com/robinhood/0xb57a4c6e01555c5a6c3402f637c7a75bde6245580b069edd63e5139b0cc5131a
TTWO,0x0000000000000000000000000000000032d0504fcc1a48ff8ac9b29185578559,0x5e81213613b6b86eab4c6c50d718d34359459786,ETH,0x0000000000000000000000000000000000000000,uniswap,v4,0xba1735d44d1ec69c8c5b368f6b1e80fa1d617dd91d396594ed9216ac51c7d691,POOL_ID_BYTES32,THIRD_PARTY_DISCOVERY_ONLY,65.61,24.94,https://dexscreener.com/robinhood/0xba1735d44d1ec69c8c5b368f6b1e80fa1d617dd91d396594ed9216ac51c7d691
TTWO,0x0000000000000000000000000000000032d0504fcc1a48ff8ac9b29185578559,0x5e81213613b6b86eab4c6c50d718d34359459786,ETH,0x0000000000000000000000000000000000000000,uniswap,v4,0xc2fddeb87cb995f64db75ded1aa59d01466b08d53f74974fb1b7daaa65d3aefb,POOL_ID_BYTES32,THIRD_PARTY_DISCOVERY_ONLY,5579.58,828.43,https://dexscreener.com/robinhood/0xc2fddeb87cb995f64db75ded1aa59d01466b08d53f74974fb1b7daaa65d3aefb
TTWO,0x0000000000000000000000000000000032d0504fcc1a48ff8ac9b29185578559,0x5e81213613b6b86eab4c6c50d718d34359459786,USDG,0x5fc5360d0400a0fd4f2af552add042d716f1d168,uniswap,v4,0xc9dad63b6fb9afe1fe888ebc7b023c587c58b9498f5bd17166226c0995dbc4eb,POOL_ID_BYTES32,THIRD_PARTY_DISCOVERY_ONLY,230304.43,1085652.79,https://dexscreener.com/robinhood/0xc9dad63b6fb9afe1fe888ebc7b023c587c58b9498f5bd17166226c0995dbc4eb
TTWO,0x0000000000000000000000000000000032d0504fcc1a48ff8ac9b29185578559,0x5e81213613b6b86eab4c6c50d718d34359459786,USDG,0x5fc5360d0400a0fd4f2af552add042d716f1d168,uniswap,v4,0xccaa5e0ba204760f1dde164b1c7e93e4f23782235d175d25ef51499c092b1b2c,POOL_ID_BYTES32,THIRD_PARTY_DISCOVERY_ONLY,59272.36,96544.13,https://dexscreener.com/robinhood/0xccaa5e0ba204760f1dde164b1c7e93e4f23782235d175d25ef51499c092b1b2c
TTWO,0x0000000000000000000000000000000032d0504fcc1a48ff8ac9b29185578559,0x5e81213613b6b86eab4c6c50d718d34359459786,USDG,0x5fc5360d0400a0fd4f2af552add042d716f1d168,uniswap,v4,0xd2fc7875fcd772fd6b2dd661a6f01584c05956c05bb31e98f12b3e7910a4ca36,POOL_ID_BYTES32,THIRD_PARTY_DISCOVERY_ONLY,380.3,63.73,https://dexscreener.com/robinhood/0xd2fc7875fcd772fd6b2dd661a6f01584c05956c05bb31e98f12b3e7910a4ca36
TTWO,0x0000000000000000000000000000000032d0504fcc1a48ff8ac9b29185578559,0x5e81213613b6b86eab4c6c50d718d34359459786,USDG,0x5fc5360d0400a0fd4f2af552add042d716f1d168,uniswap,v4,0xd487e57dfaae695e9ec651a9cdcb2925054060576ab10ccbd1a3219a42032d9f,POOL_ID_BYTES32,THIRD_PARTY_DISCOVERY_ONLY,22215.66,190.34,https://dexscreener.com/robinhood/0xd487e57dfaae695e9ec651a9cdcb2925054060576ab10ccbd1a3219a42032d9f
TTWO,0x0000000000000000000000000000000032d0504fcc1a48ff8ac9b29185578559,0x5e81213613b6b86eab4c6c50d718d34359459786,USDG,0x5fc5360d0400a0fd4f2af552add042d716f1d168,uniswap,v4,0xd5850279c17e422d8ad108691254df010af9c6f8fcec0b586b89133100096556,POOL_ID_BYTES32,THIRD_PARTY_DISCOVERY_ONLY,221887.35,2939764.31,https://dexscreener.com/robinhood/0xd5850279c17e422d8ad108691254df010af9c6f8fcec0b586b89133100096556
TTWO,0x0000000000000000000000000000000032d0504fcc1a48ff8ac9b29185578559,0x5e81213613b6b86eab4c6c50d718d34359459786,USDG,0x5fc5360d0400a0fd4f2af552add042d716f1d168,uniswap,v4,0xf425e1582a4935dfd5e0384d86379e6b40fa4fac2d51137456aca636b56d7731,POOL_ID_BYTES32,THIRD_PARTY_DISCOVERY_ONLY,5826.08,1129.75,https://dexscreener.com/robinhood/0xf425e1582a4935dfd5e0384d86379e6b40fa4fac2d51137456aca636b56d7731
TTWO,0x0000000000000000000000000000000032d0504fcc1a48ff8ac9b29185578559,0x5e81213613b6b86eab4c6c50d718d34359459786,USDG,0x5fc5360d0400a0fd4f2af552add042d716f1d168,uniswap,v4,0xfd1b50157a1dc6c1b3798d524264c0efb6cf58974bbd699090f3cec92139b783,POOL_ID_BYTES32,THIRD_PARTY_DISCOVERY_ONLY,388.25,119.27,https://dexscreener.com/robinhood/0xfd1b50157a1dc6c1b3798d524264c0efb6cf58974bbd699090f3cec92139b783
TTWO,0x0000000000000000000000000000000032d0504fcc1a48ff8ac9b29185578559,0x5e81213613b6b86eab4c6c50d718d34359459786,USDG,0x5fc5360d0400a0fd4f2af552add042d716f1d168,up,v3,0x053bd9cf6c85334787ac69ef3f8ce9dcab77886d,CONTRACT_ADDRESS,THIRD_PARTY_DISCOVERY_ONLY,3169.82,8878.48,https://dexscreener.com/robinhood/0x053bd9cf6c85334787ac69ef3f8ce9dcab77886d
UNH,0x000000000000000000000000000000006d5054df7b5d4f8f8a11cc01084242e7,0xcf364ea52787e289de6f32077834056e3e70d6a8,ETH,0x0000000000000000000000000000000000000000,uniswap,v4,0x069a830680acbccfaa42f9b18dd74148b343781c5c21659201607e99bf940813,POOL_ID_BYTES32,THIRD_PARTY_DISCOVERY_ONLY,1282.73,55.39,https://dexscreener.com/robinhood/0x069a830680acbccfaa42f9b18dd74148b343781c5c21659201607e99bf940813
UNH,0x000000000000000000000000000000006d5054df7b5d4f8f8a11cc01084242e7,0xcf364ea52787e289de6f32077834056e3e70d6a8,USDG,0x5fc5360d0400a0fd4f2af552add042d716f1d168,uniswap,v4,0x1b16b5a25db2b0131acf58f6f7acb9815fb983ae4bc99a10df3f781ec3d96008,POOL_ID_BYTES32,THIRD_PARTY_DISCOVERY_ONLY,895.69,2507.92,https://dexscreener.com/robinhood/0x1b16b5a25db2b0131acf58f6f7acb9815fb983ae4bc99a10df3f781ec3d96008
UNH,0x000000000000000000000000000000006d5054df7b5d4f8f8a11cc01084242e7,0xcf364ea52787e289de6f32077834056e3e70d6a8,ETH,0x0000000000000000000000000000000000000000,uniswap,v4,0x33b6189f8abc4435b13eef8e47d79df8a4b509d57dff322aefb9b834af3859e4,POOL_ID_BYTES32,THIRD_PARTY_DISCOVERY_ONLY,1673.84,821.77,https://dexscreener.com/robinhood/0x33b6189f8abc4435b13eef8e47d79df8a4b509d57dff322aefb9b834af3859e4
UNH,0x000000000000000000000000000000006d5054df7b5d4f8f8a11cc01084242e7,0xcf364ea52787e289de6f32077834056e3e70d6a8,USDG,0x5fc5360d0400a0fd4f2af552add042d716f1d168,uniswap,v4,0x6901c42bf2baa57e6473fde740b4f25d4e0fe7278df8156af9406081a9755a0d,POOL_ID_BYTES32,THIRD_PARTY_DISCOVERY_ONLY,21521.55,91535.84,https://dexscreener.com/robinhood/0x6901c42bf2baa57e6473fde740b4f25d4e0fe7278df8156af9406081a9755a0d
UNH,0x000000000000000000000000000000006d5054df7b5d4f8f8a11cc01084242e7,0xcf364ea52787e289de6f32077834056e3e70d6a8,USDG,0x5fc5360d0400a0fd4f2af552add042d716f1d168,uniswap,v4,0x87eea40bff4f5f70d4781f7c392e69b28aa1b9c4bca28077a336eeac730303d6,POOL_ID_BYTES32,THIRD_PARTY_DISCOVERY_ONLY,2231.11,1192.7,https://dexscreener.com/robinhood/0x87eea40bff4f5f70d4781f7c392e69b28aa1b9c4bca28077a336eeac730303d6
UNH,0x000000000000000000000000000000006d5054df7b5d4f8f8a11cc01084242e7,0xcf364ea52787e289de6f32077834056e3e70d6a8,ETH,0x0000000000000000000000000000000000000000,uniswap,v4,0x968046797b360bc9af4ac59faa255018d17064412c7a32ae2938e6cf6edabd94,POOL_ID_BYTES32,THIRD_PARTY_DISCOVERY_ONLY,10693.01,7624.21,https://dexscreener.com/robinhood/0x968046797b360bc9af4ac59faa255018d17064412c7a32ae2938e6cf6edabd94
UNH,0x000000000000000000000000000000006d5054df7b5d4f8f8a11cc01084242e7,0xcf364ea52787e289de6f32077834056e3e70d6a8,ETH,0x0000000000000000000000000000000000000000,uniswap,v4,0xcf6dbab780515d0a4f5eeb87552cc0ba0c7c27948ae5153e6360ee9dbc9c725c,POOL_ID_BYTES32,THIRD_PARTY_DISCOVERY_ONLY,537.27,16.86,https://dexscreener.com/robinhood/0xcf6dbab780515d0a4f5eeb87552cc0ba0c7c27948ae5153e6360ee9dbc9c725c
UNH,0x000000000000000000000000000000006d5054df7b5d4f8f8a11cc01084242e7,0xcf364ea52787e289de6f32077834056e3e70d6a8,ETH,0x0000000000000000000000000000000000000000,uniswap,v4,0xf66e85816900357b419a16d65ce17a3bdf948b9a5268679f778c68616b34a139,POOL_ID_BYTES32,THIRD_PARTY_DISCOVERY_ONLY,4623.16,1368.08,https://dexscreener.com/robinhood/0xf66e85816900357b419a16d65ce17a3bdf948b9a5268679f778c68616b34a139
UNH,0x000000000000000000000000000000006d5054df7b5d4f8f8a11cc01084242e7,0xcf364ea52787e289de6f32077834056e3e70d6a8,USDG,0x5fc5360d0400a0fd4f2af552add042d716f1d168,uniswap,v4,0xfcd0ff818a8728244eb0b4b1b6e2211161e3fc7b88b3081c5024d7a0dfcd7099,POOL_ID_BYTES32,THIRD_PARTY_DISCOVERY_ONLY,9037.67,3898.38,https://dexscreener.com/robinhood/0xfcd0ff818a8728244eb0b4b1b6e2211161e3fc7b88b3081c5024d7a0dfcd7099
UPS,0x00000000000000000000000000000000413cbb2a5e924576a297ccb67c272298,0xf23250dac154d05bb671cb0d0ebef3c635c79ce2,USDG,0x5fc5360d0400a0fd4f2af552add042d716f1d168,uniswap,v3,0x3ab74c45dcecc6a62898204dd42143a816b44cb1,CONTRACT_ADDRESS,MATCHED_CANONICAL_UNISWAP_FACTORY_RESULT,56387.12,89939.36,https://dexscreener.com/robinhood/0x3ab74c45dcecc6a62898204dd42143a816b44cb1
UPS,0x00000000000000000000000000000000413cbb2a5e924576a297ccb67c272298,0xf23250dac154d05bb671cb0d0ebef3c635c79ce2,USDG,0x5fc5360d0400a0fd4f2af552add042d716f1d168,uniswap,v3,0x5c67a84ec5494ffe24e217b28debb96341014c86,CONTRACT_ADDRESS,MATCHED_CANONICAL_UNISWAP_FACTORY_RESULT,0.59,1185.81,https://dexscreener.com/robinhood/0x5c67a84ec5494ffe24e217b28debb96341014c86
UPS,0x00000000000000000000000000000000413cbb2a5e924576a297ccb67c272298,0xf23250dac154d05bb671cb0d0ebef3c635c79ce2,ETH,0x0000000000000000000000000000000000000000,uniswap,v4,0x029287ad0de2ef406a068efee56634727067b4b420a341c045188fce59f7a88c,POOL_ID_BYTES32,THIRD_PARTY_DISCOVERY_ONLY,509.94,12.11,https://dexscreener.com/robinhood/0x029287ad0de2ef406a068efee56634727067b4b420a341c045188fce59f7a88c
UPS,0x00000000000000000000000000000000413cbb2a5e924576a297ccb67c272298,0xf23250dac154d05bb671cb0d0ebef3c635c79ce2,USDG,0x5fc5360d0400a0fd4f2af552add042d716f1d168,uniswap,v4,0x3be85a75a6476bcece001bb7455ce14e2ef1cfec889f5d8d207c99cf6057babc,POOL_ID_BYTES32,THIRD_PARTY_DISCOVERY_ONLY,41868.03,563652.03,https://dexscreener.com/robinhood/0x3be85a75a6476bcece001bb7455ce14e2ef1cfec889f5d8d207c99cf6057babc
UPS,0x00000000000000000000000000000000413cbb2a5e924576a297ccb67c272298,0xf23250dac154d05bb671cb0d0ebef3c635c79ce2,USDG,0x5fc5360d0400a0fd4f2af552add042d716f1d168,uniswap,v4,0x95c56435bf66a27e7969f8f4be1e7ce59b99082b293aa59c2cccf171e33aa959,POOL_ID_BYTES32,THIRD_PARTY_DISCOVERY_ONLY,2104.33,312179.55,https://dexscreener.com/robinhood/0x95c56435bf66a27e7969f8f4be1e7ce59b99082b293aa59c2cccf171e33aa959
UPS,0x00000000000000000000000000000000413cbb2a5e924576a297ccb67c272298,0xf23250dac154d05bb671cb0d0ebef3c635c79ce2,ETH,0x0000000000000000000000000000000000000000,uniswap,v4,0x9cd9a19e50459585f8ea112d58059a20857065863aea1bc71382d69c8814a832,POOL_ID_BYTES32,THIRD_PARTY_DISCOVERY_ONLY,4693.46,100.5,https://dexscreener.com/robinhood/0x9cd9a19e50459585f8ea112d58059a20857065863aea1bc71382d69c8814a832
UPS,0x00000000000000000000000000000000413cbb2a5e924576a297ccb67c272298,0xf23250dac154d05bb671cb0d0ebef3c635c79ce2,USDG,0x5fc5360d0400a0fd4f2af552add042d716f1d168,uniswap,v4,0xb24d1d438af4e2b5b98e871e915a4d19a8e1157f3af349477a8caea66c2a3130,POOL_ID_BYTES32,THIRD_PARTY_DISCOVERY_ONLY,1774.66,84.78,https://dexscreener.com/robinhood/0xb24d1d438af4e2b5b98e871e915a4d19a8e1157f3af349477a8caea66c2a3130
UPS,0x00000000000000000000000000000000413cbb2a5e924576a297ccb67c272298,0xf23250dac154d05bb671cb0d0ebef3c635c79ce2,ETH,0x0000000000000000000000000000000000000000,uniswap,v4,0xc65e74724a29b543652aa35ddb67bb40585488a332bcb7aa88341adfa0265ce2,POOL_ID_BYTES32,THIRD_PARTY_DISCOVERY_ONLY,7704.66,2437.4,https://dexscreener.com/robinhood/0xc65e74724a29b543652aa35ddb67bb40585488a332bcb7aa88341adfa0265ce2
UPS,0x00000000000000000000000000000000413cbb2a5e924576a297ccb67c272298,0xf23250dac154d05bb671cb0d0ebef3c635c79ce2,USDG,0x5fc5360d0400a0fd4f2af552add042d716f1d168,uniswap,v4,0xd88d31e1055c8fe6549cfc47807f57926fa052adaa64312b82dc77d57d155888,POOL_ID_BYTES32,THIRD_PARTY_DISCOVERY_ONLY,110.15,2.46,https://dexscreener.com/robinhood/0xd88d31e1055c8fe6549cfc47807f57926fa052adaa64312b82dc77d57d155888
UPS,0x00000000000000000000000000000000413cbb2a5e924576a297ccb67c272298,0xf23250dac154d05bb671cb0d0ebef3c635c79ce2,USDG,0x5fc5360d0400a0fd4f2af552add042d716f1d168,uniswap,v4,0xeb0e3cd9f9f4669bafda4a939ec2fdef893dc65689c6eb21c384fa9bdac592fe,POOL_ID_BYTES32,THIRD_PARTY_DISCOVERY_ONLY,30926.95,956.81,https://dexscreener.com/robinhood/0xeb0e3cd9f9f4669bafda4a939ec2fdef893dc65689c6eb21c384fa9bdac592fe
USAR,0x0000000000000000000000000000000051d8408eb0484cb6bd003337551fddd5,0xd917b029c761d264c6a312bbbcda868658ef86a6,USDG,0x5fc5360d0400a0fd4f2af552add042d716f1d168,alandale,,0x0d618b4994cd39ccf0fcd2e8a31697a1396aaf1d,CONTRACT_ADDRESS,THIRD_PARTY_DISCOVERY_ONLY,13355.79,26156.03,https://dexscreener.com/robinhood/0x0d618b4994cd39ccf0fcd2e8a31697a1396aaf1d
USAR,0x0000000000000000000000000000000051d8408eb0484cb6bd003337551fddd5,0xd917b029c761d264c6a312bbbcda868658ef86a6,WETH,0x0bd7d308f8e1639fab988df18a8011f41eacad73,alandale,,0xfbc7fbcf15db3450b82422f925bdba046c13e817,CONTRACT_ADDRESS,THIRD_PARTY_DISCOVERY_ONLY,6178.72,6138.52,https://dexscreener.com/robinhood/0xfbc7fbcf15db3450b82422f925bdba046c13e817
USAR,0x0000000000000000000000000000000051d8408eb0484cb6bd003337551fddd5,0xd917b029c761d264c6a312bbbcda868658ef86a6,USDG,0x5fc5360d0400a0fd4f2af552add042d716f1d168,giga,v3,0xa5e972cffdee2481ee52f3b6adeaa50ef27ef5a6,CONTRACT_ADDRESS,THIRD_PARTY_DISCOVERY_ONLY,75.24,129.74,https://dexscreener.com/robinhood/0xa5e972cffdee2481ee52f3b6adeaa50ef27ef5a6
USAR,0x0000000000000000000000000000000051d8408eb0484cb6bd003337551fddd5,0xd917b029c761d264c6a312bbbcda868658ef86a6,USDG,0x5fc5360d0400a0fd4f2af552add042d716f1d168,ramses,v3,0x59900771cc7ca5a63f6b38b68dcd9bad69050fe8,CONTRACT_ADDRESS,THIRD_PARTY_DISCOVERY_ONLY,3189.64,2149.13,https://dexscreener.com/robinhood/0x59900771cc7ca5a63f6b38b68dcd9bad69050fe8
USAR,0x0000000000000000000000000000000051d8408eb0484cb6bd003337551fddd5,0xd917b029c761d264c6a312bbbcda868658ef86a6,USDG,0x5fc5360d0400a0fd4f2af552add042d716f1d168,uniswap,v3,0x04391780f519b7d3ba59c9590459d76e23d225c4,CONTRACT_ADDRESS,MATCHED_CANONICAL_UNISWAP_FACTORY_RESULT,52882.73,303437.69,https://dexscreener.com/robinhood/0x04391780f519b7d3ba59c9590459d76e23d225c4
USAR,0x0000000000000000000000000000000051d8408eb0484cb6bd003337551fddd5,0xd917b029c761d264c6a312bbbcda868658ef86a6,ETH,0x0000000000000000000000000000000000000000,uniswap,v4,0x176e2c377b6911ef9be8f2dca2f5419bf8d4d98755aeaf0868191ef2c0a8e726,POOL_ID_BYTES32,THIRD_PARTY_DISCOVERY_ONLY,657.71,357.74,https://dexscreener.com/robinhood/0x176e2c377b6911ef9be8f2dca2f5419bf8d4d98755aeaf0868191ef2c0a8e726
USAR,0x0000000000000000000000000000000051d8408eb0484cb6bd003337551fddd5,0xd917b029c761d264c6a312bbbcda868658ef86a6,ETH,0x0000000000000000000000000000000000000000,uniswap,v4,0x23d3f121be42c803f12d41dca03040d5b0aac22c52292a51ef51f72f51a48497,POOL_ID_BYTES32,THIRD_PARTY_DISCOVERY_ONLY,3427.49,94.64,https://dexscreener.com/robinhood/0x23d3f121be42c803f12d41dca03040d5b0aac22c52292a51ef51f72f51a48497
USAR,0x0000000000000000000000000000000051d8408eb0484cb6bd003337551fddd5,0xd917b029c761d264c6a312bbbcda868658ef86a6,ETH,0x0000000000000000000000000000000000000000,uniswap,v4,0x8294ea480231d707a80d752a80bff014ed5f07fda0be0b41aeee9338eb107a7d,POOL_ID_BYTES32,THIRD_PARTY_DISCOVERY_ONLY,24332.36,24691.79,https://dexscreener.com/robinhood/0x8294ea480231d707a80d752a80bff014ed5f07fda0be0b41aeee9338eb107a7d
USAR,0x0000000000000000000000000000000051d8408eb0484cb6bd003337551fddd5,0xd917b029c761d264c6a312bbbcda868658ef86a6,ETH,0x0000000000000000000000000000000000000000,uniswap,v4,0xc1c04e4e2479ade73488e4694da280895e4d6813a7daa45e35c9d43c5cc7287c,POOL_ID_BYTES32,THIRD_PARTY_DISCOVERY_ONLY,3843.19,48.13,https://dexscreener.com/robinhood/0xc1c04e4e2479ade73488e4694da280895e4d6813a7daa45e35c9d43c5cc7287c
USAR,0x0000000000000000000000000000000051d8408eb0484cb6bd003337551fddd5,0xd917b029c761d264c6a312bbbcda868658ef86a6,USDG,0x5fc5360d0400a0fd4f2af552add042d716f1d168,uniswap,v4,0xf3d3457f4403083ddeeb0d7dc4586c822796dc700975479155b0212ea12642df,POOL_ID_BYTES32,THIRD_PARTY_DISCOVERY_ONLY,1018.23,470.04,https://dexscreener.com/robinhood/0xf3d3457f4403083ddeeb0d7dc4586c822796dc700975479155b0212ea12642df
USO,0x00000000000000000000000000000000949bd039a8ae465d9cf9336068188b55,0xa30fa36db767ad9ed3f7a60fc79526fb4d56d344,USDG,0x5fc5360d0400a0fd4f2af552add042d716f1d168,uniswap,v3,0x02175608f1b5e6b5ed221ccfdc7be197d111d915,CONTRACT_ADDRESS,MATCHED_CANONICAL_UNISWAP_FACTORY_RESULT,562401.28,2955498.84,https://dexscreener.com/robinhood/0x02175608f1b5e6b5ed221ccfdc7be197d111d915
USO,0x00000000000000000000000000000000949bd039a8ae465d9cf9336068188b55,0xa30fa36db767ad9ed3f7a60fc79526fb4d56d344,USDG,0x5fc5360d0400a0fd4f2af552add042d716f1d168,uniswap,v3,0x6ed11c7dfd8e2ca5620eed29a7b9b53ae90dd0d2,CONTRACT_ADDRESS,MATCHED_CANONICAL_UNISWAP_FACTORY_RESULT,117456.83,7174.4,https://dexscreener.com/robinhood/0x6ed11c7dfd8e2ca5620eed29a7b9b53ae90dd0d2
USO,0x00000000000000000000000000000000949bd039a8ae465d9cf9336068188b55,0xa30fa36db767ad9ed3f7a60fc79526fb4d56d344,USDG,0x5fc5360d0400a0fd4f2af552add042d716f1d168,uniswap,v4,0x1fb919c02c59434fb4df11765786a75836facdd6cd1648004eaed9d989a9a910,POOL_ID_BYTES32,THIRD_PARTY_DISCOVERY_ONLY,238.99,2203.4,https://dexscreener.com/robinhood/0x1fb919c02c59434fb4df11765786a75836facdd6cd1648004eaed9d989a9a910
USO,0x00000000000000000000000000000000949bd039a8ae465d9cf9336068188b55,0xa30fa36db767ad9ed3f7a60fc79526fb4d56d344,USDG,0x5fc5360d0400a0fd4f2af552add042d716f1d168,uniswap,v4,0x2fced8f3456656d879ab41250973df173a693f12f1e44ad529b9ef3ff3b165c8,POOL_ID_BYTES32,THIRD_PARTY_DISCOVERY_ONLY,1039.55,42.18,https://dexscreener.com/robinhood/0x2fced8f3456656d879ab41250973df173a693f12f1e44ad529b9ef3ff3b165c8
USO,0x00000000000000000000000000000000949bd039a8ae465d9cf9336068188b55,0xa30fa36db767ad9ed3f7a60fc79526fb4d56d344,ETH,0x0000000000000000000000000000000000000000,uniswap,v4,0x3b27f505977c46e15c6975843b419acda8268b1d2b50fa285f4590c577e8ce1e,POOL_ID_BYTES32,THIRD_PARTY_DISCOVERY_ONLY,3338.07,2201.02,https://dexscreener.com/robinhood/0x3b27f505977c46e15c6975843b419acda8268b1d2b50fa285f4590c577e8ce1e
USO,0x00000000000000000000000000000000949bd039a8ae465d9cf9336068188b55,0xa30fa36db767ad9ed3f7a60fc79526fb4d56d344,WETH,0x0bd7d308f8e1639fab988df18a8011f41eacad73,uniswap,v4,0x3e70d1e9b30275f1d69d8fccf9646a86cef5340ae0ac7df6968adb5bb1f6c60c,POOL_ID_BYTES32,THIRD_PARTY_DISCOVERY_ONLY,315.52,118.31,https://dexscreener.com/robinhood/0x3e70d1e9b30275f1d69d8fccf9646a86cef5340ae0ac7df6968adb5bb1f6c60c
USO,0x00000000000000000000000000000000949bd039a8ae465d9cf9336068188b55,0xa30fa36db767ad9ed3f7a60fc79526fb4d56d344,ETH,0x0000000000000000000000000000000000000000,uniswap,v4,0x47398a89c00dcb4a7d47bf3d7a48dc496ec020a5c603a26f4922ef4513280302,POOL_ID_BYTES32,THIRD_PARTY_DISCOVERY_ONLY,19914.07,47419.46,https://dexscreener.com/robinhood/0x47398a89c00dcb4a7d47bf3d7a48dc496ec020a5c603a26f4922ef4513280302
USO,0x00000000000000000000000000000000949bd039a8ae465d9cf9336068188b55,0xa30fa36db767ad9ed3f7a60fc79526fb4d56d344,ETH,0x0000000000000000000000000000000000000000,uniswap,v4,0x57b4e34d106a25580790bec37925bde7a239d40bb964c5236eeeec58fa0482f9,POOL_ID_BYTES32,THIRD_PARTY_DISCOVERY_ONLY,834.46,9073.84,https://dexscreener.com/robinhood/0x57b4e34d106a25580790bec37925bde7a239d40bb964c5236eeeec58fa0482f9
USO,0x00000000000000000000000000000000949bd039a8ae465d9cf9336068188b55,0xa30fa36db767ad9ed3f7a60fc79526fb4d56d344,USDG,0x5fc5360d0400a0fd4f2af552add042d716f1d168,uniswap,v4,0x85bab393510e4c1741edf4760e6a5d7c26783b5b7d44e39e327ee68dc18a83bc,POOL_ID_BYTES32,THIRD_PARTY_DISCOVERY_ONLY,55.78,5.05,https://dexscreener.com/robinhood/0x85bab393510e4c1741edf4760e6a5d7c26783b5b7d44e39e327ee68dc18a83bc
USO,0x00000000000000000000000000000000949bd039a8ae465d9cf9336068188b55,0xa30fa36db767ad9ed3f7a60fc79526fb4d56d344,USDG,0x5fc5360d0400a0fd4f2af552add042d716f1d168,uniswap,v4,0xe5bd4e3b7abfc0d5ce97d433449b0eb2aaabeff413b6538bb354681c3e3cc96a,POOL_ID_BYTES32,THIRD_PARTY_DISCOVERY_ONLY,62.27,181.13,https://dexscreener.com/robinhood/0xe5bd4e3b7abfc0d5ce97d433449b0eb2aaabeff413b6538bb354681c3e3cc96a
USO,0x00000000000000000000000000000000949bd039a8ae465d9cf9336068188b55,0xa30fa36db767ad9ed3f7a60fc79526fb4d56d344,ETH,0x0000000000000000000000000000000000000000,uniswap,v4,0xea546ca06a56ebbab4648f7d535c9ebd05fb7e1754b55e3fe98dac6e36328645,POOL_ID_BYTES32,THIRD_PARTY_DISCOVERY_ONLY,478.25,7.79,https://dexscreener.com/robinhood/0xea546ca06a56ebbab4648f7d535c9ebd05fb7e1754b55e3fe98dac6e36328645
USO,0x00000000000000000000000000000000949bd039a8ae465d9cf9336068188b55,0xa30fa36db767ad9ed3f7a60fc79526fb4d56d344,USDG,0x5fc5360d0400a0fd4f2af552add042d716f1d168,up,v3,0x98a27fc90c643562f9793089acf2697ab4c0a880,CONTRACT_ADDRESS,THIRD_PARTY_DISCOVERY_ONLY,6350.65,593359.3,https://dexscreener.com/robinhood/0x98a27fc90c643562f9793089acf2697ab4c0a880
VICR,0x0000000000000000000000000000000034a1e548dfdc4b7cbf162648f20ccffc,0x6006ed4b2f94110851ff7509d97d034f0eed9226,ETH,0x0000000000000000000000000000000000000000,uniswap,v4,0x0b7bfc3a95ccbee0297333068e7a3fb91d9afdfd702c20641cad963f7e5fe95f,POOL_ID_BYTES32,THIRD_PARTY_DISCOVERY_ONLY,8772.08,229.83,https://dexscreener.com/robinhood/0x0b7bfc3a95ccbee0297333068e7a3fb91d9afdfd702c20641cad963f7e5fe95f
VICR,0x0000000000000000000000000000000034a1e548dfdc4b7cbf162648f20ccffc,0x6006ed4b2f94110851ff7509d97d034f0eed9226,USDG,0x5fc5360d0400a0fd4f2af552add042d716f1d168,uniswap,v4,0x3b83bd5c7b4076c72c7a24ba28981c5d4a232505110ab6108216f5e4c9c7aab0,POOL_ID_BYTES32,THIRD_PARTY_DISCOVERY_ONLY,3485.72,96.68,https://dexscreener.com/robinhood/0x3b83bd5c7b4076c72c7a24ba28981c5d4a232505110ab6108216f5e4c9c7aab0
VICR,0x0000000000000000000000000000000034a1e548dfdc4b7cbf162648f20ccffc,0x6006ed4b2f94110851ff7509d97d034f0eed9226,ETH,0x0000000000000000000000000000000000000000,uniswap,v4,0xa1f9cad15a9e12d9fdb4e2de9924f4378904f5acdac6b1d9641761cf37054b6a,POOL_ID_BYTES32,THIRD_PARTY_DISCOVERY_ONLY,2185.44,241.35,https://dexscreener.com/robinhood/0xa1f9cad15a9e12d9fdb4e2de9924f4378904f5acdac6b1d9641761cf37054b6a
VICR,0x0000000000000000000000000000000034a1e548dfdc4b7cbf162648f20ccffc,0x6006ed4b2f94110851ff7509d97d034f0eed9226,USDG,0x5fc5360d0400a0fd4f2af552add042d716f1d168,uniswap,v4,0xd3517a0052632a7aeaf7eda612b8022913e2983e800694cbcbf968649b338e0c,POOL_ID_BYTES32,THIRD_PARTY_DISCOVERY_ONLY,3001.63,1526.69,https://dexscreener.com/robinhood/0xd3517a0052632a7aeaf7eda612b8022913e2983e800694cbcbf968649b338e0c
VRT,0x000000000000000000000000000000008f9ceee3a7954365bdd32ff0094d9b0f,0xfa78c12e6488814a0262e4e802749a4a737d5fb7,ETH,0x0000000000000000000000000000000000000000,uniswap,v4,0x1b740d788741dcf6de56ac79f5283781a7e60ae3fed36d804cb1acfc972a1fd3,POOL_ID_BYTES32,THIRD_PARTY_DISCOVERY_ONLY,700.78,4968.56,https://dexscreener.com/robinhood/0x1b740d788741dcf6de56ac79f5283781a7e60ae3fed36d804cb1acfc972a1fd3
VRT,0x000000000000000000000000000000008f9ceee3a7954365bdd32ff0094d9b0f,0xfa78c12e6488814a0262e4e802749a4a737d5fb7,USDG,0x5fc5360d0400a0fd4f2af552add042d716f1d168,uniswap,v4,0x214c8401fd41eb4d94908cce4f2f64b3eff94d05c354c74368550a773a9333d7,POOL_ID_BYTES32,THIRD_PARTY_DISCOVERY_ONLY,384.33,2058.05,https://dexscreener.com/robinhood/0x214c8401fd41eb4d94908cce4f2f64b3eff94d05c354c74368550a773a9333d7
VRT,0x000000000000000000000000000000008f9ceee3a7954365bdd32ff0094d9b0f,0xfa78c12e6488814a0262e4e802749a4a737d5fb7,USDG,0x5fc5360d0400a0fd4f2af552add042d716f1d168,uniswap,v4,0x27fb979d57f5bc67342d66c8218373d2f5fdc84d68b5b91010edaff8a4ddb6f6,POOL_ID_BYTES32,THIRD_PARTY_DISCOVERY_ONLY,2780.16,4528.8,https://dexscreener.com/robinhood/0x27fb979d57f5bc67342d66c8218373d2f5fdc84d68b5b91010edaff8a4ddb6f6
VRT,0x000000000000000000000000000000008f9ceee3a7954365bdd32ff0094d9b0f,0xfa78c12e6488814a0262e4e802749a4a737d5fb7,ETH,0x0000000000000000000000000000000000000000,uniswap,v4,0x2d2853c27ef9084b1bdf25ddfb7910aea10502020283eeea12c8c953f44ff40d,POOL_ID_BYTES32,THIRD_PARTY_DISCOVERY_ONLY,,26069.7,https://dexscreener.com/robinhood/0x2d2853c27ef9084b1bdf25ddfb7910aea10502020283eeea12c8c953f44ff40d
VRT,0x000000000000000000000000000000008f9ceee3a7954365bdd32ff0094d9b0f,0xfa78c12e6488814a0262e4e802749a4a737d5fb7,USDG,0x5fc5360d0400a0fd4f2af552add042d716f1d168,uniswap,v4,0x3eae82e369298632e85c28220c80f20060855c0083aed3ddd6c1e7ec1b1e4193,POOL_ID_BYTES32,THIRD_PARTY_DISCOVERY_ONLY,5233.96,11301.73,https://dexscreener.com/robinhood/0x3eae82e369298632e85c28220c80f20060855c0083aed3ddd6c1e7ec1b1e4193
VRT,0x000000000000000000000000000000008f9ceee3a7954365bdd32ff0094d9b0f,0xfa78c12e6488814a0262e4e802749a4a737d5fb7,USDG,0x5fc5360d0400a0fd4f2af552add042d716f1d168,uniswap,v4,0x62a8a9168d8712a0f9dbd3fac30411c7a880e4a8b5d7a1410b1ea5db3b8fcaf1,POOL_ID_BYTES32,THIRD_PARTY_DISCOVERY_ONLY,8561.66,21592.35,https://dexscreener.com/robinhood/0x62a8a9168d8712a0f9dbd3fac30411c7a880e4a8b5d7a1410b1ea5db3b8fcaf1
VRT,0x000000000000000000000000000000008f9ceee3a7954365bdd32ff0094d9b0f,0xfa78c12e6488814a0262e4e802749a4a737d5fb7,ETH,0x0000000000000000000000000000000000000000,uniswap,v4,0xff653b276acea179f3a4f6226c87fe95295da8e5cba47a7b716eef0eb444a2c7,POOL_ID_BYTES32,THIRD_PARTY_DISCOVERY_ONLY,7853.43,37210.34,https://dexscreener.com/robinhood/0xff653b276acea179f3a4f6226c87fe95295da8e5cba47a7b716eef0eb444a2c7
VST,0x0000000000000000000000000000000051fd963e99794a83a5e429d05ddc0347,0x561e2a49212b7ccf47f2744ccb83e200722fadbc,USDG,0x5fc5360d0400a0fd4f2af552add042d716f1d168,uniswap,v4,0x938007197da968bc99fcef4045b3a2116d9dd815b09814258cc5bd8388b1371d,POOL_ID_BYTES32,THIRD_PARTY_DISCOVERY_ONLY,3389.99,30.45,https://dexscreener.com/robinhood/0x938007197da968bc99fcef4045b3a2116d9dd815b09814258cc5bd8388b1371d
VST,0x0000000000000000000000000000000051fd963e99794a83a5e429d05ddc0347,0x561e2a49212b7ccf47f2744ccb83e200722fadbc,ETH,0x0000000000000000000000000000000000000000,uniswap,v4,0xa10251ee66f7d51f7410811ab5dacae1f0a32b7ee7f94566a0359ef96b405fb0,POOL_ID_BYTES32,THIRD_PARTY_DISCOVERY_ONLY,7188.74,126.35,https://dexscreener.com/robinhood/0xa10251ee66f7d51f7410811ab5dacae1f0a32b7ee7f94566a0359ef96b405fb0
VST,0x0000000000000000000000000000000051fd963e99794a83a5e429d05ddc0347,0x561e2a49212b7ccf47f2744ccb83e200722fadbc,USDG,0x5fc5360d0400a0fd4f2af552add042d716f1d168,uniswap,v4,0xce635f1f108601eef21351d84f3cf49c8adcc9c4f26c2efd0c6ba73ca0b5d053,POOL_ID_BYTES32,THIRD_PARTY_DISCOVERY_ONLY,7443.71,295.11,https://dexscreener.com/robinhood/0xce635f1f108601eef21351d84f3cf49c8adcc9c4f26c2efd0c6ba73ca0b5d053
VTI,0x000000000000000000000000000000007bf2fcc61eea41048648bcfbe4066b63,0x0594134df3f171a354d9c85ebd65b7a6148f6d09,USDG,0x5fc5360d0400a0fd4f2af552add042d716f1d168,uniswap,v4,0x4ea52eb420e05e4e70f33901f0572a13a51d0a4b4d4c4be51457c3e8d08e1f94,POOL_ID_BYTES32,THIRD_PARTY_DISCOVERY_ONLY,547.66,196.33,https://dexscreener.com/robinhood/0x4ea52eb420e05e4e70f33901f0572a13a51d0a4b4d4c4be51457c3e8d08e1f94
VTI,0x000000000000000000000000000000007bf2fcc61eea41048648bcfbe4066b63,0x0594134df3f171a354d9c85ebd65b7a6148f6d09,USDG,0x5fc5360d0400a0fd4f2af552add042d716f1d168,uniswap,v4,0xa07d68437b2c49f99b242e7b28d88163acd5cbe2b7ec9988d75558331938f0e3,POOL_ID_BYTES32,THIRD_PARTY_DISCOVERY_ONLY,589.26,109.53,https://dexscreener.com/robinhood/0xa07d68437b2c49f99b242e7b28d88163acd5cbe2b7ec9988d75558331938f0e3
VTI,0x000000000000000000000000000000007bf2fcc61eea41048648bcfbe4066b63,0x0594134df3f171a354d9c85ebd65b7a6148f6d09,ETH,0x0000000000000000000000000000000000000000,uniswap,v4,0xba9e3aff9c063c061169dc3c422fda2d1607a838700898a7187971a955b7b6a7,POOL_ID_BYTES32,THIRD_PARTY_DISCOVERY_ONLY,2058.09,110.86,https://dexscreener.com/robinhood/0xba9e3aff9c063c061169dc3c422fda2d1607a838700898a7187971a955b7b6a7
VTI,0x000000000000000000000000000000007bf2fcc61eea41048648bcfbe4066b63,0x0594134df3f171a354d9c85ebd65b7a6148f6d09,USDG,0x5fc5360d0400a0fd4f2af552add042d716f1d168,uniswap,v4,0xc5e888db20e0218449f229df7d633bad3d181a7d987a6b593d63736191ce23be,POOL_ID_BYTES32,THIRD_PARTY_DISCOVERY_ONLY,2995.78,521.15,https://dexscreener.com/robinhood/0xc5e888db20e0218449f229df7d633bad3d181a7d987a6b593d63736191ce23be
VTI,0x000000000000000000000000000000007bf2fcc61eea41048648bcfbe4066b63,0x0594134df3f171a354d9c85ebd65b7a6148f6d09,USDG,0x5fc5360d0400a0fd4f2af552add042d716f1d168,uniswap,v4,0xf9e68c9da6b5bd77bff43572c14b854d3a6ff22475d1919a9e52abd15e614ad8,POOL_ID_BYTES32,THIRD_PARTY_DISCOVERY_ONLY,8063.71,2555.03,https://dexscreener.com/robinhood/0xf9e68c9da6b5bd77bff43572c14b854d3a6ff22475d1919a9e52abd15e614ad8
WDAY,0x000000000000000000000000000000001805c8a4eb1a4b3fa49e2698c0da6baa,0x82da4646242e1d962e96e932269dc644c94a9caa,USDG,0x5fc5360d0400a0fd4f2af552add042d716f1d168,uniswap,v4,0x101b67b18b92989b70c7df7439d3c85aea7609843179f8c2e4a10616c556167d,POOL_ID_BYTES32,THIRD_PARTY_DISCOVERY_ONLY,565.34,266.71,https://dexscreener.com/robinhood/0x101b67b18b92989b70c7df7439d3c85aea7609843179f8c2e4a10616c556167d
WDAY,0x000000000000000000000000000000001805c8a4eb1a4b3fa49e2698c0da6baa,0x82da4646242e1d962e96e932269dc644c94a9caa,ETH,0x0000000000000000000000000000000000000000,uniswap,v4,0x1b90c3ef3ec1f6b46c24c518a47fc22600fb83ec158a492358f9e1efbf6a4a5f,POOL_ID_BYTES32,THIRD_PARTY_DISCOVERY_ONLY,221.06,0.67,https://dexscreener.com/robinhood/0x1b90c3ef3ec1f6b46c24c518a47fc22600fb83ec158a492358f9e1efbf6a4a5f
WDAY,0x000000000000000000000000000000001805c8a4eb1a4b3fa49e2698c0da6baa,0x82da4646242e1d962e96e932269dc644c94a9caa,USDG,0x5fc5360d0400a0fd4f2af552add042d716f1d168,uniswap,v4,0x27bb98c5c9265a4fb0f50e074fe8c751e20b55a901c96a8e150a306417c5b1a6,POOL_ID_BYTES32,THIRD_PARTY_DISCOVERY_ONLY,14826.76,11433.47,https://dexscreener.com/robinhood/0x27bb98c5c9265a4fb0f50e074fe8c751e20b55a901c96a8e150a306417c5b1a6
WDAY,0x000000000000000000000000000000001805c8a4eb1a4b3fa49e2698c0da6baa,0x82da4646242e1d962e96e932269dc644c94a9caa,USDG,0x5fc5360d0400a0fd4f2af552add042d716f1d168,uniswap,v4,0x33ab090170abacf81c77d8e04b449c755a315093e2ba63f785ef4cebb94be340,POOL_ID_BYTES32,THIRD_PARTY_DISCOVERY_ONLY,680.8,1893.45,https://dexscreener.com/robinhood/0x33ab090170abacf81c77d8e04b449c755a315093e2ba63f785ef4cebb94be340
WDAY,0x000000000000000000000000000000001805c8a4eb1a4b3fa49e2698c0da6baa,0x82da4646242e1d962e96e932269dc644c94a9caa,USDG,0x5fc5360d0400a0fd4f2af552add042d716f1d168,uniswap,v4,0x3b4fc3af3209f387e678f6d15d112d52f68257d8ab433ef1cc4ab4657f249268,POOL_ID_BYTES32,THIRD_PARTY_DISCOVERY_ONLY,1709.04,200564.51,https://dexscreener.com/robinhood/0x3b4fc3af3209f387e678f6d15d112d52f68257d8ab433ef1cc4ab4657f249268
WDAY,0x000000000000000000000000000000001805c8a4eb1a4b3fa49e2698c0da6baa,0x82da4646242e1d962e96e932269dc644c94a9caa,ETH,0x0000000000000000000000000000000000000000,uniswap,v4,0x5f508bbfc9bdc8625f11f2a7aea131f7ba5a8259889d9abe7b6f38853584ead0,POOL_ID_BYTES32,THIRD_PARTY_DISCOVERY_ONLY,322.41,871.7,https://dexscreener.com/robinhood/0x5f508bbfc9bdc8625f11f2a7aea131f7ba5a8259889d9abe7b6f38853584ead0
WDAY,0x000000000000000000000000000000001805c8a4eb1a4b3fa49e2698c0da6baa,0x82da4646242e1d962e96e932269dc644c94a9caa,USDG,0x5fc5360d0400a0fd4f2af552add042d716f1d168,uniswap,v4,0x7c0180436641abbad47b7aa1a2bb439a903b45a2022f3775ff972662a96f5852,POOL_ID_BYTES32,THIRD_PARTY_DISCOVERY_ONLY,55248.83,340118.2,https://dexscreener.com/robinhood/0x7c0180436641abbad47b7aa1a2bb439a903b45a2022f3775ff972662a96f5852
WDAY,0x000000000000000000000000000000001805c8a4eb1a4b3fa49e2698c0da6baa,0x82da4646242e1d962e96e932269dc644c94a9caa,USDG,0x5fc5360d0400a0fd4f2af552add042d716f1d168,uniswap,v4,0x7de18c2c9a795777ca5d823f7eb541e7a6290271991c1dbde00c6c4bf80ed40d,POOL_ID_BYTES32,THIRD_PARTY_DISCOVERY_ONLY,1093.95,1071.21,https://dexscreener.com/robinhood/0x7de18c2c9a795777ca5d823f7eb541e7a6290271991c1dbde00c6c4bf80ed40d
WDAY,0x000000000000000000000000000000001805c8a4eb1a4b3fa49e2698c0da6baa,0x82da4646242e1d962e96e932269dc644c94a9caa,ETH,0x0000000000000000000000000000000000000000,uniswap,v4,0x84d02cefcc23186672bab674b960bdef18384d56490926910f22b0d10d116f10,POOL_ID_BYTES32,THIRD_PARTY_DISCOVERY_ONLY,7120.23,12177.25,https://dexscreener.com/robinhood/0x84d02cefcc23186672bab674b960bdef18384d56490926910f22b0d10d116f10
WDAY,0x000000000000000000000000000000001805c8a4eb1a4b3fa49e2698c0da6baa,0x82da4646242e1d962e96e932269dc644c94a9caa,ETH,0x0000000000000000000000000000000000000000,uniswap,v4,0x84e5f3b4674ee52406039e80fa9af08731743d8e7f4d6b3fcb85bada39da9df8,POOL_ID_BYTES32,THIRD_PARTY_DISCOVERY_ONLY,5695.56,4749.32,https://dexscreener.com/robinhood/0x84e5f3b4674ee52406039e80fa9af08731743d8e7f4d6b3fcb85bada39da9df8
WDAY,0x000000000000000000000000000000001805c8a4eb1a4b3fa49e2698c0da6baa,0x82da4646242e1d962e96e932269dc644c94a9caa,USDG,0x5fc5360d0400a0fd4f2af552add042d716f1d168,uniswap,v4,0x8d4e0b2f6bdac723a602b48d418518981e161891e5edb3655b5d403167f92b93,POOL_ID_BYTES32,THIRD_PARTY_DISCOVERY_ONLY,1119.22,5416.32,https://dexscreener.com/robinhood/0x8d4e0b2f6bdac723a602b48d418518981e161891e5edb3655b5d403167f92b93
WDAY,0x000000000000000000000000000000001805c8a4eb1a4b3fa49e2698c0da6baa,0x82da4646242e1d962e96e932269dc644c94a9caa,ETH,0x0000000000000000000000000000000000000000,uniswap,v4,0x950fdf71896ae57b0c18b34817f24b3fb9a80585b73d0abe1bd8bfd665220222,POOL_ID_BYTES32,THIRD_PARTY_DISCOVERY_ONLY,537.24,343.9,https://dexscreener.com/robinhood/0x950fdf71896ae57b0c18b34817f24b3fb9a80585b73d0abe1bd8bfd665220222
WDAY,0x000000000000000000000000000000001805c8a4eb1a4b3fa49e2698c0da6baa,0x82da4646242e1d962e96e932269dc644c94a9caa,USDG,0x5fc5360d0400a0fd4f2af552add042d716f1d168,uniswap,v4,0x96fab49ec53a9423320b3f98e0db544f75628e6b58f15c250923ac3ad5b7ce1d,POOL_ID_BYTES32,THIRD_PARTY_DISCOVERY_ONLY,,3924.86,https://dexscreener.com/robinhood/0x96fab49ec53a9423320b3f98e0db544f75628e6b58f15c250923ac3ad5b7ce1d
WDAY,0x000000000000000000000000000000001805c8a4eb1a4b3fa49e2698c0da6baa,0x82da4646242e1d962e96e932269dc644c94a9caa,ETH,0x0000000000000000000000000000000000000000,uniswap,v4,0x97e2518bb8f38b1df891194dc6410d1ccb1bb41ed16a93a7148cb4df53a902df,POOL_ID_BYTES32,THIRD_PARTY_DISCOVERY_ONLY,553.01,9.94,https://dexscreener.com/robinhood/0x97e2518bb8f38b1df891194dc6410d1ccb1bb41ed16a93a7148cb4df53a902df
WDAY,0x000000000000000000000000000000001805c8a4eb1a4b3fa49e2698c0da6baa,0x82da4646242e1d962e96e932269dc644c94a9caa,ETH,0x0000000000000000000000000000000000000000,uniswap,v4,0xa4c44c78683c460fc8a5d44d59194e58825d933375e44e358ac43dec928e8915,POOL_ID_BYTES32,THIRD_PARTY_DISCOVERY_ONLY,8002.87,22002,https://dexscreener.com/robinhood/0xa4c44c78683c460fc8a5d44d59194e58825d933375e44e358ac43dec928e8915
WDAY,0x000000000000000000000000000000001805c8a4eb1a4b3fa49e2698c0da6baa,0x82da4646242e1d962e96e932269dc644c94a9caa,USDG,0x5fc5360d0400a0fd4f2af552add042d716f1d168,uniswap,v4,0xba1b45c32b2a8b01d8bfbeb72e9f8abcfd15d4d165929d8182cea3b51fbdf648,POOL_ID_BYTES32,THIRD_PARTY_DISCOVERY_ONLY,1723.46,625.19,https://dexscreener.com/robinhood/0xba1b45c32b2a8b01d8bfbeb72e9f8abcfd15d4d165929d8182cea3b51fbdf648
WDAY,0x000000000000000000000000000000001805c8a4eb1a4b3fa49e2698c0da6baa,0x82da4646242e1d962e96e932269dc644c94a9caa,USDG,0x5fc5360d0400a0fd4f2af552add042d716f1d168,uniswap,v4,0xc7ef0c195fa3c1820a1734f90bfdfb5ce3b62406931f5321e135829decf30a2d,POOL_ID_BYTES32,THIRD_PARTY_DISCOVERY_ONLY,9197.39,35542.83,https://dexscreener.com/robinhood/0xc7ef0c195fa3c1820a1734f90bfdfb5ce3b62406931f5321e135829decf30a2d
WDAY,0x000000000000000000000000000000001805c8a4eb1a4b3fa49e2698c0da6baa,0x82da4646242e1d962e96e932269dc644c94a9caa,USDG,0x5fc5360d0400a0fd4f2af552add042d716f1d168,uniswap,v4,0xd1fab3fffbff76a2f59e4624013f9de3a5bf4525a4f0dec684fa4aca8eb26fa7,POOL_ID_BYTES32,THIRD_PARTY_DISCOVERY_ONLY,1001.56,176.92,https://dexscreener.com/robinhood/0xd1fab3fffbff76a2f59e4624013f9de3a5bf4525a4f0dec684fa4aca8eb26fa7
WDAY,0x000000000000000000000000000000001805c8a4eb1a4b3fa49e2698c0da6baa,0x82da4646242e1d962e96e932269dc644c94a9caa,USDG,0x5fc5360d0400a0fd4f2af552add042d716f1d168,uniswap,v4,0xdd43a994d8022e96137a2e2a4773cfbbf3653e5889b2d5c05e9968d6bc5dbfbf,POOL_ID_BYTES32,THIRD_PARTY_DISCOVERY_ONLY,739.58,1776.59,https://dexscreener.com/robinhood/0xdd43a994d8022e96137a2e2a4773cfbbf3653e5889b2d5c05e9968d6bc5dbfbf
WDAY,0x000000000000000000000000000000001805c8a4eb1a4b3fa49e2698c0da6baa,0x82da4646242e1d962e96e932269dc644c94a9caa,ETH,0x0000000000000000000000000000000000000000,uniswap,v4,0xe092cb62853d8c2d7598c29c38a871bb18f09b35f599f56c71d03ab48997591b,POOL_ID_BYTES32,THIRD_PARTY_DISCOVERY_ONLY,2486.18,2311.64,https://dexscreener.com/robinhood/0xe092cb62853d8c2d7598c29c38a871bb18f09b35f599f56c71d03ab48997591b
WDAY,0x000000000000000000000000000000001805c8a4eb1a4b3fa49e2698c0da6baa,0x82da4646242e1d962e96e932269dc644c94a9caa,USDG,0x5fc5360d0400a0fd4f2af552add042d716f1d168,uniswap,v4,0xecfbaa90290d5434fcf4fd1bc6b3c20b58b31a68a219be34f3d1b624c43c8cfa,POOL_ID_BYTES32,THIRD_PARTY_DISCOVERY_ONLY,185.66,307.47,https://dexscreener.com/robinhood/0xecfbaa90290d5434fcf4fd1bc6b3c20b58b31a68a219be34f3d1b624c43c8cfa
WDAY,0x000000000000000000000000000000001805c8a4eb1a4b3fa49e2698c0da6baa,0x82da4646242e1d962e96e932269dc644c94a9caa,USDG,0x5fc5360d0400a0fd4f2af552add042d716f1d168,uniswap,v4,0xf4052411f6cdc15997c165ecef70ce2fb2c424bdc9152c431fa2ba272b5274f8,POOL_ID_BYTES32,THIRD_PARTY_DISCOVERY_ONLY,,11095.22,https://dexscreener.com/robinhood/0xf4052411f6cdc15997c165ecef70ce2fb2c424bdc9152c431fa2ba272b5274f8
WDC,0x000000000000000000000000000000007001c5951f374630b5f3f52fd1ff2022,0xf52597345a8edf418bc4071b4a35112472277d3e,ETH,0x0000000000000000000000000000000000000000,uniswap,v4,0x49b906223e9513075e1cfa10bfb21c71759b3f1bd9b6fbc9cf940a92b21de2a2,POOL_ID_BYTES32,THIRD_PARTY_DISCOVERY_ONLY,591.25,14.93,https://dexscreener.com/robinhood/0x49b906223e9513075e1cfa10bfb21c71759b3f1bd9b6fbc9cf940a92b21de2a2
WDC,0x000000000000000000000000000000007001c5951f374630b5f3f52fd1ff2022,0xf52597345a8edf418bc4071b4a35112472277d3e,USDG,0x5fc5360d0400a0fd4f2af552add042d716f1d168,uniswap,v4,0x6f2464d44ece96fa49583328ccbc5872f1f975443fb41619099a59cbdf8b87fd,POOL_ID_BYTES32,THIRD_PARTY_DISCOVERY_ONLY,632.3,22.15,https://dexscreener.com/robinhood/0x6f2464d44ece96fa49583328ccbc5872f1f975443fb41619099a59cbdf8b87fd
WDC,0x000000000000000000000000000000007001c5951f374630b5f3f52fd1ff2022,0xf52597345a8edf418bc4071b4a35112472277d3e,USDG,0x5fc5360d0400a0fd4f2af552add042d716f1d168,uniswap,v4,0xcec9075a14b50ebb1a4c18ed3772510dbaaf035663349ddff29ece9c801c6c59,POOL_ID_BYTES32,THIRD_PARTY_DISCOVERY_ONLY,9093.34,222.5,https://dexscreener.com/robinhood/0xcec9075a14b50ebb1a4c18ed3772510dbaaf035663349ddff29ece9c801c6c59
WDC,0x000000000000000000000000000000007001c5951f374630b5f3f52fd1ff2022,0xf52597345a8edf418bc4071b4a35112472277d3e,ETH,0x0000000000000000000000000000000000000000,uniswap,v4,0xf59909ae5c97ac41157d3841e128ceb495399903883a42e4411cfa7a4840ae52,POOL_ID_BYTES32,THIRD_PARTY_DISCOVERY_ONLY,10382.6,239.43,https://dexscreener.com/robinhood/0xf59909ae5c97ac41157d3841e128ceb495399903883a42e4411cfa7a4840ae52
WYFI,0x0000000000000000000000000000000025191a136aab4e5fa41b67ec3218a093,0x9e7abd3c9139d14e4c86dce0e455aab7a0c2fb3e,USDG,0x5fc5360d0400a0fd4f2af552add042d716f1d168,uniswap,v3,0x2a3063e34c60253abb23c2442f4cdfbc5cbd02c2,CONTRACT_ADDRESS,MATCHED_CANONICAL_UNISWAP_FACTORY_RESULT,84001.85,1552243.81,https://dexscreener.com/robinhood/0x2a3063e34c60253abb23c2442f4cdfbc5cbd02c2
WYFI,0x0000000000000000000000000000000025191a136aab4e5fa41b67ec3218a093,0x9e7abd3c9139d14e4c86dce0e455aab7a0c2fb3e,USDG,0x5fc5360d0400a0fd4f2af552add042d716f1d168,uniswap,v3,0xe7071e2fe49f86fbbe701053f98a73eb4124a6bd,CONTRACT_ADDRESS,MATCHED_CANONICAL_UNISWAP_FACTORY_RESULT,88.02,1.9,https://dexscreener.com/robinhood/0xe7071e2fe49f86fbbe701053f98a73eb4124a6bd
WYFI,0x0000000000000000000000000000000025191a136aab4e5fa41b67ec3218a093,0x9e7abd3c9139d14e4c86dce0e455aab7a0c2fb3e,ETH,0x0000000000000000000000000000000000000000,uniswap,v4,0x08f3f6c41be8af9f7d5bb06314f7493b75f3e00b13556af863c60e4835610180,POOL_ID_BYTES32,THIRD_PARTY_DISCOVERY_ONLY,3735.78,168.59,https://dexscreener.com/robinhood/0x08f3f6c41be8af9f7d5bb06314f7493b75f3e00b13556af863c60e4835610180
WYFI,0x0000000000000000000000000000000025191a136aab4e5fa41b67ec3218a093,0x9e7abd3c9139d14e4c86dce0e455aab7a0c2fb3e,USDG,0x5fc5360d0400a0fd4f2af552add042d716f1d168,uniswap,v4,0x373bc24341d4b4994903fee1de31169f807dd3f8e42809a0feee046aba9efd02,POOL_ID_BYTES32,THIRD_PARTY_DISCOVERY_ONLY,10878.75,78391.2,https://dexscreener.com/robinhood/0x373bc24341d4b4994903fee1de31169f807dd3f8e42809a0feee046aba9efd02
WYFI,0x0000000000000000000000000000000025191a136aab4e5fa41b67ec3218a093,0x9e7abd3c9139d14e4c86dce0e455aab7a0c2fb3e,USDG,0x5fc5360d0400a0fd4f2af552add042d716f1d168,uniswap,v4,0x42986a57d18bc66f37b20d9bfd6b0299452e3753014144189aa96c78859db77f,POOL_ID_BYTES32,THIRD_PARTY_DISCOVERY_ONLY,3726.42,13644.89,https://dexscreener.com/robinhood/0x42986a57d18bc66f37b20d9bfd6b0299452e3753014144189aa96c78859db77f
WYFI,0x0000000000000000000000000000000025191a136aab4e5fa41b67ec3218a093,0x9e7abd3c9139d14e4c86dce0e455aab7a0c2fb3e,USDG,0x5fc5360d0400a0fd4f2af552add042d716f1d168,uniswap,v4,0x483854e37c0240c91904d3635792b3f4124b0986c626902b74f754d636202943,POOL_ID_BYTES32,THIRD_PARTY_DISCOVERY_ONLY,1151.54,284.45,https://dexscreener.com/robinhood/0x483854e37c0240c91904d3635792b3f4124b0986c626902b74f754d636202943
WYFI,0x0000000000000000000000000000000025191a136aab4e5fa41b67ec3218a093,0x9e7abd3c9139d14e4c86dce0e455aab7a0c2fb3e,USDG,0x5fc5360d0400a0fd4f2af552add042d716f1d168,uniswap,v4,0x5e79e4207d0e5a55fe92334d01254d7f5b0931dbaf947ba74109f1b1a80ec32d,POOL_ID_BYTES32,THIRD_PARTY_DISCOVERY_ONLY,1088.5,38.8,https://dexscreener.com/robinhood/0x5e79e4207d0e5a55fe92334d01254d7f5b0931dbaf947ba74109f1b1a80ec32d
WYFI,0x0000000000000000000000000000000025191a136aab4e5fa41b67ec3218a093,0x9e7abd3c9139d14e4c86dce0e455aab7a0c2fb3e,ETH,0x0000000000000000000000000000000000000000,uniswap,v4,0x5ffd8dd39c40e5acf8d3c24248067c5762d59e205caa0a121d59691b27a832b1,POOL_ID_BYTES32,THIRD_PARTY_DISCOVERY_ONLY,5203.67,166.07,https://dexscreener.com/robinhood/0x5ffd8dd39c40e5acf8d3c24248067c5762d59e205caa0a121d59691b27a832b1
WYFI,0x0000000000000000000000000000000025191a136aab4e5fa41b67ec3218a093,0x9e7abd3c9139d14e4c86dce0e455aab7a0c2fb3e,USDG,0x5fc5360d0400a0fd4f2af552add042d716f1d168,uniswap,v4,0x6bd1219210404265a936ade0232685667f7066e4277b26fe5092b02c37863eff,POOL_ID_BYTES32,THIRD_PARTY_DISCOVERY_ONLY,2981.01,5040.15,https://dexscreener.com/robinhood/0x6bd1219210404265a936ade0232685667f7066e4277b26fe5092b02c37863eff
WYFI,0x0000000000000000000000000000000025191a136aab4e5fa41b67ec3218a093,0x9e7abd3c9139d14e4c86dce0e455aab7a0c2fb3e,USDG,0x5fc5360d0400a0fd4f2af552add042d716f1d168,uniswap,v4,0x7e864df1896fd23c500b9cbb956d0f05cf52dab7a583794b73b99a6ef1945aa2,POOL_ID_BYTES32,THIRD_PARTY_DISCOVERY_ONLY,34.67,688.17,https://dexscreener.com/robinhood/0x7e864df1896fd23c500b9cbb956d0f05cf52dab7a583794b73b99a6ef1945aa2
WYFI,0x0000000000000000000000000000000025191a136aab4e5fa41b67ec3218a093,0x9e7abd3c9139d14e4c86dce0e455aab7a0c2fb3e,ETH,0x0000000000000000000000000000000000000000,uniswap,v4,0x909b48567866a467672651e8384e8689ed60fffe4ea75009c87c8f3fd0531974,POOL_ID_BYTES32,THIRD_PARTY_DISCOVERY_ONLY,4561.04,437.86,https://dexscreener.com/robinhood/0x909b48567866a467672651e8384e8689ed60fffe4ea75009c87c8f3fd0531974
WYFI,0x0000000000000000000000000000000025191a136aab4e5fa41b67ec3218a093,0x9e7abd3c9139d14e4c86dce0e455aab7a0c2fb3e,USDG,0x5fc5360d0400a0fd4f2af552add042d716f1d168,uniswap,v4,0x96b6fcf12c10efc6afe0b9045ebc89cd6eb1484bf850e2ffc712cf464dc9dec9,POOL_ID_BYTES32,THIRD_PARTY_DISCOVERY_ONLY,59562.56,13646.58,https://dexscreener.com/robinhood/0x96b6fcf12c10efc6afe0b9045ebc89cd6eb1484bf850e2ffc712cf464dc9dec9
WYFI,0x0000000000000000000000000000000025191a136aab4e5fa41b67ec3218a093,0x9e7abd3c9139d14e4c86dce0e455aab7a0c2fb3e,ETH,0x0000000000000000000000000000000000000000,uniswap,v4,0xa566d88fe1629e3c000496caddeb965826ffe8b40e181ba60d205d2cc7f9326d,POOL_ID_BYTES32,THIRD_PARTY_DISCOVERY_ONLY,15997.45,10494.13,https://dexscreener.com/robinhood/0xa566d88fe1629e3c000496caddeb965826ffe8b40e181ba60d205d2cc7f9326d
WYFI,0x0000000000000000000000000000000025191a136aab4e5fa41b67ec3218a093,0x9e7abd3c9139d14e4c86dce0e455aab7a0c2fb3e,USDG,0x5fc5360d0400a0fd4f2af552add042d716f1d168,uniswap,v4,0xa8f6eac86df99009ab54035faa51ed5a8307897bdd902efc99fc64cbe879308a,POOL_ID_BYTES32,THIRD_PARTY_DISCOVERY_ONLY,316.79,637.82,https://dexscreener.com/robinhood/0xa8f6eac86df99009ab54035faa51ed5a8307897bdd902efc99fc64cbe879308a
WYFI,0x0000000000000000000000000000000025191a136aab4e5fa41b67ec3218a093,0x9e7abd3c9139d14e4c86dce0e455aab7a0c2fb3e,USDG,0x5fc5360d0400a0fd4f2af552add042d716f1d168,uniswap,v4,0xade8f03250521f174360017d003aac3b30df3633ca31769e23a7906bb3c6262d,POOL_ID_BYTES32,THIRD_PARTY_DISCOVERY_ONLY,47787.55,19404.51,https://dexscreener.com/robinhood/0xade8f03250521f174360017d003aac3b30df3633ca31769e23a7906bb3c6262d
WYFI,0x0000000000000000000000000000000025191a136aab4e5fa41b67ec3218a093,0x9e7abd3c9139d14e4c86dce0e455aab7a0c2fb3e,ETH,0x0000000000000000000000000000000000000000,uniswap,v4,0xc10ec93b9578a190fab839fce9f77b8da9826c55739dc410d72cec340eefed05,POOL_ID_BYTES32,THIRD_PARTY_DISCOVERY_ONLY,3844.91,120.62,https://dexscreener.com/robinhood/0xc10ec93b9578a190fab839fce9f77b8da9826c55739dc410d72cec340eefed05
WYFI,0x0000000000000000000000000000000025191a136aab4e5fa41b67ec3218a093,0x9e7abd3c9139d14e4c86dce0e455aab7a0c2fb3e,ETH,0x0000000000000000000000000000000000000000,uniswap,v4,0xc9eab76cdc00931cacae35be0a1f084f3288c9d13f18d3be1625d1152aa4f345,POOL_ID_BYTES32,THIRD_PARTY_DISCOVERY_ONLY,964.11,42139.55,https://dexscreener.com/robinhood/0xc9eab76cdc00931cacae35be0a1f084f3288c9d13f18d3be1625d1152aa4f345
WYFI,0x0000000000000000000000000000000025191a136aab4e5fa41b67ec3218a093,0x9e7abd3c9139d14e4c86dce0e455aab7a0c2fb3e,USDG,0x5fc5360d0400a0fd4f2af552add042d716f1d168,uniswap,v4,0xe83d3bda3f3334224fea4fddc3ac18e999d5760b9bd4090e520d8ac49233835e,POOL_ID_BYTES32,THIRD_PARTY_DISCOVERY_ONLY,28933.51,293038.33,https://dexscreener.com/robinhood/0xe83d3bda3f3334224fea4fddc3ac18e999d5760b9bd4090e520d8ac49233835e
WYFI,0x0000000000000000000000000000000025191a136aab4e5fa41b67ec3218a093,0x9e7abd3c9139d14e4c86dce0e455aab7a0c2fb3e,USDG,0x5fc5360d0400a0fd4f2af552add042d716f1d168,uniswap,v4,0xf50ae31e210512482e1231b4518742f5fc88c0bcd66faeabb78a2fce81fecb3f,POOL_ID_BYTES32,THIRD_PARTY_DISCOVERY_ONLY,5434.16,123.85,https://dexscreener.com/robinhood/0xf50ae31e210512482e1231b4518742f5fc88c0bcd66faeabb78a2fce81fecb3f
WYFI,0x0000000000000000000000000000000025191a136aab4e5fa41b67ec3218a093,0x9e7abd3c9139d14e4c86dce0e455aab7a0c2fb3e,USDG,0x5fc5360d0400a0fd4f2af552add042d716f1d168,uniswap,v4,0xfd3d34c650210217407086950cc793a53ecd7da91b831b56d77e7b434ea1f0b0,POOL_ID_BYTES32,THIRD_PARTY_DISCOVERY_ONLY,6865.47,63564.31,https://dexscreener.com/robinhood/0xfd3d34c650210217407086950cc793a53ecd7da91b831b56d77e7b434ea1f0b0
XLK,0x000000000000000000000000000000008ffcea951a5b43138e764a75e22284f9,0x15cd20759ce7f3285c29a319de2d1a2e098c6f43,USDG,0x5fc5360d0400a0fd4f2af552add042d716f1d168,uniswap,v4,0x1bb2a7e0e7682d06e2127ac45276f914863601e05ea2e39e97cd7447c47a91fa,POOL_ID_BYTES32,THIRD_PARTY_DISCOVERY_ONLY,2033.46,257.88,https://dexscreener.com/robinhood/0x1bb2a7e0e7682d06e2127ac45276f914863601e05ea2e39e97cd7447c47a91fa
XLK,0x000000000000000000000000000000008ffcea951a5b43138e764a75e22284f9,0x15cd20759ce7f3285c29a319de2d1a2e098c6f43,USDG,0x5fc5360d0400a0fd4f2af552add042d716f1d168,uniswap,v4,0x3913442528ba7f529d9e2c899aa370cef302709c03531e445d07d8a047811809,POOL_ID_BYTES32,THIRD_PARTY_DISCOVERY_ONLY,512.09,51.38,https://dexscreener.com/robinhood/0x3913442528ba7f529d9e2c899aa370cef302709c03531e445d07d8a047811809
XLK,0x000000000000000000000000000000008ffcea951a5b43138e764a75e22284f9,0x15cd20759ce7f3285c29a319de2d1a2e098c6f43,ETH,0x0000000000000000000000000000000000000000,uniswap,v4,0x4167ee0561ac0ca4b8b60e2aa43260aff1816e66a366d50965f515ba8a3f742e,POOL_ID_BYTES32,THIRD_PARTY_DISCOVERY_ONLY,630.45,26.99,https://dexscreener.com/robinhood/0x4167ee0561ac0ca4b8b60e2aa43260aff1816e66a366d50965f515ba8a3f742e
XLK,0x000000000000000000000000000000008ffcea951a5b43138e764a75e22284f9,0x15cd20759ce7f3285c29a319de2d1a2e098c6f43,USDG,0x5fc5360d0400a0fd4f2af552add042d716f1d168,uniswap,v4,0x76521a6d2813afde7a7875634737ee8ad37c8af176260d7ad19bc11ace2800b4,POOL_ID_BYTES32,THIRD_PARTY_DISCOVERY_ONLY,389.08,53.72,https://dexscreener.com/robinhood/0x76521a6d2813afde7a7875634737ee8ad37c8af176260d7ad19bc11ace2800b4
XLK,0x000000000000000000000000000000008ffcea951a5b43138e764a75e22284f9,0x15cd20759ce7f3285c29a319de2d1a2e098c6f43,USDG,0x5fc5360d0400a0fd4f2af552add042d716f1d168,uniswap,v4,0x905b2d64b76de44f3f4bdcc046f20c51eaa95ae752b86a1d3c516e1b97e3b719,POOL_ID_BYTES32,THIRD_PARTY_DISCOVERY_ONLY,6992.83,12329.6,https://dexscreener.com/robinhood/0x905b2d64b76de44f3f4bdcc046f20c51eaa95ae752b86a1d3c516e1b97e3b719
XLK,0x000000000000000000000000000000008ffcea951a5b43138e764a75e22284f9,0x15cd20759ce7f3285c29a319de2d1a2e098c6f43,USDG,0x5fc5360d0400a0fd4f2af552add042d716f1d168,uniswap,v4,0x98efe2654188b6c2f40b5a47f71e194a8aceca4fe09bb2f96d8bbf3e5fde1fed,POOL_ID_BYTES32,THIRD_PARTY_DISCOVERY_ONLY,626.39,348.86,https://dexscreener.com/robinhood/0x98efe2654188b6c2f40b5a47f71e194a8aceca4fe09bb2f96d8bbf3e5fde1fed
XLK,0x000000000000000000000000000000008ffcea951a5b43138e764a75e22284f9,0x15cd20759ce7f3285c29a319de2d1a2e098c6f43,ETH,0x0000000000000000000000000000000000000000,uniswap,v4,0xae84c62eb66f69bf94262fbe0d65029c2eb27d1a6f3712d06e7521caad0cba00,POOL_ID_BYTES32,THIRD_PARTY_DISCOVERY_ONLY,27000.84,3740.84,https://dexscreener.com/robinhood/0xae84c62eb66f69bf94262fbe0d65029c2eb27d1a6f3712d06e7521caad0cba00
XLK,0x000000000000000000000000000000008ffcea951a5b43138e764a75e22284f9,0x15cd20759ce7f3285c29a319de2d1a2e098c6f43,ETH,0x0000000000000000000000000000000000000000,uniswap,v4,0xe76d829528531e6ae0189be55b0307801b51e44abad98c783b120536a0309d8e,POOL_ID_BYTES32,THIRD_PARTY_DISCOVERY_ONLY,681.48,27.55,https://dexscreener.com/robinhood/0xe76d829528531e6ae0189be55b0307801b51e44abad98c783b120536a0309d8e
XLK,0x000000000000000000000000000000008ffcea951a5b43138e764a75e22284f9,0x15cd20759ce7f3285c29a319de2d1a2e098c6f43,ETH,0x0000000000000000000000000000000000000000,uniswap,v4,0xf082f715a489c32644dc02402eb4bcfbb0f04f1c6757a0cea44618a253ae4f89,POOL_ID_BYTES32,THIRD_PARTY_DISCOVERY_ONLY,11269.47,24.97,https://dexscreener.com/robinhood/0xf082f715a489c32644dc02402eb4bcfbb0f04f1c6757a0cea44618a253ae4f89
XOM,0x0000000000000000000000000000000098d983331a5245e98847e635b93eb920,0xf9b46d3d1b22199d4d1025a9cedb540a33f1a2d5,USDG,0x5fc5360d0400a0fd4f2af552add042d716f1d168,uniswap,v4,0x0b303f0033d31bdfc1a0b5e7c5f99736ba2ffaa9c1a09451f7b8f680f284d76a,POOL_ID_BYTES32,THIRD_PARTY_DISCOVERY_ONLY,7994.65,8372.98,https://dexscreener.com/robinhood/0x0b303f0033d31bdfc1a0b5e7c5f99736ba2ffaa9c1a09451f7b8f680f284d76a
XOM,0x0000000000000000000000000000000098d983331a5245e98847e635b93eb920,0xf9b46d3d1b22199d4d1025a9cedb540a33f1a2d5,USDG,0x5fc5360d0400a0fd4f2af552add042d716f1d168,uniswap,v4,0x382af3781f85fa9a9c5668b3f5ba6b07f31235d53e0e586539f528cc4560c257,POOL_ID_BYTES32,THIRD_PARTY_DISCOVERY_ONLY,22971.36,14968.42,https://dexscreener.com/robinhood/0x382af3781f85fa9a9c5668b3f5ba6b07f31235d53e0e586539f528cc4560c257
XOM,0x0000000000000000000000000000000098d983331a5245e98847e635b93eb920,0xf9b46d3d1b22199d4d1025a9cedb540a33f1a2d5,USDG,0x5fc5360d0400a0fd4f2af552add042d716f1d168,uniswap,v4,0x5a02cc30940db0624992ce3862ecc3126bafde460e0d75f49aa146a73c8948b7,POOL_ID_BYTES32,THIRD_PARTY_DISCOVERY_ONLY,23438.99,5384.11,https://dexscreener.com/robinhood/0x5a02cc30940db0624992ce3862ecc3126bafde460e0d75f49aa146a73c8948b7
XOM,0x0000000000000000000000000000000098d983331a5245e98847e635b93eb920,0xf9b46d3d1b22199d4d1025a9cedb540a33f1a2d5,USDG,0x5fc5360d0400a0fd4f2af552add042d716f1d168,uniswap,v4,0x5e72594942eabf3611cb0ed90ad963ce2aac20216b0f501c70a70043298adaa0,POOL_ID_BYTES32,THIRD_PARTY_DISCOVERY_ONLY,4785.96,126.21,https://dexscreener.com/robinhood/0x5e72594942eabf3611cb0ed90ad963ce2aac20216b0f501c70a70043298adaa0
XOM,0x0000000000000000000000000000000098d983331a5245e98847e635b93eb920,0xf9b46d3d1b22199d4d1025a9cedb540a33f1a2d5,USDG,0x5fc5360d0400a0fd4f2af552add042d716f1d168,uniswap,v4,0x647f6da4c8f8e57a63cbce21934547ecd1890e1b9f50c0db2c7b6cb81a0a9e4d,POOL_ID_BYTES32,THIRD_PARTY_DISCOVERY_ONLY,29.78,1.08,https://dexscreener.com/robinhood/0x647f6da4c8f8e57a63cbce21934547ecd1890e1b9f50c0db2c7b6cb81a0a9e4d
XOM,0x0000000000000000000000000000000098d983331a5245e98847e635b93eb920,0xf9b46d3d1b22199d4d1025a9cedb540a33f1a2d5,ETH,0x0000000000000000000000000000000000000000,uniswap,v4,0x6f74e536ff3400cb354cc01ada7978f1f8ec086206c2242d428825f7582fcca5,POOL_ID_BYTES32,THIRD_PARTY_DISCOVERY_ONLY,12068.02,295.54,https://dexscreener.com/robinhood/0x6f74e536ff3400cb354cc01ada7978f1f8ec086206c2242d428825f7582fcca5
XOM,0x0000000000000000000000000000000098d983331a5245e98847e635b93eb920,0xf9b46d3d1b22199d4d1025a9cedb540a33f1a2d5,ETH,0x0000000000000000000000000000000000000000,uniswap,v4,0x757fb7fa66573637f04f10695efd27e604d2048ba249fd1a218e3e84b175aaf4,POOL_ID_BYTES32,THIRD_PARTY_DISCOVERY_ONLY,2393.33,74.62,https://dexscreener.com/robinhood/0x757fb7fa66573637f04f10695efd27e604d2048ba249fd1a218e3e84b175aaf4
XOM,0x0000000000000000000000000000000098d983331a5245e98847e635b93eb920,0xf9b46d3d1b22199d4d1025a9cedb540a33f1a2d5,USDG,0x5fc5360d0400a0fd4f2af552add042d716f1d168,uniswap,v4,0x78f18e86a17b08cdfa803ee0591f5083aa9704fe1327dd2f420cf2b98ee023dc,POOL_ID_BYTES32,THIRD_PARTY_DISCOVERY_ONLY,874.58,21.54,https://dexscreener.com/robinhood/0x78f18e86a17b08cdfa803ee0591f5083aa9704fe1327dd2f420cf2b98ee023dc
XOM,0x0000000000000000000000000000000098d983331a5245e98847e635b93eb920,0xf9b46d3d1b22199d4d1025a9cedb540a33f1a2d5,ETH,0x0000000000000000000000000000000000000000,uniswap,v4,0x929aa0bbf6328c4b1f6d98fb773f5397932dcfea67222230f1a36d2d1a60b9a1,POOL_ID_BYTES32,THIRD_PARTY_DISCOVERY_ONLY,4891.9,298.26,https://dexscreener.com/robinhood/0x929aa0bbf6328c4b1f6d98fb773f5397932dcfea67222230f1a36d2d1a60b9a1
XOM,0x0000000000000000000000000000000098d983331a5245e98847e635b93eb920,0xf9b46d3d1b22199d4d1025a9cedb540a33f1a2d5,USDG,0x5fc5360d0400a0fd4f2af552add042d716f1d168,uniswap,v4,0x9596b6f7e08eef84096e435b1fcc9324357466f90a32f7713aed644b893c5186,POOL_ID_BYTES32,THIRD_PARTY_DISCOVERY_ONLY,7318.49,7809.58,https://dexscreener.com/robinhood/0x9596b6f7e08eef84096e435b1fcc9324357466f90a32f7713aed644b893c5186
XOM,0x0000000000000000000000000000000098d983331a5245e98847e635b93eb920,0xf9b46d3d1b22199d4d1025a9cedb540a33f1a2d5,USDG,0x5fc5360d0400a0fd4f2af552add042d716f1d168,uniswap,v4,0x98ebc2fbebae0a7d88367485a68ec6e2b457b3896240131f945a150ba277fc08,POOL_ID_BYTES32,THIRD_PARTY_DISCOVERY_ONLY,4907.61,8733.32,https://dexscreener.com/robinhood/0x98ebc2fbebae0a7d88367485a68ec6e2b457b3896240131f945a150ba277fc08
XOM,0x0000000000000000000000000000000098d983331a5245e98847e635b93eb920,0xf9b46d3d1b22199d4d1025a9cedb540a33f1a2d5,USDG,0x5fc5360d0400a0fd4f2af552add042d716f1d168,uniswap,v4,0x9951d0b12c54838b4e16549557d2e4b675b99665d73f761a780760e5af73d92a,POOL_ID_BYTES32,THIRD_PARTY_DISCOVERY_ONLY,13059.1,3571.57,https://dexscreener.com/robinhood/0x9951d0b12c54838b4e16549557d2e4b675b99665d73f761a780760e5af73d92a
XOM,0x0000000000000000000000000000000098d983331a5245e98847e635b93eb920,0xf9b46d3d1b22199d4d1025a9cedb540a33f1a2d5,USDG,0x5fc5360d0400a0fd4f2af552add042d716f1d168,uniswap,v4,0xb3d129708f216d47fd3f996bc9dd0365912e6f14f961e0c61de76a0c1deef074,POOL_ID_BYTES32,THIRD_PARTY_DISCOVERY_ONLY,5857.97,9087.12,https://dexscreener.com/robinhood/0xb3d129708f216d47fd3f996bc9dd0365912e6f14f961e0c61de76a0c1deef074
XOM,0x0000000000000000000000000000000098d983331a5245e98847e635b93eb920,0xf9b46d3d1b22199d4d1025a9cedb540a33f1a2d5,USDG,0x5fc5360d0400a0fd4f2af552add042d716f1d168,uniswap,v4,0xfab115935697027ed558d20cf12eda689443a81263897eeafd88cc3b30be7a20,POOL_ID_BYTES32,THIRD_PARTY_DISCOVERY_ONLY,23401.92,1398.41,https://dexscreener.com/robinhood/0xfab115935697027ed558d20cf12eda689443a81263897eeafd88cc3b30be7a20
ZS,0x00000000000000000000000000000000968cee5f446f422d876c7661ff20b373,0x7dc013eb55e436f30d7ed1afe4e36d6e45e3c3f7,USDG,0x5fc5360d0400a0fd4f2af552add042d716f1d168,uniswap,v4,0x04564c630709ddf974f8de8674ed1fd9f1b9cc89592755915bb336ff18b37c8d,POOL_ID_BYTES32,THIRD_PARTY_DISCOVERY_ONLY,2995.8,449.15,https://dexscreener.com/robinhood/0x04564c630709ddf974f8de8674ed1fd9f1b9cc89592755915bb336ff18b37c8d
ZS,0x00000000000000000000000000000000968cee5f446f422d876c7661ff20b373,0x7dc013eb55e436f30d7ed1afe4e36d6e45e3c3f7,ETH,0x0000000000000000000000000000000000000000,uniswap,v4,0x55acf82929263d180573f7884e1171ed3b58ad4a5ba854fd716575c6f137e643,POOL_ID_BYTES32,THIRD_PARTY_DISCOVERY_ONLY,2311.78,168.08,https://dexscreener.com/robinhood/0x55acf82929263d180573f7884e1171ed3b58ad4a5ba854fd716575c6f137e643
ZS,0x00000000000000000000000000000000968cee5f446f422d876c7661ff20b373,0x7dc013eb55e436f30d7ed1afe4e36d6e45e3c3f7,USDG,0x5fc5360d0400a0fd4f2af552add042d716f1d168,uniswap,v4,0x67e316c276a66904fb0d2d1c1346e2ea6f82cab3c60c7446435611648dcb1567,POOL_ID_BYTES32,THIRD_PARTY_DISCOVERY_ONLY,1057.69,137.44,https://dexscreener.com/robinhood/0x67e316c276a66904fb0d2d1c1346e2ea6f82cab3c60c7446435611648dcb1567
ZS,0x00000000000000000000000000000000968cee5f446f422d876c7661ff20b373,0x7dc013eb55e436f30d7ed1afe4e36d6e45e3c3f7,USDG,0x5fc5360d0400a0fd4f2af552add042d716f1d168,uniswap,v4,0x9989f2aea444ea58561585b07490d36fd021d1f98f3c6d47fdd3fb977878a5d3,POOL_ID_BYTES32,THIRD_PARTY_DISCOVERY_ONLY,834.95,35.3,https://dexscreener.com/robinhood/0x9989f2aea444ea58561585b07490d36fd021d1f98f3c6d47fdd3fb977878a5d3
ZS,0x00000000000000000000000000000000968cee5f446f422d876c7661ff20b373,0x7dc013eb55e436f30d7ed1afe4e36d6e45e3c3f7,ETH,0x0000000000000000000000000000000000000000,uniswap,v4,0xd2742fbbde143d83c857ff0323436d3ff3c23e18f2e84fee06921a35d2e1773d,POOL_ID_BYTES32,THIRD_PARTY_DISCOVERY_ONLY,13069.06,1938.17,https://dexscreener.com/robinhood/0xd2742fbbde143d83c857ff0323436d3ff3c23e18f2e84fee06921a35d2e1773d
ZS,0x00000000000000000000000000000000968cee5f446f422d876c7661ff20b373,0x7dc013eb55e436f30d7ed1afe4e36d6e45e3c3f7,USDG,0x5fc5360d0400a0fd4f2af552add042d716f1d168,uniswap,v4,0xeeb8f01ad57df3ab3ad378ae13262df3d688741e05c3af9050d0db03e1894af6,POOL_ID_BYTES32,THIRD_PARTY_DISCOVERY_ONLY,3469.51,100.21,https://dexscreener.com/robinhood/0xeeb8f01ad57df3ab3ad378ae13262df3d688741e05c3af9050d0db03e1894af6
ZS,0x00000000000000000000000000000000968cee5f446f422d876c7661ff20b373,0x7dc013eb55e436f30d7ed1afe4e36d6e45e3c3f7,USDG,0x5fc5360d0400a0fd4f2af552add042d716f1d168,uniswap,v4,0xf5912e385d3e01cbf167699a3057125a123051fef3b19ec002ccb38a06332857,POOL_ID_BYTES32,THIRD_PARTY_DISCOVERY_ONLY,547.64,10.59,https://dexscreener.com/robinhood/0xf5912e385d3e01cbf167699a3057125a123051fef3b19ec002ccb38a06332857
