venue,pool_address,stock_symbol,stock_asset_uid,stock_token,quote_symbol,quote_token,token0,token1,fee,tick_spacing,evidence
UNISWAP_V3,0x078c1690865964838ae346077046750846a552d1,AAOI,0x00000000000000000000000000000000a47bbc4c8a0b4f44a6d1aff3242b3088,0x521cf887e6531c6f667b5bc4d896e5d9bfe8eb2e,USDG,0x5fc5360d0400a0fd4f2af552add042d716f1d168,0x521cf887e6531c6f667b5bc4d896e5d9bfe8eb2e,0x5fc5360d0400a0fd4f2af552add042d716f1d168,10000,200,CANONICAL_FACTORY_VIEW_AND_POOL_STATE_AT_FIXED_BLOCK
UNISWAP_V2,0xd0bbf7df4e357eb3d6276df5a5903bd42bbf3647,AAPL,0x00000000000000000000000000000000c2425be3658540dd8e2424cbf3c5c649,0xaf3d76f1834a1d425780943c99ea8a608f8a93f9,USDG,0x5fc5360d0400a0fd4f2af552add042d716f1d168,0x5fc5360d0400a0fd4f2af552add042d716f1d168,0xaf3d76f1834a1d425780943c99ea8a608f8a93f9,3000,,CANONICAL_FACTORY_VIEW_AT_FIXED_BLOCK
UNISWAP_V3,0xaae0d815ee56e4092a5e5c2911e676fea50b2d6d,AAPL,0x00000000000000000000000000000000c2425be3658540dd8e2424cbf3c5c649,0xaf3d76f1834a1d425780943c99ea8a608f8a93f9,USDG,0x5fc5360d0400a0fd4f2af552add042d716f1d168,0x5fc5360d0400a0fd4f2af552add042d716f1d168,0xaf3d76f1834a1d425780943c99ea8a608f8a93f9,500,10,CANONICAL_FACTORY_VIEW_AND_POOL_STATE_AT_FIXED_BLOCK
UNISWAP_V3,0x783c9bbb765047cfdd2b84b92b2ca9f11d34b7ed,AAPL,0x00000000000000000000000000000000c2425be3658540dd8e2424cbf3c5c649,0xaf3d76f1834a1d425780943c99ea8a608f8a93f9,USDG,0x5fc5360d0400a0fd4f2af552add042d716f1d168,0x5fc5360d0400a0fd4f2af552add042d716f1d168,0xaf3d76f1834a1d425780943c99ea8a608f8a93f9,3000,60,CANONICAL_FACTORY_VIEW_AND_POOL_STATE_AT_FIXED_BLOCK
UNISWAP_V3,0x3714aa8105de1f384481b425788af413748c1837,AAPL,0x00000000000000000000000000000000c2425be3658540dd8e2424cbf3c5c649,0xaf3d76f1834a1d425780943c99ea8a608f8a93f9,USDG,0x5fc5360d0400a0fd4f2af552add042d716f1d168,0x5fc5360d0400a0fd4f2af552add042d716f1d168,0xaf3d76f1834a1d425780943c99ea8a608f8a93f9,10000,200,CANONICAL_FACTORY_VIEW_AND_POOL_STATE_AT_FIXED_BLOCK
UNISWAP_V3,0xe4d4ba605b042054bd8815d515d98ddf46232622,AAPL,0x00000000000000000000000000000000c2425be3658540dd8e2424cbf3c5c649,0xaf3d76f1834a1d425780943c99ea8a608f8a93f9,WETH,0x0bd7d308f8e1639fab988df18a8011f41eacad73,0x0bd7d308f8e1639fab988df18a8011f41eacad73,0xaf3d76f1834a1d425780943c99ea8a608f8a93f9,100,1,CANONICAL_FACTORY_VIEW_AND_POOL_STATE_AT_FIXED_BLOCK
UNISWAP_V3,0x8bb3514e2204e1cdf3ac149efee7ff04d91b719f,AAPL,0x00000000000000000000000000000000c2425be3658540dd8e2424cbf3c5c649,0xaf3d76f1834a1d425780943c99ea8a608f8a93f9,WETH,0x0bd7d308f8e1639fab988df18a8011f41eacad73,0x0bd7d308f8e1639fab988df18a8011f41eacad73,0xaf3d76f1834a1d425780943c99ea8a608f8a93f9,500,10,CANONICAL_FACTORY_VIEW_AND_POOL_STATE_AT_FIXED_BLOCK
UNISWAP_V3,0x6ed779291769df8c1a3556f86f859192622505ff,ABCL,0x00000000000000000000000000000000cbe64873637849e38e848d35826726d4,0x3139d77ace0cbaa5bdfd38bd1f1911a794af0b0e,USDG,0x5fc5360d0400a0fd4f2af552add042d716f1d168,0x3139d77ace0cbaa5bdfd38bd1f1911a794af0b0e,0x5fc5360d0400a0fd4f2af552add042d716f1d168,10000,200,CANONICAL_FACTORY_VIEW_AND_POOL_STATE_AT_FIXED_BLOCK
UNISWAP_V3,0xd25e11e45f42660668acc3db09dfe56f890f2e58,ADBE,0x00000000000000000000000000000000d44f85ce72274d6e867a54fa2f4009cb,0x232b8ed6377be97813853b0ac104c4cda8378d1b,USDG,0x5fc5360d0400a0fd4f2af552add042d716f1d168,0x232b8ed6377be97813853b0ac104c4cda8378d1b,0x5fc5360d0400a0fd4f2af552add042d716f1d168,10000,200,CANONICAL_FACTORY_VIEW_AND_POOL_STATE_AT_FIXED_BLOCK
UNISWAP_V3,0xf5954707e56f80d6e4ebd3609cf76bdb3769b7f5,AEHR,0x000000000000000000000000000000000747a25837b6475c8da1a66b7d036988,0x5f604fba1162193a4388a5dfa56f556f3e133cc2,USDG,0x5fc5360d0400a0fd4f2af552add042d716f1d168,0x5f604fba1162193a4388a5dfa56f556f3e133cc2,0x5fc5360d0400a0fd4f2af552add042d716f1d168,10000,200,CANONICAL_FACTORY_VIEW_AND_POOL_STATE_AT_FIXED_BLOCK
UNISWAP_V3,0x803c27544ea2f41df24c08aff45451e0b17b45ed,AEIS,0x00000000000000000000000000000000a705ceeae1b44d8981ab86169e52891e,0xfaf9cb261b5fcc1f404bb10cd39c5c6c1974e612,USDG,0x5fc5360d0400a0fd4f2af552add042d716f1d168,0x5fc5360d0400a0fd4f2af552add042d716f1d168,0xfaf9cb261b5fcc1f404bb10cd39c5c6c1974e612,10000,200,CANONICAL_FACTORY_VIEW_AND_POOL_STATE_AT_FIXED_BLOCK
UNISWAP_V3,0xd8d7d0dc783ff547c5d7efb52368c386c160de43,ALAB,0x0000000000000000000000000000000069bc82da7c264394bdf6b23c8b0cd399,0x748c32c3ca24edf31ea597db1f3d330a7a6da3dc,USDG,0x5fc5360d0400a0fd4f2af552add042d716f1d168,0x5fc5360d0400a0fd4f2af552add042d716f1d168,0x748c32c3ca24edf31ea597db1f3d330a7a6da3dc,10000,200,CANONICAL_FACTORY_VIEW_AND_POOL_STATE_AT_FIXED_BLOCK
UNISWAP_V3,0xa255bafb65f9c79047ec74814e456e53713c8cb3,AMAT,0x00000000000000000000000000000000a98d1e2ff1ea4e54a538680595585902,0x36046893810a7e7fce501229d57dc3fc8c8716d0,USDG,0x5fc5360d0400a0fd4f2af552add042d716f1d168,0x36046893810a7e7fce501229d57dc3fc8c8716d0,0x5fc5360d0400a0fd4f2af552add042d716f1d168,10000,200,CANONICAL_FACTORY_VIEW_AND_POOL_STATE_AT_FIXED_BLOCK
UNISWAP_V3,0x814e6f0ab0505457f661063bda756266181fd7bb,AMBA,0x000000000000000000000000000000009148f90c74194b4ab333453c9ddaccbf,0x99d9d8663545151603863c5acbd6fc3218899009,USDG,0x5fc5360d0400a0fd4f2af552add042d716f1d168,0x5fc5360d0400a0fd4f2af552add042d716f1d168,0x99d9d8663545151603863c5acbd6fc3218899009,10000,200,CANONICAL_FACTORY_VIEW_AND_POOL_STATE_AT_FIXED_BLOCK
UNISWAP_V3,0x5c329ec542f9f88b6fb7530e55c06f7b0b5e242f,AMC,0x00000000000000000000000000000000c40c1aabe3514588ae86defffe868021,0x05a3d1cd21d0c88145e82600e62e7e496e0f222b,USDG,0x5fc5360d0400a0fd4f2af552add042d716f1d168,0x05a3d1cd21d0c88145e82600e62e7e496e0f222b,0x5fc5360d0400a0fd4f2af552add042d716f1d168,500,10,CANONICAL_FACTORY_VIEW_AND_POOL_STATE_AT_FIXED_BLOCK
UNISWAP_V3,0xaa34fea710a1a737840329051d81d3b0b7c564d5,AMC,0x00000000000000000000000000000000c40c1aabe3514588ae86defffe868021,0x05a3d1cd21d0c88145e82600e62e7e496e0f222b,USDG,0x5fc5360d0400a0fd4f2af552add042d716f1d168,0x05a3d1cd21d0c88145e82600e62e7e496e0f222b,0x5fc5360d0400a0fd4f2af552add042d716f1d168,3000,60,CANONICAL_FACTORY_VIEW_AND_POOL_STATE_AT_FIXED_BLOCK
UNISWAP_V3,0xc97894fc00c6eeb060838559d905b4c2253fd429,AMC,0x00000000000000000000000000000000c40c1aabe3514588ae86defffe868021,0x05a3d1cd21d0c88145e82600e62e7e496e0f222b,USDG,0x5fc5360d0400a0fd4f2af552add042d716f1d168,0x05a3d1cd21d0c88145e82600e62e7e496e0f222b,0x5fc5360d0400a0fd4f2af552add042d716f1d168,10000,200,CANONICAL_FACTORY_VIEW_AND_POOL_STATE_AT_FIXED_BLOCK
UNISWAP_V3,0xcf38764ae8c92222af4358a701871a6235cfc7b7,AMC,0x00000000000000000000000000000000c40c1aabe3514588ae86defffe868021,0x05a3d1cd21d0c88145e82600e62e7e496e0f222b,WETH,0x0bd7d308f8e1639fab988df18a8011f41eacad73,0x05a3d1cd21d0c88145e82600e62e7e496e0f222b,0x0bd7d308f8e1639fab988df18a8011f41eacad73,10000,200,CANONICAL_FACTORY_VIEW_AND_POOL_STATE_AT_FIXED_BLOCK
UNISWAP_V3,0x4ee16fe614f3a04f1510edf1932a41cbd5c4af9c,AMD,0x0000000000000000000000000000000086aeaac3c7d9422c90f6fd41aff0eaf7,0x86923f96303d656e4aa86d9d42d1e57ad2023fdc,USDG,0x5fc5360d0400a0fd4f2af552add042d716f1d168,0x5fc5360d0400a0fd4f2af552add042d716f1d168,0x86923f96303d656e4aa86d9d42d1e57ad2023fdc,100,1,CANONICAL_FACTORY_VIEW_AND_POOL_STATE_AT_FIXED_BLOCK
UNISWAP_V3,0x48d284a2a4d3dc1b3da08231fe44317e7e7aa51f,AMD,0x0000000000000000000000000000000086aeaac3c7d9422c90f6fd41aff0eaf7,0x86923f96303d656e4aa86d9d42d1e57ad2023fdc,USDG,0x5fc5360d0400a0fd4f2af552add042d716f1d168,0x5fc5360d0400a0fd4f2af552add042d716f1d168,0x86923f96303d656e4aa86d9d42d1e57ad2023fdc,3000,60,CANONICAL_FACTORY_VIEW_AND_POOL_STATE_AT_FIXED_BLOCK
UNISWAP_V3,0xd6af1dcb75cdae4f2efc403a58ef023a51edc686,AMD,0x0000000000000000000000000000000086aeaac3c7d9422c90f6fd41aff0eaf7,0x86923f96303d656e4aa86d9d42d1e57ad2023fdc,USDG,0x5fc5360d0400a0fd4f2af552add042d716f1d168,0x5fc5360d0400a0fd4f2af552add042d716f1d168,0x86923f96303d656e4aa86d9d42d1e57ad2023fdc,10000,200,CANONICAL_FACTORY_VIEW_AND_POOL_STATE_AT_FIXED_BLOCK
UNISWAP_V3,0x2694b507bab020b37e72a84a6195fbced3093bb6,AMKR,0x00000000000000000000000000000000efb0e40b668c4b92876632971560e252,0xdd356aa38f40a7b7076755ac854b6fbb1f0d305b,USDG,0x5fc5360d0400a0fd4f2af552add042d716f1d168,0x5fc5360d0400a0fd4f2af552add042d716f1d168,0xdd356aa38f40a7b7076755ac854b6fbb1f0d305b,10000,200,CANONICAL_FACTORY_VIEW_AND_POOL_STATE_AT_FIXED_BLOCK
UNISWAP_V2,0xc6723798b4c7fda5c00c8fba7e66232898c5d1bc,AMZN,0x000000000000000000000000000000004f508d5e2a7042299694d85c2f362ad2,0x12f190a9f9d7d37a250758b26824b97ce941bf54,WETH,0x0bd7d308f8e1639fab988df18a8011f41eacad73,0x0bd7d308f8e1639fab988df18a8011f41eacad73,0x12f190a9f9d7d37a250758b26824b97ce941bf54,3000,,CANONICAL_FACTORY_VIEW_AT_FIXED_BLOCK
UNISWAP_V3,0x7b242dfa849419242e3733308d5c91fe2a7dae7e,AMZN,0x000000000000000000000000000000004f508d5e2a7042299694d85c2f362ad2,0x12f190a9f9d7d37a250758b26824b97ce941bf54,USDG,0x5fc5360d0400a0fd4f2af552add042d716f1d168,0x12f190a9f9d7d37a250758b26824b97ce941bf54,0x5fc5360d0400a0fd4f2af552add042d716f1d168,100,1,CANONICAL_FACTORY_VIEW_AND_POOL_STATE_AT_FIXED_BLOCK
UNISWAP_V3,0x8ac92da74ab5f3b1d024dc1943ad7e15dc4179ef,AMZN,0x000000000000000000000000000000004f508d5e2a7042299694d85c2f362ad2,0x12f190a9f9d7d37a250758b26824b97ce941bf54,USDG,0x5fc5360d0400a0fd4f2af552add042d716f1d168,0x12f190a9f9d7d37a250758b26824b97ce941bf54,0x5fc5360d0400a0fd4f2af552add042d716f1d168,3000,60,CANONICAL_FACTORY_VIEW_AND_POOL_STATE_AT_FIXED_BLOCK
UNISWAP_V3,0x25967b7ca2d06aa46e47e188231ca78c87ef1fd7,AMZN,0x000000000000000000000000000000004f508d5e2a7042299694d85c2f362ad2,0x12f190a9f9d7d37a250758b26824b97ce941bf54,USDG,0x5fc5360d0400a0fd4f2af552add042d716f1d168,0x12f190a9f9d7d37a250758b26824b97ce941bf54,0x5fc5360d0400a0fd4f2af552add042d716f1d168,10000,200,CANONICAL_FACTORY_VIEW_AND_POOL_STATE_AT_FIXED_BLOCK
UNISWAP_V3,0x8b2a73a8234cfc12b8b53ae048d0ddf76bfac37c,AMZN,0x000000000000000000000000000000004f508d5e2a7042299694d85c2f362ad2,0x12f190a9f9d7d37a250758b26824b97ce941bf54,WETH,0x0bd7d308f8e1639fab988df18a8011f41eacad73,0x0bd7d308f8e1639fab988df18a8011f41eacad73,0x12f190a9f9d7d37a250758b26824b97ce941bf54,3000,60,CANONICAL_FACTORY_VIEW_AND_POOL_STATE_AT_FIXED_BLOCK
UNISWAP_V3,0x1de444d502d76313aa00b4c3d556d28b2395c814,ANET,0x00000000000000000000000000000000b423c47a2fed4814a7f1c3c05e1dcb97,0x28babd556b60e53663b8615036479a29c2cdd1bf,USDG,0x5fc5360d0400a0fd4f2af552add042d716f1d168,0x28babd556b60e53663b8615036479a29c2cdd1bf,0x5fc5360d0400a0fd4f2af552add042d716f1d168,3000,60,CANONICAL_FACTORY_VIEW_AND_POOL_STATE_AT_FIXED_BLOCK
UNISWAP_V3,0x6369190700480ae579a331adfcdb7967255186dd,ANET,0x00000000000000000000000000000000b423c47a2fed4814a7f1c3c05e1dcb97,0x28babd556b60e53663b8615036479a29c2cdd1bf,USDG,0x5fc5360d0400a0fd4f2af552add042d716f1d168,0x28babd556b60e53663b8615036479a29c2cdd1bf,0x5fc5360d0400a0fd4f2af552add042d716f1d168,10000,200,CANONICAL_FACTORY_VIEW_AND_POOL_STATE_AT_FIXED_BLOCK
UNISWAP_V3,0x3b2ebc77d892cd02c913b9da9a8354d7925f4c8c,APLD,0x0000000000000000000000000000000004a960b45163413698f0f69b5454785d,0xb8dbf92f9741c9ac1c32115e78581f23509916fd,USDG,0x5fc5360d0400a0fd4f2af552add042d716f1d168,0x5fc5360d0400a0fd4f2af552add042d716f1d168,0xb8dbf92f9741c9ac1c32115e78581f23509916fd,10000,200,CANONICAL_FACTORY_VIEW_AND_POOL_STATE_AT_FIXED_BLOCK
UNISWAP_V3,0x7caec5689e7daf976469769e45001e99314eaac8,APP,0x00000000000000000000000000000000a27266921f864cf2aa69baad4124d11f,0xa249baf1063af884807c1e1400aef7784836917e,USDG,0x5fc5360d0400a0fd4f2af552add042d716f1d168,0x5fc5360d0400a0fd4f2af552add042d716f1d168,0xa249baf1063af884807c1e1400aef7784836917e,10000,200,CANONICAL_FACTORY_VIEW_AND_POOL_STATE_AT_FIXED_BLOCK
UNISWAP_V3,0xce79c1b7b5f9ae1aab3b1796e7fcd2f5f24cf265,ASML,0x00000000000000000000000000000000f6e013126d524981acc9df053b0c19ea,0x47f93d52cbec7c6d2cfc080e154002370a60daea,USDG,0x5fc5360d0400a0fd4f2af552add042d716f1d168,0x47f93d52cbec7c6d2cfc080e154002370a60daea,0x5fc5360d0400a0fd4f2af552add042d716f1d168,3000,60,CANONICAL_FACTORY_VIEW_AND_POOL_STATE_AT_FIXED_BLOCK
UNISWAP_V3,0xedb22516b14eb2d1c86927db373b0e8bf70f5cd1,ASML,0x00000000000000000000000000000000f6e013126d524981acc9df053b0c19ea,0x47f93d52cbec7c6d2cfc080e154002370a60daea,USDG,0x5fc5360d0400a0fd4f2af552add042d716f1d168,0x47f93d52cbec7c6d2cfc080e154002370a60daea,0x5fc5360d0400a0fd4f2af552add042d716f1d168,10000,200,CANONICAL_FACTORY_VIEW_AND_POOL_STATE_AT_FIXED_BLOCK
UNISWAP_V3,0xb4c19c79b22310b5fb70959c3490149638e7bd14,ASTS,0x00000000000000000000000000000000778bc606b4504ca0babd4e171d5262ee,0x1af6446f07eb1d97c546afc8c9544cbdf3ad5137,USDG,0x5fc5360d0400a0fd4f2af552add042d716f1d168,0x1af6446f07eb1d97c546afc8c9544cbdf3ad5137,0x5fc5360d0400a0fd4f2af552add042d716f1d168,10000,200,CANONICAL_FACTORY_VIEW_AND_POOL_STATE_AT_FIXED_BLOCK
UNISWAP_V3,0x8cd2c46b8c52e3d143446e959ecf01396feb667a,AUR,0x00000000000000000000000000000000c0c36a7e53234128bcb2e369ebc065c2,0x373c06c4f7bde527d7dae4ba169e42b55e393ced,USDG,0x5fc5360d0400a0fd4f2af552add042d716f1d168,0x373c06c4f7bde527d7dae4ba169e42b55e393ced,0x5fc5360d0400a0fd4f2af552add042d716f1d168,10000,200,CANONICAL_FACTORY_VIEW_AND_POOL_STATE_AT_FIXED_BLOCK
UNISWAP_V3,0xb4a1331504e4282746c30b89c7f6e6a73adcff88,AVAV,0x00000000000000000000000000000000f7eed20de20b4d05851c48313f1701b7,0xf6290b5e7c26502e2da514c31509849718ea76a5,USDG,0x5fc5360d0400a0fd4f2af552add042d716f1d168,0x5fc5360d0400a0fd4f2af552add042d716f1d168,0xf6290b5e7c26502e2da514c31509849718ea76a5,10000,200,CANONICAL_FACTORY_VIEW_AND_POOL_STATE_AT_FIXED_BLOCK
UNISWAP_V3,0x5b7c404f1d7d77f9f3885ab13d7764f8a173028c,AVGO,0x000000000000000000000000000000001bbb45628de84cb2917abd26680c7ab9,0x156e175dd063a8ce274c50654ef40e0032b3fbcf,USDG,0x5fc5360d0400a0fd4f2af552add042d716f1d168,0x156e175dd063a8ce274c50654ef40e0032b3fbcf,0x5fc5360d0400a0fd4f2af552add042d716f1d168,3000,60,CANONICAL_FACTORY_VIEW_AND_POOL_STATE_AT_FIXED_BLOCK
UNISWAP_V3,0xc3dabbed6574e1ef93c9e3e68e4e30ba77ca38be,AVGO,0x000000000000000000000000000000001bbb45628de84cb2917abd26680c7ab9,0x156e175dd063a8ce274c50654ef40e0032b3fbcf,USDG,0x5fc5360d0400a0fd4f2af552add042d716f1d168,0x156e175dd063a8ce274c50654ef40e0032b3fbcf,0x5fc5360d0400a0fd4f2af552add042d716f1d168,10000,200,CANONICAL_FACTORY_VIEW_AND_POOL_STATE_AT_FIXED_BLOCK
UNISWAP_V3,0x1fd543d2a5b31f2e200cee133d54581a475bd88f,AXON,0x00000000000000000000000000000000cdf9557e169847919e821c0a7bbb4fd3,0xc27dbd474af5181c5a8777903690d8d262d12648,USDG,0x5fc5360d0400a0fd4f2af552add042d716f1d168,0x5fc5360d0400a0fd4f2af552add042d716f1d168,0xc27dbd474af5181c5a8777903690d8d262d12648,10000,200,CANONICAL_FACTORY_VIEW_AND_POOL_STATE_AT_FIXED_BLOCK
UNISWAP_V3,0x0340bfc46e756f1dcc309ae43b78456885309c09,AXTI,0x000000000000000000000000000000005756ed74636b4fb7a1cb3bbdbd18eb64,0x141eea040c2250eec0314e336975e81f85f6585e,USDG,0x5fc5360d0400a0fd4f2af552add042d716f1d168,0x141eea040c2250eec0314e336975e81f85f6585e,0x5fc5360d0400a0fd4f2af552add042d716f1d168,10000,200,CANONICAL_FACTORY_VIEW_AND_POOL_STATE_AT_FIXED_BLOCK
UNISWAP_V3,0xc6517047b189c72d3baa9ef37d1d28f27a63638a,BA,0x0000000000000000000000000000000047129a8e0f8f4091841e4004bfa08013,0x4d21483a44bf67a86b77e3da301411880797d452,USDG,0x5fc5360d0400a0fd4f2af552add042d716f1d168,0x4d21483a44bf67a86b77e3da301411880797d452,0x5fc5360d0400a0fd4f2af552add042d716f1d168,3000,60,CANONICAL_FACTORY_VIEW_AND_POOL_STATE_AT_FIXED_BLOCK
UNISWAP_V3,0xbf3904cad0e63a4796cf806c21f2c1528b8ebe06,BA,0x0000000000000000000000000000000047129a8e0f8f4091841e4004bfa08013,0x4d21483a44bf67a86b77e3da301411880797d452,USDG,0x5fc5360d0400a0fd4f2af552add042d716f1d168,0x4d21483a44bf67a86b77e3da301411880797d452,0x5fc5360d0400a0fd4f2af552add042d716f1d168,10000,200,CANONICAL_FACTORY_VIEW_AND_POOL_STATE_AT_FIXED_BLOCK
UNISWAP_V3,0x368ddd38861d31435d764fc54df7d16481e3590b,BABA,0x000000000000000000000000000000006ef9da606f504495ad7de6a7a58b87cd,0xad25ac6c84d497db898fa1e8387bf6af3532a1c4,USDG,0x5fc5360d0400a0fd4f2af552add042d716f1d168,0x5fc5360d0400a0fd4f2af552add042d716f1d168,0xad25ac6c84d497db898fa1e8387bf6af3532a1c4,500,10,CANONICAL_FACTORY_VIEW_AND_POOL_STATE_AT_FIXED_BLOCK
UNISWAP_V3,0xa57ab582b310dd6f9e934ea1eeea152741545e6a,BABA,0x000000000000000000000000000000006ef9da606f504495ad7de6a7a58b87cd,0xad25ac6c84d497db898fa1e8387bf6af3532a1c4,USDG,0x5fc5360d0400a0fd4f2af552add042d716f1d168,0x5fc5360d0400a0fd4f2af552add042d716f1d168,0xad25ac6c84d497db898fa1e8387bf6af3532a1c4,3000,60,CANONICAL_FACTORY_VIEW_AND_POOL_STATE_AT_FIXED_BLOCK
UNISWAP_V3,0x9eda4bcb3ebfede532f3cae3864fc0cefff782aa,BABA,0x000000000000000000000000000000006ef9da606f504495ad7de6a7a58b87cd,0xad25ac6c84d497db898fa1e8387bf6af3532a1c4,USDG,0x5fc5360d0400a0fd4f2af552add042d716f1d168,0x5fc5360d0400a0fd4f2af552add042d716f1d168,0xad25ac6c84d497db898fa1e8387bf6af3532a1c4,10000,200,CANONICAL_FACTORY_VIEW_AND_POOL_STATE_AT_FIXED_BLOCK
UNISWAP_V3,0xc424e56e816f148a8b30ccbde2128e04d21f51e9,BB,0x00000000000000000000000000000000551774850f194601b6cdefc8c802696d,0x48e39e56acdba37b09020c0b734a613c9a2f100a,USDG,0x5fc5360d0400a0fd4f2af552add042d716f1d168,0x48e39e56acdba37b09020c0b734a613c9a2f100a,0x5fc5360d0400a0fd4f2af552add042d716f1d168,10000,200,CANONICAL_FACTORY_VIEW_AND_POOL_STATE_AT_FIXED_BLOCK
UNISWAP_V3,0x183304567485e97e68835708f572aaa0e0e71d08,BB,0x00000000000000000000000000000000551774850f194601b6cdefc8c802696d,0x48e39e56acdba37b09020c0b734a613c9a2f100a,WETH,0x0bd7d308f8e1639fab988df18a8011f41eacad73,0x0bd7d308f8e1639fab988df18a8011f41eacad73,0x48e39e56acdba37b09020c0b734a613c9a2f100a,10000,200,CANONICAL_FACTORY_VIEW_AND_POOL_STATE_AT_FIXED_BLOCK
UNISWAP_V3,0x1bad145c8f06444e0df81c28257cd20231bd1f16,BE,0x00000000000000000000000000000000d73a53e43ed744d4b5d42c5293ba51ad,0x822cc93ffd030293e9842c30bbd678f530701867,USDG,0x5fc5360d0400a0fd4f2af552add042d716f1d168,0x5fc5360d0400a0fd4f2af552add042d716f1d168,0x822cc93ffd030293e9842c30bbd678f530701867,3000,60,CANONICAL_FACTORY_VIEW_AND_POOL_STATE_AT_FIXED_BLOCK
UNISWAP_V3,0xb28ae7eaa50a7eb468d6aa516c85b1bb56b3b085,BE,0x00000000000000000000000000000000d73a53e43ed744d4b5d42c5293ba51ad,0x822cc93ffd030293e9842c30bbd678f530701867,USDG,0x5fc5360d0400a0fd4f2af552add042d716f1d168,0x5fc5360d0400a0fd4f2af552add042d716f1d168,0x822cc93ffd030293e9842c30bbd678f530701867,10000,200,CANONICAL_FACTORY_VIEW_AND_POOL_STATE_AT_FIXED_BLOCK
UNISWAP_V3,0xe3eca0fa4a9bd2c90852c94fe4a756da11300489,BE,0x00000000000000000000000000000000d73a53e43ed744d4b5d42c5293ba51ad,0x822cc93ffd030293e9842c30bbd678f530701867,WETH,0x0bd7d308f8e1639fab988df18a8011f41eacad73,0x0bd7d308f8e1639fab988df18a8011f41eacad73,0x822cc93ffd030293e9842c30bbd678f530701867,3000,60,CANONICAL_FACTORY_VIEW_AND_POOL_STATE_AT_FIXED_BLOCK
UNISWAP_V3,0x4f7039ae91038a11e76da15f0ccc0ffc90e7c37b,BND,0x000000000000000000000000000000006604af6b5c4a4031a29417ec8c2f8c53,0x2f62fc9fabb470c690f141c28340ed832bb27020,USDG,0x5fc5360d0400a0fd4f2af552add042d716f1d168,0x2f62fc9fabb470c690f141c28340ed832bb27020,0x5fc5360d0400a0fd4f2af552add042d716f1d168,10000,200,CANONICAL_FACTORY_VIEW_AND_POOL_STATE_AT_FIXED_BLOCK
UNISWAP_V3,0x115aac1e54bba1e4d10834093147ad8b4b67312d,BULL,0x000000000000000000000000000000006b598b911bbf43ee8ca6be4dd7267f6d,0xcef9027c7d6985b85f0ba431125073529a947a68,USDG,0x5fc5360d0400a0fd4f2af552add042d716f1d168,0x5fc5360d0400a0fd4f2af552add042d716f1d168,0xcef9027c7d6985b85f0ba431125073529a947a68,3000,60,CANONICAL_FACTORY_VIEW_AND_POOL_STATE_AT_FIXED_BLOCK
UNISWAP_V3,0x396e9f3c8cd496311ba3cd19901b2022fe265c2c,BULL,0x000000000000000000000000000000006b598b911bbf43ee8ca6be4dd7267f6d,0xcef9027c7d6985b85f0ba431125073529a947a68,USDG,0x5fc5360d0400a0fd4f2af552add042d716f1d168,0x5fc5360d0400a0fd4f2af552add042d716f1d168,0xcef9027c7d6985b85f0ba431125073529a947a68,10000,200,CANONICAL_FACTORY_VIEW_AND_POOL_STATE_AT_FIXED_BLOCK
UNISWAP_V3,0x0a393801fea32a50be77dab6c8bbb503db3a4663,BULL,0x000000000000000000000000000000006b598b911bbf43ee8ca6be4dd7267f6d,0xcef9027c7d6985b85f0ba431125073529a947a68,WETH,0x0bd7d308f8e1639fab988df18a8011f41eacad73,0x0bd7d308f8e1639fab988df18a8011f41eacad73,0xcef9027c7d6985b85f0ba431125073529a947a68,10000,200,CANONICAL_FACTORY_VIEW_AND_POOL_STATE_AT_FIXED_BLOCK
UNISWAP_V3,0xa887c160493c80b8cf2a847a0da103e8aa5fe8f9,CBRS,0x000000000000000000000000000000002e030d9bc86c45e2b9e02418dd312548,0x5c90450bbb4273d7b2f17cf6917aeb237a569679,USDG,0x5fc5360d0400a0fd4f2af552add042d716f1d168,0x5c90450bbb4273d7b2f17cf6917aeb237a569679,0x5fc5360d0400a0fd4f2af552add042d716f1d168,10000,200,CANONICAL_FACTORY_VIEW_AND_POOL_STATE_AT_FIXED_BLOCK
UNISWAP_V3,0xb19ace635ef3a28b85bfb01bae97d0de80750680,CCL,0x000000000000000000000000000000001cf204e4aa464340bf2e68461ff6d8d3,0x9651342cea770ae9a2969ba2a52611523146aef9,USDG,0x5fc5360d0400a0fd4f2af552add042d716f1d168,0x5fc5360d0400a0fd4f2af552add042d716f1d168,0x9651342cea770ae9a2969ba2a52611523146aef9,10000,200,CANONICAL_FACTORY_VIEW_AND_POOL_STATE_AT_FIXED_BLOCK
UNISWAP_V3,0xc9529b7dc74bf15da6cee01a282908e8c7ab6ba3,CEG,0x0000000000000000000000000000000068576a5b6aee4a6bbc9f0d91f47e3918,0xae517a2903e68bd929dfd15be875f8369d53e94a,USDG,0x5fc5360d0400a0fd4f2af552add042d716f1d168,0x5fc5360d0400a0fd4f2af552add042d716f1d168,0xae517a2903e68bd929dfd15be875f8369d53e94a,10000,200,CANONICAL_FACTORY_VIEW_AND_POOL_STATE_AT_FIXED_BLOCK
UNISWAP_V3,0xe36dbdc0d6d5ab3182b6c18ba14b65bd676cce02,CELH,0x00000000000000000000000000000000e5c73eb672384c37ab8554f9ebe3131a,0x8cf07c5a878945185d327aaa6e33faa95f95e7bf,USDG,0x5fc5360d0400a0fd4f2af552add042d716f1d168,0x5fc5360d0400a0fd4f2af552add042d716f1d168,0x8cf07c5a878945185d327aaa6e33faa95f95e7bf,10000,200,CANONICAL_FACTORY_VIEW_AND_POOL_STATE_AT_FIXED_BLOCK
UNISWAP_V3,0xbd7a539d199783b9e2a91de16de1050b52cc75ca,CIEN,0x0000000000000000000000000000000003bd94e037654c6a9828af2137edd3c3,0x44f6d488021f8233b9416294d1fe9b1fee28382d,USDG,0x5fc5360d0400a0fd4f2af552add042d716f1d168,0x44f6d488021f8233b9416294d1fe9b1fee28382d,0x5fc5360d0400a0fd4f2af552add042d716f1d168,10000,200,CANONICAL_FACTORY_VIEW_AND_POOL_STATE_AT_FIXED_BLOCK
UNISWAP_V3,0xbdfbc71db927fd566080ac21c6a2a89ae061f940,CLOV,0x000000000000000000000000000000006e6855f045c84b9cabd44da9108be2f8,0x62200915e7deab1ec7f79fb246dadbb80eacddd0,USDG,0x5fc5360d0400a0fd4f2af552add042d716f1d168,0x5fc5360d0400a0fd4f2af552add042d716f1d168,0x62200915e7deab1ec7f79fb246dadbb80eacddd0,10000,200,CANONICAL_FACTORY_VIEW_AND_POOL_STATE_AT_FIXED_BLOCK
UNISWAP_V3,0xaea7d4e856a1fc2bd23c7ea26a3433464de0428f,CLS,0x00000000000000000000000000000000819d5f213b4746e79145d1fc118dcfed,0xbf449977089c718c004a66c554b26b94ef3ad4de,USDG,0x5fc5360d0400a0fd4f2af552add042d716f1d168,0x5fc5360d0400a0fd4f2af552add042d716f1d168,0xbf449977089c718c004a66c554b26b94ef3ad4de,10000,200,CANONICAL_FACTORY_VIEW_AND_POOL_STATE_AT_FIXED_BLOCK
UNISWAP_V3,0xf58a091afd28f26e7e2a60803e6dfb5a8e451021,CLSK,0x00000000000000000000000000000000730835cf25474184af89c27075a82be1,0xcbb95bbf36099d34da091dc6fa6f49efa257cee3,USDG,0x5fc5360d0400a0fd4f2af552add042d716f1d168,0x5fc5360d0400a0fd4f2af552add042d716f1d168,0xcbb95bbf36099d34da091dc6fa6f49efa257cee3,10000,200,CANONICAL_FACTORY_VIEW_AND_POOL_STATE_AT_FIXED_BLOCK
UNISWAP_V3,0x22003c6509db36dc67523b2496993f6348fc7f92,COHR,0x00000000000000000000000000000000bf2748d148654427a4034359cbfb6f91,0x92f9f459f1a9a5ad266b182be7bffd1c6c666894,USDG,0x5fc5360d0400a0fd4f2af552add042d716f1d168,0x5fc5360d0400a0fd4f2af552add042d716f1d168,0x92f9f459f1a9a5ad266b182be7bffd1c6c666894,10000,200,CANONICAL_FACTORY_VIEW_AND_POOL_STATE_AT_FIXED_BLOCK
UNISWAP_V3,0x1aa941420f6347cf004e2d21e40f0632d8862cf8,COIN,0x00000000000000000000000000000000970b46dbdece4ae4958a53815e62a85a,0x6330d8c3178a418788df01a47479c0ce7ccf450b,USDG,0x5fc5360d0400a0fd4f2af552add042d716f1d168,0x5fc5360d0400a0fd4f2af552add042d716f1d168,0x6330d8c3178a418788df01a47479c0ce7ccf450b,100,1,CANONICAL_FACTORY_VIEW_AND_POOL_STATE_AT_FIXED_BLOCK
UNISWAP_V3,0x5c51a0035051fa2db80aec8781be3bd6207d27e0,COIN,0x00000000000000000000000000000000970b46dbdece4ae4958a53815e62a85a,0x6330d8c3178a418788df01a47479c0ce7ccf450b,USDG,0x5fc5360d0400a0fd4f2af552add042d716f1d168,0x5fc5360d0400a0fd4f2af552add042d716f1d168,0x6330d8c3178a418788df01a47479c0ce7ccf450b,3000,60,CANONICAL_FACTORY_VIEW_AND_POOL_STATE_AT_FIXED_BLOCK
UNISWAP_V3,0x6707aeac7d0e519b083219d27bb427364363183a,COIN,0x00000000000000000000000000000000970b46dbdece4ae4958a53815e62a85a,0x6330d8c3178a418788df01a47479c0ce7ccf450b,WETH,0x0bd7d308f8e1639fab988df18a8011f41eacad73,0x0bd7d308f8e1639fab988df18a8011f41eacad73,0x6330d8c3178a418788df01a47479c0ce7ccf450b,3000,60,CANONICAL_FACTORY_VIEW_AND_POOL_STATE_AT_FIXED_BLOCK
UNISWAP_V3,0x0a2121a50a09ed0796ae81f9c53ff9398355a398,COST,0x00000000000000000000000000000000e0e44220991548d0b030699e3062c2a7,0x4ea005168d7f09a7a0ba9d1def21a479950e44c2,USDG,0x5fc5360d0400a0fd4f2af552add042d716f1d168,0x4ea005168d7f09a7a0ba9d1def21a479950e44c2,0x5fc5360d0400a0fd4f2af552add042d716f1d168,3000,60,CANONICAL_FACTORY_VIEW_AND_POOL_STATE_AT_FIXED_BLOCK
UNISWAP_V3,0xdb073638f94a384b8b7a647d73274decac9e7ca5,COST,0x00000000000000000000000000000000e0e44220991548d0b030699e3062c2a7,0x4ea005168d7f09a7a0ba9d1def21a479950e44c2,USDG,0x5fc5360d0400a0fd4f2af552add042d716f1d168,0x4ea005168d7f09a7a0ba9d1def21a479950e44c2,0x5fc5360d0400a0fd4f2af552add042d716f1d168,10000,200,CANONICAL_FACTORY_VIEW_AND_POOL_STATE_AT_FIXED_BLOCK
UNISWAP_V3,0xc478a811a0002be4321a142d5446247456b1cb05,COST,0x00000000000000000000000000000000e0e44220991548d0b030699e3062c2a7,0x4ea005168d7f09a7a0ba9d1def21a479950e44c2,WETH,0x0bd7d308f8e1639fab988df18a8011f41eacad73,0x0bd7d308f8e1639fab988df18a8011f41eacad73,0x4ea005168d7f09a7a0ba9d1def21a479950e44c2,10000,200,CANONICAL_FACTORY_VIEW_AND_POOL_STATE_AT_FIXED_BLOCK
UNISWAP_V3,0xa01e08626792d78c65c495b581a50d2156dc860c,CRCL,0x000000000000000000000000000000005047f8f8a1a34a9ebee52a4155570807,0xdf0992e440dd0be65bd8439b609d6d4366bf1cb5,USDG,0x5fc5360d0400a0fd4f2af552add042d716f1d168,0x5fc5360d0400a0fd4f2af552add042d716f1d168,0xdf0992e440dd0be65bd8439b609d6d4366bf1cb5,500,10,CANONICAL_FACTORY_VIEW_AND_POOL_STATE_AT_FIXED_BLOCK
UNISWAP_V3,0x654e4143e82a5824445ade0824351c2a9acd95a8,CRCL,0x000000000000000000000000000000005047f8f8a1a34a9ebee52a4155570807,0xdf0992e440dd0be65bd8439b609d6d4366bf1cb5,USDG,0x5fc5360d0400a0fd4f2af552add042d716f1d168,0x5fc5360d0400a0fd4f2af552add042d716f1d168,0xdf0992e440dd0be65bd8439b609d6d4366bf1cb5,3000,60,CANONICAL_FACTORY_VIEW_AND_POOL_STATE_AT_FIXED_BLOCK
UNISWAP_V3,0x9324a34abd68e46cd0f62a561a7bb10a2b1fa477,CRCL,0x000000000000000000000000000000005047f8f8a1a34a9ebee52a4155570807,0xdf0992e440dd0be65bd8439b609d6d4366bf1cb5,USDG,0x5fc5360d0400a0fd4f2af552add042d716f1d168,0x5fc5360d0400a0fd4f2af552add042d716f1d168,0xdf0992e440dd0be65bd8439b609d6d4366bf1cb5,10000,200,CANONICAL_FACTORY_VIEW_AND_POOL_STATE_AT_FIXED_BLOCK
UNISWAP_V3,0x38163f0d0f2a002382013d8aa98f29ce5fc63774,CRCL,0x000000000000000000000000000000005047f8f8a1a34a9ebee52a4155570807,0xdf0992e440dd0be65bd8439b609d6d4366bf1cb5,WETH,0x0bd7d308f8e1639fab988df18a8011f41eacad73,0x0bd7d308f8e1639fab988df18a8011f41eacad73,0xdf0992e440dd0be65bd8439b609d6d4366bf1cb5,3000,60,CANONICAL_FACTORY_VIEW_AND_POOL_STATE_AT_FIXED_BLOCK
UNISWAP_V3,0x754ddd4bf8e8635b4301a7f4af2ea7a82ab6cea7,CRCL,0x000000000000000000000000000000005047f8f8a1a34a9ebee52a4155570807,0xdf0992e440dd0be65bd8439b609d6d4366bf1cb5,WETH,0x0bd7d308f8e1639fab988df18a8011f41eacad73,0x0bd7d308f8e1639fab988df18a8011f41eacad73,0xdf0992e440dd0be65bd8439b609d6d4366bf1cb5,10000,200,CANONICAL_FACTORY_VIEW_AND_POOL_STATE_AT_FIXED_BLOCK
UNISWAP_V3,0x56db8aca8ce66b913cbba8c7f1f499834d056f20,CRDO,0x000000000000000000000000000000008e29de423e4b4105b3644e645fda354a,0x4d67253bc223e6b0e104f1084c1fb2b669ddc41b,USDG,0x5fc5360d0400a0fd4f2af552add042d716f1d168,0x4d67253bc223e6b0e104f1084c1fb2b669ddc41b,0x5fc5360d0400a0fd4f2af552add042d716f1d168,10000,200,CANONICAL_FACTORY_VIEW_AND_POOL_STATE_AT_FIXED_BLOCK
UNISWAP_V3,0xda68fba2d1bca00e3754937b5608ba61aee6e827,CRM,0x00000000000000000000000000000000022015c295294037bfe416d3e45327b9,0xd95b44124e475743a7589e68f3d74008a5536d44,USDG,0x5fc5360d0400a0fd4f2af552add042d716f1d168,0x5fc5360d0400a0fd4f2af552add042d716f1d168,0xd95b44124e475743a7589e68f3d74008a5536d44,10000,200,CANONICAL_FACTORY_VIEW_AND_POOL_STATE_AT_FIXED_BLOCK
UNISWAP_V3,0xdee31838ed96e8b68d6a16d3db9fdf4fbd672929,CRWD,0x000000000000000000000000000000001adecf2c6a3749f9873b8926b5977c0a,0xea72ecca2d0f6bfa1394dbbcff85b52cd4233931,USDG,0x5fc5360d0400a0fd4f2af552add042d716f1d168,0x5fc5360d0400a0fd4f2af552add042d716f1d168,0xea72ecca2d0f6bfa1394dbbcff85b52cd4233931,10000,200,CANONICAL_FACTORY_VIEW_AND_POOL_STATE_AT_FIXED_BLOCK
UNISWAP_V3,0x9d181080aaa2d6086ac56c36e1a903bbdd77e69a,CSCO,0x0000000000000000000000000000000052b1bd2848fd4837baefc662660c6b28,0xf543967eebb6f1917992ef0e68de63ab07a5a0da,USDG,0x5fc5360d0400a0fd4f2af552add042d716f1d168,0x5fc5360d0400a0fd4f2af552add042d716f1d168,0xf543967eebb6f1917992ef0e68de63ab07a5a0da,10000,200,CANONICAL_FACTORY_VIEW_AND_POOL_STATE_AT_FIXED_BLOCK
UNISWAP_V3,0x95a8f85c70805bf74d93caa69c60db4475977c5b,CTSH,0x00000000000000000000000000000000b5fe9845954e479aa8519666c3f56476,0x63d5a3b6939a33f1e75d8bcd85759858239600db,USDG,0x5fc5360d0400a0fd4f2af552add042d716f1d168,0x5fc5360d0400a0fd4f2af552add042d716f1d168,0x63d5a3b6939a33f1e75d8bcd85759858239600db,10000,200,CANONICAL_FACTORY_VIEW_AND_POOL_STATE_AT_FIXED_BLOCK
UNISWAP_V3,0x808824415812648f537c2306fb67ed65d8d25f87,CVNA,0x00000000000000000000000000000000551774b7a07e4f24a8901f266c16a86d,0xa4f319104089fe321dc8093c6e707d4fe190a988,USDG,0x5fc5360d0400a0fd4f2af552add042d716f1d168,0x5fc5360d0400a0fd4f2af552add042d716f1d168,0xa4f319104089fe321dc8093c6e707d4fe190a988,10000,200,CANONICAL_FACTORY_VIEW_AND_POOL_STATE_AT_FIXED_BLOCK
UNISWAP_V3,0xb9a8b0a8a724f0813cef2c9bfef102087a33753e,DDOG,0x00000000000000000000000000000000d4bd519623e545bf91b7ea590c66801e,0x27c99fbde9d0d2aa4f4bfb4943f237843ddf6958,USDG,0x5fc5360d0400a0fd4f2af552add042d716f1d168,0x27c99fbde9d0d2aa4f4bfb4943f237843ddf6958,0x5fc5360d0400a0fd4f2af552add042d716f1d168,10000,200,CANONICAL_FACTORY_VIEW_AND_POOL_STATE_AT_FIXED_BLOCK
UNISWAP_V3,0x93b24d70df3fe4bf70a319507484cdd868bdff46,DDOG,0x00000000000000000000000000000000d4bd519623e545bf91b7ea590c66801e,0x27c99fbde9d0d2aa4f4bfb4943f237843ddf6958,WETH,0x0bd7d308f8e1639fab988df18a8011f41eacad73,0x0bd7d308f8e1639fab988df18a8011f41eacad73,0x27c99fbde9d0d2aa4f4bfb4943f237843ddf6958,10000,200,CANONICAL_FACTORY_VIEW_AND_POOL_STATE_AT_FIXED_BLOCK
UNISWAP_V3,0xa0f5ef20f49db62bb20e0f2b51257ca897a01a5f,DELL,0x0000000000000000000000000000000014eaef73a2c44d62b7952cfd0a44ff51,0x941ae714ec6d8130c7b75d67160ca08f1e7d11dd,USDG,0x5fc5360d0400a0fd4f2af552add042d716f1d168,0x5fc5360d0400a0fd4f2af552add042d716f1d168,0x941ae714ec6d8130c7b75d67160ca08f1e7d11dd,3000,60,CANONICAL_FACTORY_VIEW_AND_POOL_STATE_AT_FIXED_BLOCK
UNISWAP_V3,0xc30c89cb7815a1488b7998d15eec73961707fc5a,DELL,0x0000000000000000000000000000000014eaef73a2c44d62b7952cfd0a44ff51,0x941ae714ec6d8130c7b75d67160ca08f1e7d11dd,USDG,0x5fc5360d0400a0fd4f2af552add042d716f1d168,0x5fc5360d0400a0fd4f2af552add042d716f1d168,0x941ae714ec6d8130c7b75d67160ca08f1e7d11dd,10000,200,CANONICAL_FACTORY_VIEW_AND_POOL_STATE_AT_FIXED_BLOCK
UNISWAP_V2,0xe47ebec49e9d881f174a40a6f68c1a5a04d57456,DJT,0x00000000000000000000000000000000d8a566c761e845fc8adffb9b2295c3ee,0x1d11f0496982706c5e14a514d4e79f2e6bde4516,USDG,0x5fc5360d0400a0fd4f2af552add042d716f1d168,0x1d11f0496982706c5e14a514d4e79f2e6bde4516,0x5fc5360d0400a0fd4f2af552add042d716f1d168,3000,,CANONICAL_FACTORY_VIEW_AT_FIXED_BLOCK
UNISWAP_V3,0x336672031dca39d4160f61106db0e92295ddad6f,DJT,0x00000000000000000000000000000000d8a566c761e845fc8adffb9b2295c3ee,0x1d11f0496982706c5e14a514d4e79f2e6bde4516,USDG,0x5fc5360d0400a0fd4f2af552add042d716f1d168,0x1d11f0496982706c5e14a514d4e79f2e6bde4516,0x5fc5360d0400a0fd4f2af552add042d716f1d168,500,10,CANONICAL_FACTORY_VIEW_AND_POOL_STATE_AT_FIXED_BLOCK
UNISWAP_V3,0x656eedc3e805ca2da197071f742908732d60901b,DJT,0x00000000000000000000000000000000d8a566c761e845fc8adffb9b2295c3ee,0x1d11f0496982706c5e14a514d4e79f2e6bde4516,USDG,0x5fc5360d0400a0fd4f2af552add042d716f1d168,0x1d11f0496982706c5e14a514d4e79f2e6bde4516,0x5fc5360d0400a0fd4f2af552add042d716f1d168,3000,60,CANONICAL_FACTORY_VIEW_AND_POOL_STATE_AT_FIXED_BLOCK
UNISWAP_V3,0x31a89afd92f9397465649ad03226c52292fc1ae5,DJT,0x00000000000000000000000000000000d8a566c761e845fc8adffb9b2295c3ee,0x1d11f0496982706c5e14a514d4e79f2e6bde4516,USDG,0x5fc5360d0400a0fd4f2af552add042d716f1d168,0x1d11f0496982706c5e14a514d4e79f2e6bde4516,0x5fc5360d0400a0fd4f2af552add042d716f1d168,10000,200,CANONICAL_FACTORY_VIEW_AND_POOL_STATE_AT_FIXED_BLOCK
UNISWAP_V3,0x95def4ea143630d64caa8f55f7570d8023f20265,DJT,0x00000000000000000000000000000000d8a566c761e845fc8adffb9b2295c3ee,0x1d11f0496982706c5e14a514d4e79f2e6bde4516,WETH,0x0bd7d308f8e1639fab988df18a8011f41eacad73,0x0bd7d308f8e1639fab988df18a8011f41eacad73,0x1d11f0496982706c5e14a514d4e79f2e6bde4516,500,10,CANONICAL_FACTORY_VIEW_AND_POOL_STATE_AT_FIXED_BLOCK
UNISWAP_V3,0x81b4caac5d313ea0c831c4d16f8c23937602dcf1,DJT,0x00000000000000000000000000000000d8a566c761e845fc8adffb9b2295c3ee,0x1d11f0496982706c5e14a514d4e79f2e6bde4516,WETH,0x0bd7d308f8e1639fab988df18a8011f41eacad73,0x0bd7d308f8e1639fab988df18a8011f41eacad73,0x1d11f0496982706c5e14a514d4e79f2e6bde4516,3000,60,CANONICAL_FACTORY_VIEW_AND_POOL_STATE_AT_FIXED_BLOCK
UNISWAP_V3,0xb36d4e9941be715cf8dfe2e0f22637e326f5697f,DJT,0x00000000000000000000000000000000d8a566c761e845fc8adffb9b2295c3ee,0x1d11f0496982706c5e14a514d4e79f2e6bde4516,WETH,0x0bd7d308f8e1639fab988df18a8011f41eacad73,0x0bd7d308f8e1639fab988df18a8011f41eacad73,0x1d11f0496982706c5e14a514d4e79f2e6bde4516,10000,200,CANONICAL_FACTORY_VIEW_AND_POOL_STATE_AT_FIXED_BLOCK
UNISWAP_V3,0xdebba94d2143ea05dd92ae67161b53112f770842,DOCN,0x00000000000000000000000000000000dfb6ab4d0e0f4cc5bff6d60396755b5f,0xc02f12b9fe9e707079ec0d546f3050d3f6c1f8bd,USDG,0x5fc5360d0400a0fd4f2af552add042d716f1d168,0x5fc5360d0400a0fd4f2af552add042d716f1d168,0xc02f12b9fe9e707079ec0d546f3050d3f6c1f8bd,10000,200,CANONICAL_FACTORY_VIEW_AND_POOL_STATE_AT_FIXED_BLOCK
UNISWAP_V3,0xc7d6ced1b7746784a20a1201fa9eb4c676f1b0e3,ELF,0x000000000000000000000000000000004ed544ce43734899971a27f98af8972e,0x39ec44bee4f6a116c6f9b8de566848a985c53c60,USDG,0x5fc5360d0400a0fd4f2af552add042d716f1d168,0x39ec44bee4f6a116c6f9b8de566848a985c53c60,0x5fc5360d0400a0fd4f2af552add042d716f1d168,10000,200,CANONICAL_FACTORY_VIEW_AND_POOL_STATE_AT_FIXED_BLOCK
UNISWAP_V3,0xe46891c34a895e988ff94ca79d20dcf1cfb02f64,EWT,0x00000000000000000000000000000000d198f900bc014be980442c67f2444460,0x1c690498150252222c275a5ced69d3a6b1f52d5e,USDG,0x5fc5360d0400a0fd4f2af552add042d716f1d168,0x1c690498150252222c275a5ced69d3a6b1f52d5e,0x5fc5360d0400a0fd4f2af552add042d716f1d168,10000,200,CANONICAL_FACTORY_VIEW_AND_POOL_STATE_AT_FIXED_BLOCK
UNISWAP_V3,0xe180b7fd9acc014d9fbd0d46a9038edb30008482,EWY,0x000000000000000000000000000000008a8710f26e424b2dbc1f6b5de9f267b8,0x7f0abef0c07280f82c6a08ead09ded6bae2c13fc,USDG,0x5fc5360d0400a0fd4f2af552add042d716f1d168,0x5fc5360d0400a0fd4f2af552add042d716f1d168,0x7f0abef0c07280f82c6a08ead09ded6bae2c13fc,3000,60,CANONICAL_FACTORY_VIEW_AND_POOL_STATE_AT_FIXED_BLOCK
UNISWAP_V3,0x23a254c637ef0f13f6259586f059fff52b89ed6b,EWY,0x000000000000000000000000000000008a8710f26e424b2dbc1f6b5de9f267b8,0x7f0abef0c07280f82c6a08ead09ded6bae2c13fc,USDG,0x5fc5360d0400a0fd4f2af552add042d716f1d168,0x5fc5360d0400a0fd4f2af552add042d716f1d168,0x7f0abef0c07280f82c6a08ead09ded6bae2c13fc,10000,200,CANONICAL_FACTORY_VIEW_AND_POOL_STATE_AT_FIXED_BLOCK
UNISWAP_V3,0x01948e834623aa859ffdc0d299dd15e7c9d7486f,F,0x00000000000000000000000000000000952cedaaab6e4593b884e68a4efbf481,0x25c288e6d899b9bc30160965ad9644c67e73be0c,USDG,0x5fc5360d0400a0fd4f2af552add042d716f1d168,0x25c288e6d899b9bc30160965ad9644c67e73be0c,0x5fc5360d0400a0fd4f2af552add042d716f1d168,10000,200,CANONICAL_FACTORY_VIEW_AND_POOL_STATE_AT_FIXED_BLOCK
UNISWAP_V3,0xf85f2f5716ca60a30b53193928d3f717343a378e,FICO,0x0000000000000000000000000000000021d840250ab344d198503610448348fe,0xa48f22a46c0f1c46ca7d111cb6c137c271987180,USDG,0x5fc5360d0400a0fd4f2af552add042d716f1d168,0x5fc5360d0400a0fd4f2af552add042d716f1d168,0xa48f22a46c0f1c46ca7d111cb6c137c271987180,10000,200,CANONICAL_FACTORY_VIEW_AND_POOL_STATE_AT_FIXED_BLOCK
UNISWAP_V3,0xca5904c0a9d42f0ec1bf760fdf779907877144fd,FIG,0x000000000000000000000000000000008616857c3143457db8534cc7ccac1420,0x41f4267525a8aff329540ef24fd83d9044758b33,USDG,0x5fc5360d0400a0fd4f2af552add042d716f1d168,0x41f4267525a8aff329540ef24fd83d9044758b33,0x5fc5360d0400a0fd4f2af552add042d716f1d168,3000,60,CANONICAL_FACTORY_VIEW_AND_POOL_STATE_AT_FIXED_BLOCK
UNISWAP_V3,0x0f0e07a687d3210a3b9b5c40c11bce39b2674517,FIG,0x000000000000000000000000000000008616857c3143457db8534cc7ccac1420,0x41f4267525a8aff329540ef24fd83d9044758b33,USDG,0x5fc5360d0400a0fd4f2af552add042d716f1d168,0x41f4267525a8aff329540ef24fd83d9044758b33,0x5fc5360d0400a0fd4f2af552add042d716f1d168,10000,200,CANONICAL_FACTORY_VIEW_AND_POOL_STATE_AT_FIXED_BLOCK
UNISWAP_V3,0x9bba88a4e122576f74c0d88c1989b6c2d6447044,FISV,0x0000000000000000000000000000000053906f8ddb574007aea297c4467f567b,0x9ece29a4a2397c0a35fb5fa8ee2b9509130a98cc,USDG,0x5fc5360d0400a0fd4f2af552add042d716f1d168,0x5fc5360d0400a0fd4f2af552add042d716f1d168,0x9ece29a4a2397c0a35fb5fa8ee2b9509130a98cc,10000,200,CANONICAL_FACTORY_VIEW_AND_POOL_STATE_AT_FIXED_BLOCK
UNISWAP_V3,0x745104601f86be0b2392c916442a922f2923fa6c,FIX,0x000000000000000000000000000000000ca816dd2ffb4c279c52c5fa87bd431e,0x93dbb1d2dc5d63f4abacff30485273f538df68ac,USDG,0x5fc5360d0400a0fd4f2af552add042d716f1d168,0x5fc5360d0400a0fd4f2af552add042d716f1d168,0x93dbb1d2dc5d63f4abacff30485273f538df68ac,10000,200,CANONICAL_FACTORY_VIEW_AND_POOL_STATE_AT_FIXED_BLOCK
UNISWAP_V3,0xcacd42c86e2d79b48a5e02b1ca36e0806cc95955,FLNC,0x00000000000000000000000000000000dceece67a8c740f180047f65ccb4c44a,0x282e87451e10fa6679bc7d76c69be44cd3fc777c,USDG,0x5fc5360d0400a0fd4f2af552add042d716f1d168,0x282e87451e10fa6679bc7d76c69be44cd3fc777c,0x5fc5360d0400a0fd4f2af552add042d716f1d168,10000,200,CANONICAL_FACTORY_VIEW_AND_POOL_STATE_AT_FIXED_BLOCK
UNISWAP_V3,0x3594f65fe47577202c17bafb18e5096b44dcee6d,FLY,0x00000000000000000000000000000000450b2a4327ce4062b527224efc49589a,0x03bc731ffb162cdd7b98d3c6542bfc291126075d,USDG,0x5fc5360d0400a0fd4f2af552add042d716f1d168,0x03bc731ffb162cdd7b98d3c6542bfc291126075d,0x5fc5360d0400a0fd4f2af552add042d716f1d168,10000,200,CANONICAL_FACTORY_VIEW_AND_POOL_STATE_AT_FIXED_BLOCK
UNISWAP_V3,0x4f2e6b13f5b9595caee276e14f9f457e17484503,FTNT,0x00000000000000000000000000000000d246e0e1cfa541deb327dcae22f1328a,0x3fb8976980d486084b2eb4a404bd12e72823958f,USDG,0x5fc5360d0400a0fd4f2af552add042d716f1d168,0x3fb8976980d486084b2eb4a404bd12e72823958f,0x5fc5360d0400a0fd4f2af552add042d716f1d168,10000,200,CANONICAL_FACTORY_VIEW_AND_POOL_STATE_AT_FIXED_BLOCK
UNISWAP_V3,0xb3e2fb8e10af6c9fdd7f2d31cea79927a9dbfcf6,FUTU,0x000000000000000000000000000000002e3b98468b2d49bea9b69a2b92228fa6,0xeb30663bdff0622ef4e4e5cbb4e975f19f33f51d,USDG,0x5fc5360d0400a0fd4f2af552add042d716f1d168,0x5fc5360d0400a0fd4f2af552add042d716f1d168,0xeb30663bdff0622ef4e4e5cbb4e975f19f33f51d,10000,200,CANONICAL_FACTORY_VIEW_AND_POOL_STATE_AT_FIXED_BLOCK
UNISWAP_V3,0xc04635d723149390530b637f000c530738dd95ef,GE,0x00000000000000000000000000000000289ac6c307ef486d8201efa27fa14d63,0x63b814ddbd6bf339f25fed8c36158a008d5b373e,USDG,0x5fc5360d0400a0fd4f2af552add042d716f1d168,0x5fc5360d0400a0fd4f2af552add042d716f1d168,0x63b814ddbd6bf339f25fed8c36158a008d5b373e,10000,200,CANONICAL_FACTORY_VIEW_AND_POOL_STATE_AT_FIXED_BLOCK
UNISWAP_V3,0xcf0396ae8b436e4534c3f1aacf186efc8ba2bca6,GEV,0x00000000000000000000000000000000bf86ec8b050b46a9a7ad5a532b90c6af,0x94b8aae43a1ccc08aa64b7d1f29b4d920af4a0c9,USDG,0x5fc5360d0400a0fd4f2af552add042d716f1d168,0x5fc5360d0400a0fd4f2af552add042d716f1d168,0x94b8aae43a1ccc08aa64b7d1f29b4d920af4a0c9,10000,200,CANONICAL_FACTORY_VIEW_AND_POOL_STATE_AT_FIXED_BLOCK
UNISWAP_V2,0xa7702b324aaad9833bbc314e4e83763fe263d62c,GLD,0x000000000000000000000000000000001db61e88b20b481093c556e4d07195b5,0xc9a981fee1f9dec688bb123ccdecc63d0debfc4e,USDG,0x5fc5360d0400a0fd4f2af552add042d716f1d168,0x5fc5360d0400a0fd4f2af552add042d716f1d168,0xc9a981fee1f9dec688bb123ccdecc63d0debfc4e,3000,,CANONICAL_FACTORY_VIEW_AT_FIXED_BLOCK
UNISWAP_V3,0xba2f1ed4ceb2169d538d1e614d847e83c5a55913,GLD,0x000000000000000000000000000000001db61e88b20b481093c556e4d07195b5,0xc9a981fee1f9dec688bb123ccdecc63d0debfc4e,USDG,0x5fc5360d0400a0fd4f2af552add042d716f1d168,0x5fc5360d0400a0fd4f2af552add042d716f1d168,0xc9a981fee1f9dec688bb123ccdecc63d0debfc4e,500,10,CANONICAL_FACTORY_VIEW_AND_POOL_STATE_AT_FIXED_BLOCK
UNISWAP_V3,0x7a6a053eccf1446a2633e05aa6d40d09381997ec,GLD,0x000000000000000000000000000000001db61e88b20b481093c556e4d07195b5,0xc9a981fee1f9dec688bb123ccdecc63d0debfc4e,USDG,0x5fc5360d0400a0fd4f2af552add042d716f1d168,0x5fc5360d0400a0fd4f2af552add042d716f1d168,0xc9a981fee1f9dec688bb123ccdecc63d0debfc4e,3000,60,CANONICAL_FACTORY_VIEW_AND_POOL_STATE_AT_FIXED_BLOCK
UNISWAP_V3,0x32cb909acf78354e08aa45639ff5cd33767e730a,GLD,0x000000000000000000000000000000001db61e88b20b481093c556e4d07195b5,0xc9a981fee1f9dec688bb123ccdecc63d0debfc4e,USDG,0x5fc5360d0400a0fd4f2af552add042d716f1d168,0x5fc5360d0400a0fd4f2af552add042d716f1d168,0xc9a981fee1f9dec688bb123ccdecc63d0debfc4e,10000,200,CANONICAL_FACTORY_VIEW_AND_POOL_STATE_AT_FIXED_BLOCK
UNISWAP_V3,0x26250ba84465454bc731f710e46f1f32b167d66b,GLD,0x000000000000000000000000000000001db61e88b20b481093c556e4d07195b5,0xc9a981fee1f9dec688bb123ccdecc63d0debfc4e,WETH,0x0bd7d308f8e1639fab988df18a8011f41eacad73,0x0bd7d308f8e1639fab988df18a8011f41eacad73,0xc9a981fee1f9dec688bb123ccdecc63d0debfc4e,500,10,CANONICAL_FACTORY_VIEW_AND_POOL_STATE_AT_FIXED_BLOCK
UNISWAP_V3,0x3f82cba4969c75f7b2f0dce9af3ac8a44c107099,GLD,0x000000000000000000000000000000001db61e88b20b481093c556e4d07195b5,0xc9a981fee1f9dec688bb123ccdecc63d0debfc4e,WETH,0x0bd7d308f8e1639fab988df18a8011f41eacad73,0x0bd7d308f8e1639fab988df18a8011f41eacad73,0xc9a981fee1f9dec688bb123ccdecc63d0debfc4e,3000,60,CANONICAL_FACTORY_VIEW_AND_POOL_STATE_AT_FIXED_BLOCK
UNISWAP_V3,0x98996e833ea35ec17c3645ca7b6dd40d188564c4,GLD,0x000000000000000000000000000000001db61e88b20b481093c556e4d07195b5,0xc9a981fee1f9dec688bb123ccdecc63d0debfc4e,WETH,0x0bd7d308f8e1639fab988df18a8011f41eacad73,0x0bd7d308f8e1639fab988df18a8011f41eacad73,0xc9a981fee1f9dec688bb123ccdecc63d0debfc4e,10000,200,CANONICAL_FACTORY_VIEW_AND_POOL_STATE_AT_FIXED_BLOCK
UNISWAP_V3,0x5f15120b65498573dd0770f92646077a76b60724,GLW,0x0000000000000000000000000000000040b2153b3d3d4715b8d22a15ba1acff2,0x7c04e6a3368f2a1de3874f0e80d2e0a1a9915da6,USDG,0x5fc5360d0400a0fd4f2af552add042d716f1d168,0x5fc5360d0400a0fd4f2af552add042d716f1d168,0x7c04e6a3368f2a1de3874f0e80d2e0a1a9915da6,10000,200,CANONICAL_FACTORY_VIEW_AND_POOL_STATE_AT_FIXED_BLOCK
UNISWAP_V3,0x5016f0fa496fd9818a3452146457cd8d779dba61,GLXY,0x000000000000000000000000000000001acf6eeea06d40c5b323c903f77bd6d1,0x2d427692e928fa156ec22acfabafa0447c5805b7,USDG,0x5fc5360d0400a0fd4f2af552add042d716f1d168,0x2d427692e928fa156ec22acfabafa0447c5805b7,0x5fc5360d0400a0fd4f2af552add042d716f1d168,10000,200,CANONICAL_FACTORY_VIEW_AND_POOL_STATE_AT_FIXED_BLOCK
UNISWAP_V2,0xcc1d4132cee3fd8ed72b98cdd3350a01ecd9c668,GME,0x00000000000000000000000000000000c5ac9420091c4f9eb3ff1fdd1d2b60c6,0x1b0e319c6a659f002271b69db8a7df2f911c153e,WETH,0x0bd7d308f8e1639fab988df18a8011f41eacad73,0x0bd7d308f8e1639fab988df18a8011f41eacad73,0x1b0e319c6a659f002271b69db8a7df2f911c153e,3000,,CANONICAL_FACTORY_VIEW_AT_FIXED_BLOCK
UNISWAP_V3,0xb7723619e09e9317b3e538e7531ecbb910aec107,GME,0x00000000000000000000000000000000c5ac9420091c4f9eb3ff1fdd1d2b60c6,0x1b0e319c6a659f002271b69db8a7df2f911c153e,USDG,0x5fc5360d0400a0fd4f2af552add042d716f1d168,0x1b0e319c6a659f002271b69db8a7df2f911c153e,0x5fc5360d0400a0fd4f2af552add042d716f1d168,100,1,CANONICAL_FACTORY_VIEW_AND_POOL_STATE_AT_FIXED_BLOCK
UNISWAP_V3,0xe2b46c905e12ab8e2f864e4821a4325884c1b126,GME,0x00000000000000000000000000000000c5ac9420091c4f9eb3ff1fdd1d2b60c6,0x1b0e319c6a659f002271b69db8a7df2f911c153e,USDG,0x5fc5360d0400a0fd4f2af552add042d716f1d168,0x1b0e319c6a659f002271b69db8a7df2f911c153e,0x5fc5360d0400a0fd4f2af552add042d716f1d168,500,10,CANONICAL_FACTORY_VIEW_AND_POOL_STATE_AT_FIXED_BLOCK
UNISWAP_V3,0x0a0675689c2ad2a3ade86539bcbd27b6c0764e9d,GME,0x00000000000000000000000000000000c5ac9420091c4f9eb3ff1fdd1d2b60c6,0x1b0e319c6a659f002271b69db8a7df2f911c153e,USDG,0x5fc5360d0400a0fd4f2af552add042d716f1d168,0x1b0e319c6a659f002271b69db8a7df2f911c153e,0x5fc5360d0400a0fd4f2af552add042d716f1d168,3000,60,CANONICAL_FACTORY_VIEW_AND_POOL_STATE_AT_FIXED_BLOCK
UNISWAP_V3,0xe9713f453adb9245b19559790c96f470a18f2fdf,GME,0x00000000000000000000000000000000c5ac9420091c4f9eb3ff1fdd1d2b60c6,0x1b0e319c6a659f002271b69db8a7df2f911c153e,USDG,0x5fc5360d0400a0fd4f2af552add042d716f1d168,0x1b0e319c6a659f002271b69db8a7df2f911c153e,0x5fc5360d0400a0fd4f2af552add042d716f1d168,10000,200,CANONICAL_FACTORY_VIEW_AND_POOL_STATE_AT_FIXED_BLOCK
UNISWAP_V3,0xc6bcc95043dc48c204bb2d57fb264a10efe0a607,GME,0x00000000000000000000000000000000c5ac9420091c4f9eb3ff1fdd1d2b60c6,0x1b0e319c6a659f002271b69db8a7df2f911c153e,WETH,0x0bd7d308f8e1639fab988df18a8011f41eacad73,0x0bd7d308f8e1639fab988df18a8011f41eacad73,0x1b0e319c6a659f002271b69db8a7df2f911c153e,500,10,CANONICAL_FACTORY_VIEW_AND_POOL_STATE_AT_FIXED_BLOCK
UNISWAP_V3,0x65faff0b9625a321205cd68bacedd7a02a9d1fce,GME,0x00000000000000000000000000000000c5ac9420091c4f9eb3ff1fdd1d2b60c6,0x1b0e319c6a659f002271b69db8a7df2f911c153e,WETH,0x0bd7d308f8e1639fab988df18a8011f41eacad73,0x0bd7d308f8e1639fab988df18a8011f41eacad73,0x1b0e319c6a659f002271b69db8a7df2f911c153e,3000,60,CANONICAL_FACTORY_VIEW_AND_POOL_STATE_AT_FIXED_BLOCK
UNISWAP_V3,0x7abf2778feb763b13014a67d615c4e2e8ae2dd51,GME,0x00000000000000000000000000000000c5ac9420091c4f9eb3ff1fdd1d2b60c6,0x1b0e319c6a659f002271b69db8a7df2f911c153e,WETH,0x0bd7d308f8e1639fab988df18a8011f41eacad73,0x0bd7d308f8e1639fab988df18a8011f41eacad73,0x1b0e319c6a659f002271b69db8a7df2f911c153e,10000,200,CANONICAL_FACTORY_VIEW_AND_POOL_STATE_AT_FIXED_BLOCK
UNISWAP_V3,0xa3617bb4d7dc9dd20f79165486097a54b3593164,GOOGL,0x0000000000000000000000000000000053b69e2076884cc9ae2ada9bc7095df3,0x2e0847e8910a9732eb3fb1bb4b70a580adad4fe3,USDG,0x5fc5360d0400a0fd4f2af552add042d716f1d168,0x2e0847e8910a9732eb3fb1bb4b70a580adad4fe3,0x5fc5360d0400a0fd4f2af552add042d716f1d168,100,1,CANONICAL_FACTORY_VIEW_AND_POOL_STATE_AT_FIXED_BLOCK
UNISWAP_V3,0x34d0dc122cf9a8eb296fc5e0d3a233625d7d19b7,GOOGL,0x0000000000000000000000000000000053b69e2076884cc9ae2ada9bc7095df3,0x2e0847e8910a9732eb3fb1bb4b70a580adad4fe3,USDG,0x5fc5360d0400a0fd4f2af552add042d716f1d168,0x2e0847e8910a9732eb3fb1bb4b70a580adad4fe3,0x5fc5360d0400a0fd4f2af552add042d716f1d168,500,10,CANONICAL_FACTORY_VIEW_AND_POOL_STATE_AT_FIXED_BLOCK
UNISWAP_V3,0x553e9a453425cd9b90919f317061fbc3794cc57a,GOOGL,0x0000000000000000000000000000000053b69e2076884cc9ae2ada9bc7095df3,0x2e0847e8910a9732eb3fb1bb4b70a580adad4fe3,USDG,0x5fc5360d0400a0fd4f2af552add042d716f1d168,0x2e0847e8910a9732eb3fb1bb4b70a580adad4fe3,0x5fc5360d0400a0fd4f2af552add042d716f1d168,3000,60,CANONICAL_FACTORY_VIEW_AND_POOL_STATE_AT_FIXED_BLOCK
UNISWAP_V3,0xb2bb17fa1905bcc1558b5aaec894faab666b323a,GOOGL,0x0000000000000000000000000000000053b69e2076884cc9ae2ada9bc7095df3,0x2e0847e8910a9732eb3fb1bb4b70a580adad4fe3,USDG,0x5fc5360d0400a0fd4f2af552add042d716f1d168,0x2e0847e8910a9732eb3fb1bb4b70a580adad4fe3,0x5fc5360d0400a0fd4f2af552add042d716f1d168,10000,200,CANONICAL_FACTORY_VIEW_AND_POOL_STATE_AT_FIXED_BLOCK
UNISWAP_V3,0x8fb9301586f27e2cff85312f7c1d0f16c6167cde,GOOGL,0x0000000000000000000000000000000053b69e2076884cc9ae2ada9bc7095df3,0x2e0847e8910a9732eb3fb1bb4b70a580adad4fe3,WETH,0x0bd7d308f8e1639fab988df18a8011f41eacad73,0x0bd7d308f8e1639fab988df18a8011f41eacad73,0x2e0847e8910a9732eb3fb1bb4b70a580adad4fe3,100,1,CANONICAL_FACTORY_VIEW_AND_POOL_STATE_AT_FIXED_BLOCK
UNISWAP_V3,0x778f2a0cf24e8d12fe3730c87fe1448d47e66add,GOOGL,0x0000000000000000000000000000000053b69e2076884cc9ae2ada9bc7095df3,0x2e0847e8910a9732eb3fb1bb4b70a580adad4fe3,WETH,0x0bd7d308f8e1639fab988df18a8011f41eacad73,0x0bd7d308f8e1639fab988df18a8011f41eacad73,0x2e0847e8910a9732eb3fb1bb4b70a580adad4fe3,500,10,CANONICAL_FACTORY_VIEW_AND_POOL_STATE_AT_FIXED_BLOCK
UNISWAP_V3,0xe0236f4dae922534ef8a33f15ea037fc31dac9cb,HII,0x00000000000000000000000000000000f759d1fccdb8418a8970ee6932aa6584,0xeb61c0ed490a367d4e3631ccf8a74b3bfc7e775d,USDG,0x5fc5360d0400a0fd4f2af552add042d716f1d168,0x5fc5360d0400a0fd4f2af552add042d716f1d168,0xeb61c0ed490a367d4e3631ccf8a74b3bfc7e775d,10000,200,CANONICAL_FACTORY_VIEW_AND_POOL_STATE_AT_FIXED_BLOCK
UNISWAP_V3,0xc8c90d3a1c1a24967e773ac2ad0d456ba3e31f64,HIMS,0x00000000000000000000000000000000e56a9632bdd64f7ea0745b48971ad047,0xccee82fe024c36fa15e1005ede3e9e4787e23d09,USDG,0x5fc5360d0400a0fd4f2af552add042d716f1d168,0x5fc5360d0400a0fd4f2af552add042d716f1d168,0xccee82fe024c36fa15e1005ede3e9e4787e23d09,3000,60,CANONICAL_FACTORY_VIEW_AND_POOL_STATE_AT_FIXED_BLOCK
UNISWAP_V3,0x18e2380689f425e0999f119553ac1f1c3b943e5f,HIMS,0x00000000000000000000000000000000e56a9632bdd64f7ea0745b48971ad047,0xccee82fe024c36fa15e1005ede3e9e4787e23d09,USDG,0x5fc5360d0400a0fd4f2af552add042d716f1d168,0x5fc5360d0400a0fd4f2af552add042d716f1d168,0xccee82fe024c36fa15e1005ede3e9e4787e23d09,10000,200,CANONICAL_FACTORY_VIEW_AND_POOL_STATE_AT_FIXED_BLOCK
UNISWAP_V3,0xeb576c467d69e084a0fdc6ddf744467804634650,HIMS,0x00000000000000000000000000000000e56a9632bdd64f7ea0745b48971ad047,0xccee82fe024c36fa15e1005ede3e9e4787e23d09,WETH,0x0bd7d308f8e1639fab988df18a8011f41eacad73,0x0bd7d308f8e1639fab988df18a8011f41eacad73,0xccee82fe024c36fa15e1005ede3e9e4787e23d09,3000,60,CANONICAL_FACTORY_VIEW_AND_POOL_STATE_AT_FIXED_BLOCK
UNISWAP_V3,0xe0e25884a3b690b1699732de475b2281600b0934,HPE,0x00000000000000000000000000000000d2ef3f28627f47539db72dbe14c6f1f7,0x59dd09d4900c2e4b5f75b7c0d4e6796fcc234cb1,USDG,0x5fc5360d0400a0fd4f2af552add042d716f1d168,0x59dd09d4900c2e4b5f75b7c0d4e6796fcc234cb1,0x5fc5360d0400a0fd4f2af552add042d716f1d168,3000,60,CANONICAL_FACTORY_VIEW_AND_POOL_STATE_AT_FIXED_BLOCK
UNISWAP_V3,0x9bd9061794310d98b7b8f2abeb8056225bc73bee,HPE,0x00000000000000000000000000000000d2ef3f28627f47539db72dbe14c6f1f7,0x59dd09d4900c2e4b5f75b7c0d4e6796fcc234cb1,USDG,0x5fc5360d0400a0fd4f2af552add042d716f1d168,0x59dd09d4900c2e4b5f75b7c0d4e6796fcc234cb1,0x5fc5360d0400a0fd4f2af552add042d716f1d168,10000,200,CANONICAL_FACTORY_VIEW_AND_POOL_STATE_AT_FIXED_BLOCK
UNISWAP_V3,0xdaab22b473029a8f8f00cbe3a33de82dbbeb6ec9,HWM,0x00000000000000000000000000000000e42a66686f784f69abb7759114f38f51,0xaea445c5f3db1a462998ccc422a875a361ee5d99,USDG,0x5fc5360d0400a0fd4f2af552add042d716f1d168,0x5fc5360d0400a0fd4f2af552add042d716f1d168,0xaea445c5f3db1a462998ccc422a875a361ee5d99,10000,200,CANONICAL_FACTORY_VIEW_AND_POOL_STATE_AT_FIXED_BLOCK
UNISWAP_V3,0xa0a79bc62fc822f3bcdf0ebbc586031781c53a5b,IBM,0x00000000000000000000000000000000c0d3fe37e35240d1a0f311a07e2b9fc4,0x980dcf6766fa79f5cf0c4aadb3ab477ff15a9619,USDG,0x5fc5360d0400a0fd4f2af552add042d716f1d168,0x5fc5360d0400a0fd4f2af552add042d716f1d168,0x980dcf6766fa79f5cf0c4aadb3ab477ff15a9619,10000,200,CANONICAL_FACTORY_VIEW_AND_POOL_STATE_AT_FIXED_BLOCK
UNISWAP_V3,0x86509c1cc350a928fa6472d72a6915c31e8340f0,IBRX,0x00000000000000000000000000000000ff5617943e99488d87281bae9b706d53,0x7c148f74ac7445d1f28366b7fcdc6792a9fcd0cf,USDG,0x5fc5360d0400a0fd4f2af552add042d716f1d168,0x5fc5360d0400a0fd4f2af552add042d716f1d168,0x7c148f74ac7445d1f28366b7fcdc6792a9fcd0cf,10000,200,CANONICAL_FACTORY_VIEW_AND_POOL_STATE_AT_FIXED_BLOCK
UNISWAP_V3,0x07c3a3a6eeb2f122493f32418fbf136403608cb8,INDA,0x00000000000000000000000000000000f87aee91942940d0acf2e657187332af,0xacef2e09adb47ad6abebad9ff06689e60615c2b6,USDG,0x5fc5360d0400a0fd4f2af552add042d716f1d168,0x5fc5360d0400a0fd4f2af552add042d716f1d168,0xacef2e09adb47ad6abebad9ff06689e60615c2b6,500,10,CANONICAL_FACTORY_VIEW_AND_POOL_STATE_AT_FIXED_BLOCK
UNISWAP_V3,0x2171c94d8073c4913f4653a0766d18aa8a29d1f6,INDA,0x00000000000000000000000000000000f87aee91942940d0acf2e657187332af,0xacef2e09adb47ad6abebad9ff06689e60615c2b6,USDG,0x5fc5360d0400a0fd4f2af552add042d716f1d168,0x5fc5360d0400a0fd4f2af552add042d716f1d168,0xacef2e09adb47ad6abebad9ff06689e60615c2b6,3000,60,CANONICAL_FACTORY_VIEW_AND_POOL_STATE_AT_FIXED_BLOCK
UNISWAP_V3,0xff2c1a42d9f3ac3d338d8ce4e44607cb8c333f45,INDA,0x00000000000000000000000000000000f87aee91942940d0acf2e657187332af,0xacef2e09adb47ad6abebad9ff06689e60615c2b6,USDG,0x5fc5360d0400a0fd4f2af552add042d716f1d168,0x5fc5360d0400a0fd4f2af552add042d716f1d168,0xacef2e09adb47ad6abebad9ff06689e60615c2b6,10000,200,CANONICAL_FACTORY_VIEW_AND_POOL_STATE_AT_FIXED_BLOCK
UNISWAP_V3,0xf5b37a305e7304a70067be356ee611ac29f706eb,INDA,0x00000000000000000000000000000000f87aee91942940d0acf2e657187332af,0xacef2e09adb47ad6abebad9ff06689e60615c2b6,WETH,0x0bd7d308f8e1639fab988df18a8011f41eacad73,0x0bd7d308f8e1639fab988df18a8011f41eacad73,0xacef2e09adb47ad6abebad9ff06689e60615c2b6,3000,60,CANONICAL_FACTORY_VIEW_AND_POOL_STATE_AT_FIXED_BLOCK
UNISWAP_V3,0xcb52c90cfc9f0e1024fec25bb64fdbfc91a1c163,INFQ,0x000000000000000000000000000000005d6501818f804e87ab5b352105bbad0a,0xb853bc83a753342a4f8320ea680b4b1e84118d21,USDG,0x5fc5360d0400a0fd4f2af552add042d716f1d168,0x5fc5360d0400a0fd4f2af552add042d716f1d168,0xb853bc83a753342a4f8320ea680b4b1e84118d21,10000,200,CANONICAL_FACTORY_VIEW_AND_POOL_STATE_AT_FIXED_BLOCK
UNISWAP_V3,0x47ec01141ea4d6325908bc5291a981b17ef2dad6,INOD,0x00000000000000000000000000000000c23820045b544bafbdc0dd622098fcc3,0xf1953dab6fad537488d5a022361ffaa8b4c95ec6,USDG,0x5fc5360d0400a0fd4f2af552add042d716f1d168,0x5fc5360d0400a0fd4f2af552add042d716f1d168,0xf1953dab6fad537488d5a022361ffaa8b4c95ec6,10000,200,CANONICAL_FACTORY_VIEW_AND_POOL_STATE_AT_FIXED_BLOCK
UNISWAP_V2,0xebe234f3d6f85ff2508cd4138aba88d8eab6e6b0,INTC,0x000000000000000000000000000000002eb75a2c20d7423881b4f812c27d0abe,0xc72b96e0e48ecd4dc75e1e45396e26300bc39681,USDG,0x5fc5360d0400a0fd4f2af552add042d716f1d168,0x5fc5360d0400a0fd4f2af552add042d716f1d168,0xc72b96e0e48ecd4dc75e1e45396e26300bc39681,3000,,CANONICAL_FACTORY_VIEW_AT_FIXED_BLOCK
UNISWAP_V2,0xf405102e0a7c84d3f9c2a5f616638dac7f77d594,INTC,0x000000000000000000000000000000002eb75a2c20d7423881b4f812c27d0abe,0xc72b96e0e48ecd4dc75e1e45396e26300bc39681,WETH,0x0bd7d308f8e1639fab988df18a8011f41eacad73,0x0bd7d308f8e1639fab988df18a8011f41eacad73,0xc72b96e0e48ecd4dc75e1e45396e26300bc39681,3000,,CANONICAL_FACTORY_VIEW_AT_FIXED_BLOCK
UNISWAP_V3,0x2e5a92f5013a64661a49312111be2e8abd33f56a,INTC,0x000000000000000000000000000000002eb75a2c20d7423881b4f812c27d0abe,0xc72b96e0e48ecd4dc75e1e45396e26300bc39681,USDG,0x5fc5360d0400a0fd4f2af552add042d716f1d168,0x5fc5360d0400a0fd4f2af552add042d716f1d168,0xc72b96e0e48ecd4dc75e1e45396e26300bc39681,3000,60,CANONICAL_FACTORY_VIEW_AND_POOL_STATE_AT_FIXED_BLOCK
UNISWAP_V3,0x235b2650e67570ef3bfd0b3024fc0ed0b0b24245,INTU,0x00000000000000000000000000000000482927a418d1476c8ee89e119bf61fc7,0x56d23bee5f41a7120170b0c603dae30128e460e9,USDG,0x5fc5360d0400a0fd4f2af552add042d716f1d168,0x56d23bee5f41a7120170b0c603dae30128e460e9,0x5fc5360d0400a0fd4f2af552add042d716f1d168,10000,200,CANONICAL_FACTORY_VIEW_AND_POOL_STATE_AT_FIXED_BLOCK
UNISWAP_V3,0xbc44b11f569d3feed9b4088f5a3fc569d2e3c77f,IONQ,0x00000000000000000000000000000000b6f6e756b7ff46b88238c18d0bc07fd4,0x558378e000d634a36593e338ebacdd6207640efe,USDG,0x5fc5360d0400a0fd4f2af552add042d716f1d168,0x558378e000d634a36593e338ebacdd6207640efe,0x5fc5360d0400a0fd4f2af552add042d716f1d168,10000,200,CANONICAL_FACTORY_VIEW_AND_POOL_STATE_AT_FIXED_BLOCK
UNISWAP_V3,0x0dbe9eeea89c6ef5cd2ffcdf800e6f2548524cdb,IREN,0x00000000000000000000000000000000612c7fa7477f4f21b3a425f180cffd86,0xf0ab0c93be6f41369d302e55db1a96b3c430212d,USDG,0x5fc5360d0400a0fd4f2af552add042d716f1d168,0x5fc5360d0400a0fd4f2af552add042d716f1d168,0xf0ab0c93be6f41369d302e55db1a96b3c430212d,10000,200,CANONICAL_FACTORY_VIEW_AND_POOL_STATE_AT_FIXED_BLOCK
UNISWAP_V3,0x17687ef362f5d06376523ca4dfb15444d1dc6e30,JBL,0x00000000000000000000000000000000aad6874f8eba489d8a46fe1cbddc8db4,0xeaf2512dfc1beac608f8794b3793cd4e02894aa6,USDG,0x5fc5360d0400a0fd4f2af552add042d716f1d168,0x5fc5360d0400a0fd4f2af552add042d716f1d168,0xeaf2512dfc1beac608f8794b3793cd4e02894aa6,10000,200,CANONICAL_FACTORY_VIEW_AND_POOL_STATE_AT_FIXED_BLOCK
UNISWAP_V3,0x44d79f520eacc47fe958d6ea88b4ed1271971c1e,JNJ,0x00000000000000000000000000000000b1ab18e03806432eac8895cdd289a769,0x03dfbbe0ac4e7bcdafd08ed41a400326b77d8c80,USDG,0x5fc5360d0400a0fd4f2af552add042d716f1d168,0x03dfbbe0ac4e7bcdafd08ed41a400326b77d8c80,0x5fc5360d0400a0fd4f2af552add042d716f1d168,500,10,CANONICAL_FACTORY_VIEW_AND_POOL_STATE_AT_FIXED_BLOCK
UNISWAP_V3,0x7f0ace18d1dced47063cf26e649bc8ab14d09e67,JNJ,0x00000000000000000000000000000000b1ab18e03806432eac8895cdd289a769,0x03dfbbe0ac4e7bcdafd08ed41a400326b77d8c80,USDG,0x5fc5360d0400a0fd4f2af552add042d716f1d168,0x03dfbbe0ac4e7bcdafd08ed41a400326b77d8c80,0x5fc5360d0400a0fd4f2af552add042d716f1d168,3000,60,CANONICAL_FACTORY_VIEW_AND_POOL_STATE_AT_FIXED_BLOCK
UNISWAP_V3,0x8d39388ef11bb78843130bd74ab0e5d89fa76b30,JNJ,0x00000000000000000000000000000000b1ab18e03806432eac8895cdd289a769,0x03dfbbe0ac4e7bcdafd08ed41a400326b77d8c80,USDG,0x5fc5360d0400a0fd4f2af552add042d716f1d168,0x03dfbbe0ac4e7bcdafd08ed41a400326b77d8c80,0x5fc5360d0400a0fd4f2af552add042d716f1d168,10000,200,CANONICAL_FACTORY_VIEW_AND_POOL_STATE_AT_FIXED_BLOCK
UNISWAP_V3,0x311514da397925858aaa27c08a696a1d2f76f3b3,JNJ,0x00000000000000000000000000000000b1ab18e03806432eac8895cdd289a769,0x03dfbbe0ac4e7bcdafd08ed41a400326b77d8c80,WETH,0x0bd7d308f8e1639fab988df18a8011f41eacad73,0x03dfbbe0ac4e7bcdafd08ed41a400326b77d8c80,0x0bd7d308f8e1639fab988df18a8011f41eacad73,10000,200,CANONICAL_FACTORY_VIEW_AND_POOL_STATE_AT_FIXED_BLOCK
UNISWAP_V3,0xade500b7d85db5048c6a1fb643c4e7be6c72147f,JOBY,0x0000000000000000000000000000000092891cbd0b204f8a87d7878e0fbd60a8,0xb334c5ce741b80b5b671f47f5c269cb193fe8e24,USDG,0x5fc5360d0400a0fd4f2af552add042d716f1d168,0x5fc5360d0400a0fd4f2af552add042d716f1d168,0xb334c5ce741b80b5b671f47f5c269cb193fe8e24,10000,200,CANONICAL_FACTORY_VIEW_AND_POOL_STATE_AT_FIXED_BLOCK
UNISWAP_V3,0x6e592cc49f3484155b0da443fb9b7f0c300f9dc2,KLAC,0x00000000000000000000000000000000fb93cee635bd469e8dc9849f12f889aa,0x96b933c74ecb4a0926b9210cef7b743ef46be2e9,USDG,0x5fc5360d0400a0fd4f2af552add042d716f1d168,0x5fc5360d0400a0fd4f2af552add042d716f1d168,0x96b933c74ecb4a0926b9210cef7b743ef46be2e9,10000,200,CANONICAL_FACTORY_VIEW_AND_POOL_STATE_AT_FIXED_BLOCK
UNISWAP_V3,0xadf6351c8210a1c0d64d35ee9e2274b1cadf9b3c,KSS,0x00000000000000000000000000000000b3a0668c099e4767b0be3e33d2542cae,0x12e3c047bf9aecaf9ddc98c05c31bfd1dd043993,USDG,0x5fc5360d0400a0fd4f2af552add042d716f1d168,0x12e3c047bf9aecaf9ddc98c05c31bfd1dd043993,0x5fc5360d0400a0fd4f2af552add042d716f1d168,10000,200,CANONICAL_FACTORY_VIEW_AND_POOL_STATE_AT_FIXED_BLOCK
UNISWAP_V3,0xf99db64402bbaceceb6da21f941fa75d3596418a,KTOS,0x00000000000000000000000000000000a8a9aa61c79e45b48d4ae5e9b6941ed1,0x7fd06a4d81ccfa3f351394e144d5191874c31313,USDG,0x5fc5360d0400a0fd4f2af552add042d716f1d168,0x5fc5360d0400a0fd4f2af552add042d716f1d168,0x7fd06a4d81ccfa3f351394e144d5191874c31313,10000,200,CANONICAL_FACTORY_VIEW_AND_POOL_STATE_AT_FIXED_BLOCK
UNISWAP_V3,0xe529ab9afdd8510954e59ff4d532510f685d1f5f,LHX,0x00000000000000000000000000000000441407e9a0ab483bb0d6191d23bcb654,0x48d60243c66437c6ac3c2495be94747aed5dfe25,USDG,0x5fc5360d0400a0fd4f2af552add042d716f1d168,0x48d60243c66437c6ac3c2495be94747aed5dfe25,0x5fc5360d0400a0fd4f2af552add042d716f1d168,10000,200,CANONICAL_FACTORY_VIEW_AND_POOL_STATE_AT_FIXED_BLOCK
UNISWAP_V3,0x48731d5732b6bd1ad3325c77cedcff131169783c,LITE,0x00000000000000000000000000000000a5fc7b0af972454baf7c124f624ae97f,0x8ef20885f94e3d9bc7eb3080279188bd5ed7c08c,USDG,0x5fc5360d0400a0fd4f2af552add042d716f1d168,0x5fc5360d0400a0fd4f2af552add042d716f1d168,0x8ef20885f94e3d9bc7eb3080279188bd5ed7c08c,10000,200,CANONICAL_FACTORY_VIEW_AND_POOL_STATE_AT_FIXED_BLOCK
UNISWAP_V3,0xf212d02146a897f5f686e9d629f6a73da534324a,LLY,0x00000000000000000000000000000000ac7debdd1135468e9b6a35678f81bb28,0x8005d266423c7ea827372c9c864491e5786600ea,USDG,0x5fc5360d0400a0fd4f2af552add042d716f1d168,0x5fc5360d0400a0fd4f2af552add042d716f1d168,0x8005d266423c7ea827372c9c864491e5786600ea,500,10,CANONICAL_FACTORY_VIEW_AND_POOL_STATE_AT_FIXED_BLOCK
UNISWAP_V3,0xd2038788ebe1e0bfd7c0a6112f09778f3aeaeca6,LLY,0x00000000000000000000000000000000ac7debdd1135468e9b6a35678f81bb28,0x8005d266423c7ea827372c9c864491e5786600ea,USDG,0x5fc5360d0400a0fd4f2af552add042d716f1d168,0x5fc5360d0400a0fd4f2af552add042d716f1d168,0x8005d266423c7ea827372c9c864491e5786600ea,3000,60,CANONICAL_FACTORY_VIEW_AND_POOL_STATE_AT_FIXED_BLOCK
UNISWAP_V3,0xf4274130137eee20bad928b593d992716516ceb9,LLY,0x00000000000000000000000000000000ac7debdd1135468e9b6a35678f81bb28,0x8005d266423c7ea827372c9c864491e5786600ea,USDG,0x5fc5360d0400a0fd4f2af552add042d716f1d168,0x5fc5360d0400a0fd4f2af552add042d716f1d168,0x8005d266423c7ea827372c9c864491e5786600ea,10000,200,CANONICAL_FACTORY_VIEW_AND_POOL_STATE_AT_FIXED_BLOCK
UNISWAP_V3,0x666ba98ab094793e276215448f2485fd8e3c3ce5,LLY,0x00000000000000000000000000000000ac7debdd1135468e9b6a35678f81bb28,0x8005d266423c7ea827372c9c864491e5786600ea,WETH,0x0bd7d308f8e1639fab988df18a8011f41eacad73,0x0bd7d308f8e1639fab988df18a8011f41eacad73,0x8005d266423c7ea827372c9c864491e5786600ea,3000,60,CANONICAL_FACTORY_VIEW_AND_POOL_STATE_AT_FIXED_BLOCK
UNISWAP_V3,0x668e15f9e21bddf8a01acec9ee4c889206522811,LLY,0x00000000000000000000000000000000ac7debdd1135468e9b6a35678f81bb28,0x8005d266423c7ea827372c9c864491e5786600ea,WETH,0x0bd7d308f8e1639fab988df18a8011f41eacad73,0x0bd7d308f8e1639fab988df18a8011f41eacad73,0x8005d266423c7ea827372c9c864491e5786600ea,10000,200,CANONICAL_FACTORY_VIEW_AND_POOL_STATE_AT_FIXED_BLOCK
UNISWAP_V3,0x40567898b0c6ea66798e78ffcf076c55604bcd0c,LMT,0x000000000000000000000000000000005cca09f06be14aea89a8ea6265026644,0x329fcaceb9ad6f9580dd5f643fed0646900d043c,USDG,0x5fc5360d0400a0fd4f2af552add042d716f1d168,0x329fcaceb9ad6f9580dd5f643fed0646900d043c,0x5fc5360d0400a0fd4f2af552add042d716f1d168,100,1,CANONICAL_FACTORY_VIEW_AND_POOL_STATE_AT_FIXED_BLOCK
UNISWAP_V3,0x24c1cf38eba9841fa3e7379fc1da832eb97d3f14,LMT,0x000000000000000000000000000000005cca09f06be14aea89a8ea6265026644,0x329fcaceb9ad6f9580dd5f643fed0646900d043c,USDG,0x5fc5360d0400a0fd4f2af552add042d716f1d168,0x329fcaceb9ad6f9580dd5f643fed0646900d043c,0x5fc5360d0400a0fd4f2af552add042d716f1d168,500,10,CANONICAL_FACTORY_VIEW_AND_POOL_STATE_AT_FIXED_BLOCK
UNISWAP_V3,0x68688654b6050739527b448c9ff98a882d8c357c,LMT,0x000000000000000000000000000000005cca09f06be14aea89a8ea6265026644,0x329fcaceb9ad6f9580dd5f643fed0646900d043c,USDG,0x5fc5360d0400a0fd4f2af552add042d716f1d168,0x329fcaceb9ad6f9580dd5f643fed0646900d043c,0x5fc5360d0400a0fd4f2af552add042d716f1d168,10000,200,CANONICAL_FACTORY_VIEW_AND_POOL_STATE_AT_FIXED_BLOCK
UNISWAP_V3,0x2ae2cc53e5f8c151d4b07de63cb3f362c6400a79,LRCX,0x0000000000000000000000000000000065968801094d4f8794208f387f3fe9f9,0x57b0030166db0c31690d1a5aa167e2e26e2c29a4,USDG,0x5fc5360d0400a0fd4f2af552add042d716f1d168,0x57b0030166db0c31690d1a5aa167e2e26e2c29a4,0x5fc5360d0400a0fd4f2af552add042d716f1d168,10000,200,CANONICAL_FACTORY_VIEW_AND_POOL_STATE_AT_FIXED_BLOCK
UNISWAP_V3,0x5e0a340f80cea899b70e086d1269d188c48a7380,LULU,0x000000000000000000000000000000005b0a57398f2f4322b011fb98da1f785f,0x4e62068525ab11fe768e29dfd00ef909b9803016,USDG,0x5fc5360d0400a0fd4f2af552add042d716f1d168,0x4e62068525ab11fe768e29dfd00ef909b9803016,0x5fc5360d0400a0fd4f2af552add042d716f1d168,500,10,CANONICAL_FACTORY_VIEW_AND_POOL_STATE_AT_FIXED_BLOCK
UNISWAP_V3,0x0f4227d27082b3bca6818381b9ea6460275e49f4,LULU,0x000000000000000000000000000000005b0a57398f2f4322b011fb98da1f785f,0x4e62068525ab11fe768e29dfd00ef909b9803016,USDG,0x5fc5360d0400a0fd4f2af552add042d716f1d168,0x4e62068525ab11fe768e29dfd00ef909b9803016,0x5fc5360d0400a0fd4f2af552add042d716f1d168,3000,60,CANONICAL_FACTORY_VIEW_AND_POOL_STATE_AT_FIXED_BLOCK
UNISWAP_V3,0x19757223628da89569f9a2488af6c45cb9824ea1,LULU,0x000000000000000000000000000000005b0a57398f2f4322b011fb98da1f785f,0x4e62068525ab11fe768e29dfd00ef909b9803016,USDG,0x5fc5360d0400a0fd4f2af552add042d716f1d168,0x4e62068525ab11fe768e29dfd00ef909b9803016,0x5fc5360d0400a0fd4f2af552add042d716f1d168,10000,200,CANONICAL_FACTORY_VIEW_AND_POOL_STATE_AT_FIXED_BLOCK
UNISWAP_V3,0xed48ccb8d9bb86c7e039b153c53cb1a1d8be85e5,LUNR,0x00000000000000000000000000000000c8fa21fd16c744c9ac5c7f5a60ca433a,0xa5d4968421ba94814be3b136b15cf422101ac1a3,USDG,0x5fc5360d0400a0fd4f2af552add042d716f1d168,0x5fc5360d0400a0fd4f2af552add042d716f1d168,0xa5d4968421ba94814be3b136b15cf422101ac1a3,10000,200,CANONICAL_FACTORY_VIEW_AND_POOL_STATE_AT_FIXED_BLOCK
UNISWAP_V3,0x2bb3e8b0406ee84646eea60df2c249e07aa473c8,MDB,0x00000000000000000000000000000000f92f60961bbe43028a23a3d52174b320,0xddf2266b79abf0b48898959b0ed6e6adf512be74,USDG,0x5fc5360d0400a0fd4f2af552add042d716f1d168,0x5fc5360d0400a0fd4f2af552add042d716f1d168,0xddf2266b79abf0b48898959b0ed6e6adf512be74,10000,200,CANONICAL_FACTORY_VIEW_AND_POOL_STATE_AT_FIXED_BLOCK
UNISWAP_V3,0xad6df50832884f3498cd354086cefb0e39070f1b,META,0x00000000000000000000000000000000343e7beca03644bcba2e50b8236784f5,0xc0d6457c16cc70d6790dd43521c899c87ce02f35,USDG,0x5fc5360d0400a0fd4f2af552add042d716f1d168,0x5fc5360d0400a0fd4f2af552add042d716f1d168,0xc0d6457c16cc70d6790dd43521c899c87ce02f35,100,1,CANONICAL_FACTORY_VIEW_AND_POOL_STATE_AT_FIXED_BLOCK
UNISWAP_V3,0x107a7cb40d8665360ba10e59471af06150a50922,META,0x00000000000000000000000000000000343e7beca03644bcba2e50b8236784f5,0xc0d6457c16cc70d6790dd43521c899c87ce02f35,USDG,0x5fc5360d0400a0fd4f2af552add042d716f1d168,0x5fc5360d0400a0fd4f2af552add042d716f1d168,0xc0d6457c16cc70d6790dd43521c899c87ce02f35,3000,60,CANONICAL_FACTORY_VIEW_AND_POOL_STATE_AT_FIXED_BLOCK
UNISWAP_V3,0x6fd62e9843ad2ac2c4fbf2b62647953ea29b3537,META,0x00000000000000000000000000000000343e7beca03644bcba2e50b8236784f5,0xc0d6457c16cc70d6790dd43521c899c87ce02f35,USDG,0x5fc5360d0400a0fd4f2af552add042d716f1d168,0x5fc5360d0400a0fd4f2af552add042d716f1d168,0xc0d6457c16cc70d6790dd43521c899c87ce02f35,10000,200,CANONICAL_FACTORY_VIEW_AND_POOL_STATE_AT_FIXED_BLOCK
UNISWAP_V3,0xa4bdb396a69617eb7f70e2cc1ef526f7340b1b0d,META,0x00000000000000000000000000000000343e7beca03644bcba2e50b8236784f5,0xc0d6457c16cc70d6790dd43521c899c87ce02f35,WETH,0x0bd7d308f8e1639fab988df18a8011f41eacad73,0x0bd7d308f8e1639fab988df18a8011f41eacad73,0xc0d6457c16cc70d6790dd43521c899c87ce02f35,3000,60,CANONICAL_FACTORY_VIEW_AND_POOL_STATE_AT_FIXED_BLOCK
UNISWAP_V3,0x962403f3e10d89c3f7f5140f0cf6fcb466de91a1,MOD,0x0000000000000000000000000000000059499b681f6d4d558c653682dd74910e,0xc6cbad1016b38b797610c25e1dc7d95988b1f362,USDG,0x5fc5360d0400a0fd4f2af552add042d716f1d168,0x5fc5360d0400a0fd4f2af552add042d716f1d168,0xc6cbad1016b38b797610c25e1dc7d95988b1f362,10000,200,CANONICAL_FACTORY_VIEW_AND_POOL_STATE_AT_FIXED_BLOCK
UNISWAP_V3,0x56ad01ae395869ae9c491a007c36be3b839a14a6,MPWR,0x00000000000000000000000000000000c5e6650eefa247d599fba9cf6dd5bdad,0x52d50d0280ad1054b43f052bd70a49a212a1b128,USDG,0x5fc5360d0400a0fd4f2af552add042d716f1d168,0x52d50d0280ad1054b43f052bd70a49a212a1b128,0x5fc5360d0400a0fd4f2af552add042d716f1d168,10000,200,CANONICAL_FACTORY_VIEW_AND_POOL_STATE_AT_FIXED_BLOCK
UNISWAP_V3,0xb40196272a6d2eb5edf6d93bc4dc39856ad95e0e,MRNA,0x00000000000000000000000000000000645f1b5c9e1a4a0e8fa96d05e16df733,0x43b07d15ce533bec5476d70c22a78a1b2b662155,USDG,0x5fc5360d0400a0fd4f2af552add042d716f1d168,0x43b07d15ce533bec5476d70c22a78a1b2b662155,0x5fc5360d0400a0fd4f2af552add042d716f1d168,3000,60,CANONICAL_FACTORY_VIEW_AND_POOL_STATE_AT_FIXED_BLOCK
UNISWAP_V3,0xa34d0667334074df2d5bfd259e79e6b9cf1fa8bf,MRNA,0x00000000000000000000000000000000645f1b5c9e1a4a0e8fa96d05e16df733,0x43b07d15ce533bec5476d70c22a78a1b2b662155,USDG,0x5fc5360d0400a0fd4f2af552add042d716f1d168,0x43b07d15ce533bec5476d70c22a78a1b2b662155,0x5fc5360d0400a0fd4f2af552add042d716f1d168,10000,200,CANONICAL_FACTORY_VIEW_AND_POOL_STATE_AT_FIXED_BLOCK
UNISWAP_V3,0xae6d85e96bee054417d8d627b310a945484415be,MRNA,0x00000000000000000000000000000000645f1b5c9e1a4a0e8fa96d05e16df733,0x43b07d15ce533bec5476d70c22a78a1b2b662155,WETH,0x0bd7d308f8e1639fab988df18a8011f41eacad73,0x0bd7d308f8e1639fab988df18a8011f41eacad73,0x43b07d15ce533bec5476d70c22a78a1b2b662155,3000,60,CANONICAL_FACTORY_VIEW_AND_POOL_STATE_AT_FIXED_BLOCK
UNISWAP_V3,0xb5e892f0fc6daadda5b927266fe7907e623e4843,MRVL,0x00000000000000000000000000000000aa33b104a54c4de08cc929fb8e8af349,0x62fd0668e10d8b72339be2dcf7643001688ff13b,USDG,0x5fc5360d0400a0fd4f2af552add042d716f1d168,0x5fc5360d0400a0fd4f2af552add042d716f1d168,0x62fd0668e10d8b72339be2dcf7643001688ff13b,3000,60,CANONICAL_FACTORY_VIEW_AND_POOL_STATE_AT_FIXED_BLOCK
UNISWAP_V3,0x06cc0b96be1fa1d754ce2e1228f5d8c616f795b0,MRVL,0x00000000000000000000000000000000aa33b104a54c4de08cc929fb8e8af349,0x62fd0668e10d8b72339be2dcf7643001688ff13b,USDG,0x5fc5360d0400a0fd4f2af552add042d716f1d168,0x5fc5360d0400a0fd4f2af552add042d716f1d168,0x62fd0668e10d8b72339be2dcf7643001688ff13b,10000,200,CANONICAL_FACTORY_VIEW_AND_POOL_STATE_AT_FIXED_BLOCK
UNISWAP_V3,0x5201ea77c950abb8d3706a20bf3b83d872e4a98b,MRVL,0x00000000000000000000000000000000aa33b104a54c4de08cc929fb8e8af349,0x62fd0668e10d8b72339be2dcf7643001688ff13b,WETH,0x0bd7d308f8e1639fab988df18a8011f41eacad73,0x0bd7d308f8e1639fab988df18a8011f41eacad73,0x62fd0668e10d8b72339be2dcf7643001688ff13b,3000,60,CANONICAL_FACTORY_VIEW_AND_POOL_STATE_AT_FIXED_BLOCK
UNISWAP_V3,0x6cde9ffed078e5211633797156066e28b5f31774,MRVL,0x00000000000000000000000000000000aa33b104a54c4de08cc929fb8e8af349,0x62fd0668e10d8b72339be2dcf7643001688ff13b,WETH,0x0bd7d308f8e1639fab988df18a8011f41eacad73,0x0bd7d308f8e1639fab988df18a8011f41eacad73,0x62fd0668e10d8b72339be2dcf7643001688ff13b,10000,200,CANONICAL_FACTORY_VIEW_AND_POOL_STATE_AT_FIXED_BLOCK
UNISWAP_V2,0x79128f6d6ff4aff600e743a7dbc5a282e91b2099,MSFT,0x00000000000000000000000000000000307bb0113ca54f93adf80f4ff2bf681a,0xe93237c50d904957cf27e7b1133b510c669c2e74,WETH,0x0bd7d308f8e1639fab988df18a8011f41eacad73,0x0bd7d308f8e1639fab988df18a8011f41eacad73,0xe93237c50d904957cf27e7b1133b510c669c2e74,3000,,CANONICAL_FACTORY_VIEW_AT_FIXED_BLOCK
UNISWAP_V3,0x3d69ea64810300877b938e9ad9916c25912c08f5,MSFT,0x00000000000000000000000000000000307bb0113ca54f93adf80f4ff2bf681a,0xe93237c50d904957cf27e7b1133b510c669c2e74,USDG,0x5fc5360d0400a0fd4f2af552add042d716f1d168,0x5fc5360d0400a0fd4f2af552add042d716f1d168,0xe93237c50d904957cf27e7b1133b510c669c2e74,100,1,CANONICAL_FACTORY_VIEW_AND_POOL_STATE_AT_FIXED_BLOCK
UNISWAP_V3,0xeb60bcd1d920ad6e102690ccfc6fb488899e1510,MSFT,0x00000000000000000000000000000000307bb0113ca54f93adf80f4ff2bf681a,0xe93237c50d904957cf27e7b1133b510c669c2e74,USDG,0x5fc5360d0400a0fd4f2af552add042d716f1d168,0x5fc5360d0400a0fd4f2af552add042d716f1d168,0xe93237c50d904957cf27e7b1133b510c669c2e74,3000,60,CANONICAL_FACTORY_VIEW_AND_POOL_STATE_AT_FIXED_BLOCK
UNISWAP_V3,0x2ea9292113514ed84fd16aa4ad1e416537e39c8c,MSFT,0x00000000000000000000000000000000307bb0113ca54f93adf80f4ff2bf681a,0xe93237c50d904957cf27e7b1133b510c669c2e74,USDG,0x5fc5360d0400a0fd4f2af552add042d716f1d168,0x5fc5360d0400a0fd4f2af552add042d716f1d168,0xe93237c50d904957cf27e7b1133b510c669c2e74,10000,200,CANONICAL_FACTORY_VIEW_AND_POOL_STATE_AT_FIXED_BLOCK
UNISWAP_V3,0x98e196c9711280f8a4cdbd70f7e6bf4c3a649ce4,MSFT,0x00000000000000000000000000000000307bb0113ca54f93adf80f4ff2bf681a,0xe93237c50d904957cf27e7b1133b510c669c2e74,WETH,0x0bd7d308f8e1639fab988df18a8011f41eacad73,0x0bd7d308f8e1639fab988df18a8011f41eacad73,0xe93237c50d904957cf27e7b1133b510c669c2e74,3000,60,CANONICAL_FACTORY_VIEW_AND_POOL_STATE_AT_FIXED_BLOCK
UNISWAP_V3,0x2c08bcef714bc8124972b7181494fc598e8ed111,MSTR,0x00000000000000000000000000000000c91ba6e57a1c493f99cae2174e43c86e,0xec262a75e413fafd0df80480274532c79d42da09,USDG,0x5fc5360d0400a0fd4f2af552add042d716f1d168,0x5fc5360d0400a0fd4f2af552add042d716f1d168,0xec262a75e413fafd0df80480274532c79d42da09,3000,60,CANONICAL_FACTORY_VIEW_AND_POOL_STATE_AT_FIXED_BLOCK
UNISWAP_V3,0x17578c0e0d15da44f31677263114f71ae76653ea,MSTR,0x00000000000000000000000000000000c91ba6e57a1c493f99cae2174e43c86e,0xec262a75e413fafd0df80480274532c79d42da09,USDG,0x5fc5360d0400a0fd4f2af552add042d716f1d168,0x5fc5360d0400a0fd4f2af552add042d716f1d168,0xec262a75e413fafd0df80480274532c79d42da09,10000,200,CANONICAL_FACTORY_VIEW_AND_POOL_STATE_AT_FIXED_BLOCK
UNISWAP_V3,0x70504a6fafdbfb75fe971faa4dd716e79ac5624c,MSTR,0x00000000000000000000000000000000c91ba6e57a1c493f99cae2174e43c86e,0xec262a75e413fafd0df80480274532c79d42da09,WETH,0x0bd7d308f8e1639fab988df18a8011f41eacad73,0x0bd7d308f8e1639fab988df18a8011f41eacad73,0xec262a75e413fafd0df80480274532c79d42da09,10000,200,CANONICAL_FACTORY_VIEW_AND_POOL_STATE_AT_FIXED_BLOCK
UNISWAP_V3,0x2e9aee43bb86006d772dae42e12a0d811470d7c1,MTSI,0x000000000000000000000000000000000cd0e8a5e7c341e09f4532de2dc256b2,0xc93f4d80e268ab922e871bd169156c3cc41894e6,USDG,0x5fc5360d0400a0fd4f2af552add042d716f1d168,0x5fc5360d0400a0fd4f2af552add042d716f1d168,0xc93f4d80e268ab922e871bd169156c3cc41894e6,10000,200,CANONICAL_FACTORY_VIEW_AND_POOL_STATE_AT_FIXED_BLOCK
UNISWAP_V3,0x6fd0f36320a1e50e42f130ce4a5c530b992a0a14,MU,0x000000000000000000000000000000007757415150a94b50a879cdc04dc90664,0xff080c8ce2e5feadaca0da81314ae59d232d4afd,USDG,0x5fc5360d0400a0fd4f2af552add042d716f1d168,0x5fc5360d0400a0fd4f2af552add042d716f1d168,0xff080c8ce2e5feadaca0da81314ae59d232d4afd,500,10,CANONICAL_FACTORY_VIEW_AND_POOL_STATE_AT_FIXED_BLOCK
UNISWAP_V3,0xd057b1bc54917855bbee58ead58647f47cab35e5,MU,0x000000000000000000000000000000007757415150a94b50a879cdc04dc90664,0xff080c8ce2e5feadaca0da81314ae59d232d4afd,USDG,0x5fc5360d0400a0fd4f2af552add042d716f1d168,0x5fc5360d0400a0fd4f2af552add042d716f1d168,0xff080c8ce2e5feadaca0da81314ae59d232d4afd,3000,60,CANONICAL_FACTORY_VIEW_AND_POOL_STATE_AT_FIXED_BLOCK
UNISWAP_V3,0x301f48ec369bb3bfa0bc04d44a79037aa0ee2340,MU,0x000000000000000000000000000000007757415150a94b50a879cdc04dc90664,0xff080c8ce2e5feadaca0da81314ae59d232d4afd,WETH,0x0bd7d308f8e1639fab988df18a8011f41eacad73,0x0bd7d308f8e1639fab988df18a8011f41eacad73,0xff080c8ce2e5feadaca0da81314ae59d232d4afd,10000,200,CANONICAL_FACTORY_VIEW_AND_POOL_STATE_AT_FIXED_BLOCK
UNISWAP_V3,0x5859a41c8063a82bd896bc3f39ede983856daaf6,MXL,0x0000000000000000000000000000000014f96c01ad254647b2617a5686d6053a,0x48961813349333209994750ffa89b3c5c22ec969,USDG,0x5fc5360d0400a0fd4f2af552add042d716f1d168,0x48961813349333209994750ffa89b3c5c22ec969,0x5fc5360d0400a0fd4f2af552add042d716f1d168,10000,200,CANONICAL_FACTORY_VIEW_AND_POOL_STATE_AT_FIXED_BLOCK
UNISWAP_V3,0xd4f6c10837759e2dd91e008e993aa0013776570d,MXL,0x0000000000000000000000000000000014f96c01ad254647b2617a5686d6053a,0x48961813349333209994750ffa89b3c5c22ec969,WETH,0x0bd7d308f8e1639fab988df18a8011f41eacad73,0x0bd7d308f8e1639fab988df18a8011f41eacad73,0x48961813349333209994750ffa89b3c5c22ec969,10000,200,CANONICAL_FACTORY_VIEW_AND_POOL_STATE_AT_FIXED_BLOCK
UNISWAP_V3,0xfee5d6e12d1cee7eaf47904b5f4158460341b499,NAVN,0x00000000000000000000000000000000c1fbbd1f58eb47a1a1d16285e48e2f20,0xf7181b63fdb858558a74ba96bc42732684cd7965,USDG,0x5fc5360d0400a0fd4f2af552add042d716f1d168,0x5fc5360d0400a0fd4f2af552add042d716f1d168,0xf7181b63fdb858558a74ba96bc42732684cd7965,10000,200,CANONICAL_FACTORY_VIEW_AND_POOL_STATE_AT_FIXED_BLOCK
UNISWAP_V3,0x8633883cdbd02a0dd915aa1cc2777c3ca43b58c4,NAVN,0x00000000000000000000000000000000c1fbbd1f58eb47a1a1d16285e48e2f20,0xf7181b63fdb858558a74ba96bc42732684cd7965,WETH,0x0bd7d308f8e1639fab988df18a8011f41eacad73,0x0bd7d308f8e1639fab988df18a8011f41eacad73,0xf7181b63fdb858558a74ba96bc42732684cd7965,3000,60,CANONICAL_FACTORY_VIEW_AND_POOL_STATE_AT_FIXED_BLOCK
UNISWAP_V3,0x0dda7c6a2cce72abbfa88394afe407ff98417448,NBIS,0x00000000000000000000000000000000994b82ab24514d439fccc87156df35f9,0x9d9c6684f596f66a64c030b93a886d51fd4d7931,USDG,0x5fc5360d0400a0fd4f2af552add042d716f1d168,0x5fc5360d0400a0fd4f2af552add042d716f1d168,0x9d9c6684f596f66a64c030b93a886d51fd4d7931,10000,200,CANONICAL_FACTORY_VIEW_AND_POOL_STATE_AT_FIXED_BLOCK
UNISWAP_V3,0x06abd56348164c673058dd5750812b059c054ca5,NET,0x00000000000000000000000000000000c8325c5c9c7e4ca2a3d8344500c5c483,0x116f00968269b7bfbad4109ce591d6e74c0601d4,USDG,0x5fc5360d0400a0fd4f2af552add042d716f1d168,0x116f00968269b7bfbad4109ce591d6e74c0601d4,0x5fc5360d0400a0fd4f2af552add042d716f1d168,10000,200,CANONICAL_FACTORY_VIEW_AND_POOL_STATE_AT_FIXED_BLOCK
UNISWAP_V3,0x59895c0302f41aeaa129d2fa2442cec01e7ef45e,NFLX,0x00000000000000000000000000000000500f14b2a92f44d6998e0e2b9cc9387e,0xe0444ef8bf4ed74f74fd73686e2ddf4c1c5591e8,USDG,0x5fc5360d0400a0fd4f2af552add042d716f1d168,0x5fc5360d0400a0fd4f2af552add042d716f1d168,0xe0444ef8bf4ed74f74fd73686e2ddf4c1c5591e8,3000,60,CANONICAL_FACTORY_VIEW_AND_POOL_STATE_AT_FIXED_BLOCK
UNISWAP_V3,0xea75ea625d83ae276b9ae8b0a3dc205916ee65cf,NFLX,0x00000000000000000000000000000000500f14b2a92f44d6998e0e2b9cc9387e,0xe0444ef8bf4ed74f74fd73686e2ddf4c1c5591e8,USDG,0x5fc5360d0400a0fd4f2af552add042d716f1d168,0x5fc5360d0400a0fd4f2af552add042d716f1d168,0xe0444ef8bf4ed74f74fd73686e2ddf4c1c5591e8,10000,200,CANONICAL_FACTORY_VIEW_AND_POOL_STATE_AT_FIXED_BLOCK
UNISWAP_V3,0xa7e6d6cdb4e1f1af8fceed9b443039b05637162e,NFLX,0x00000000000000000000000000000000500f14b2a92f44d6998e0e2b9cc9387e,0xe0444ef8bf4ed74f74fd73686e2ddf4c1c5591e8,WETH,0x0bd7d308f8e1639fab988df18a8011f41eacad73,0x0bd7d308f8e1639fab988df18a8011f41eacad73,0xe0444ef8bf4ed74f74fd73686e2ddf4c1c5591e8,3000,60,CANONICAL_FACTORY_VIEW_AND_POOL_STATE_AT_FIXED_BLOCK
UNISWAP_V3,0x8368991bf7f5380cecd4a6f4fc4ea151d62343bc,NNE,0x000000000000000000000000000000002850ddf4a89a4195905c49a4ef7af8a5,0xbef75684c43c4ea7bd18dd532a2244674ee8b926,USDG,0x5fc5360d0400a0fd4f2af552add042d716f1d168,0x5fc5360d0400a0fd4f2af552add042d716f1d168,0xbef75684c43c4ea7bd18dd532a2244674ee8b926,10000,200,CANONICAL_FACTORY_VIEW_AND_POOL_STATE_AT_FIXED_BLOCK
UNISWAP_V3,0x00ed6c6954edf77ffa945696f1eacf08edcc8d3a,NOW,0x000000000000000000000000000000008fcfbfc7a42c40d4aa44dc7dc943b078,0x0c3260af4b8f13a69c4c2dfb84fd667890cdfa14,USDG,0x5fc5360d0400a0fd4f2af552add042d716f1d168,0x0c3260af4b8f13a69c4c2dfb84fd667890cdfa14,0x5fc5360d0400a0fd4f2af552add042d716f1d168,10000,200,CANONICAL_FACTORY_VIEW_AND_POOL_STATE_AT_FIXED_BLOCK
UNISWAP_V3,0xb6d047637151f6de1d02028acdd187aa9cb7afe3,NU,0x000000000000000000000000000000002ea76ec420fa43ab81d6734184f7058a,0x408c14038a04f7bd235329e26d2bf569ee20e250,USDG,0x5fc5360d0400a0fd4f2af552add042d716f1d168,0x408c14038a04f7bd235329e26d2bf569ee20e250,0x5fc5360d0400a0fd4f2af552add042d716f1d168,10000,200,CANONICAL_FACTORY_VIEW_AND_POOL_STATE_AT_FIXED_BLOCK
UNISWAP_V3,0x552916582947c2ffd83a49b3fbb2c5950b4e2520,NU,0x000000000000000000000000000000002ea76ec420fa43ab81d6734184f7058a,0x408c14038a04f7bd235329e26d2bf569ee20e250,WETH,0x0bd7d308f8e1639fab988df18a8011f41eacad73,0x0bd7d308f8e1639fab988df18a8011f41eacad73,0x408c14038a04f7bd235329e26d2bf569ee20e250,10000,200,CANONICAL_FACTORY_VIEW_AND_POOL_STATE_AT_FIXED_BLOCK
UNISWAP_V2,0xee6f200063a53fe9450578d99c0f8ead4952c97a,NVDA,0x00000000000000000000000000000000915f477416294f5099a5e0e09f327ce5,0xd0601ce157db5bdc3162bbac2a2c8af5320d9eec,USDG,0x5fc5360d0400a0fd4f2af552add042d716f1d168,0x5fc5360d0400a0fd4f2af552add042d716f1d168,0xd0601ce157db5bdc3162bbac2a2c8af5320d9eec,3000,,CANONICAL_FACTORY_VIEW_AT_FIXED_BLOCK
UNISWAP_V2,0x2f358bb14daeff19dd21782affc86171462e11b9,NVDA,0x00000000000000000000000000000000915f477416294f5099a5e0e09f327ce5,0xd0601ce157db5bdc3162bbac2a2c8af5320d9eec,WETH,0x0bd7d308f8e1639fab988df18a8011f41eacad73,0x0bd7d308f8e1639fab988df18a8011f41eacad73,0xd0601ce157db5bdc3162bbac2a2c8af5320d9eec,3000,,CANONICAL_FACTORY_VIEW_AT_FIXED_BLOCK
UNISWAP_V3,0xb75d2d02b0ec3de50d32e40a4f1a8dae8acc4333,NVDA,0x00000000000000000000000000000000915f477416294f5099a5e0e09f327ce5,0xd0601ce157db5bdc3162bbac2a2c8af5320d9eec,USDG,0x5fc5360d0400a0fd4f2af552add042d716f1d168,0x5fc5360d0400a0fd4f2af552add042d716f1d168,0xd0601ce157db5bdc3162bbac2a2c8af5320d9eec,100,1,CANONICAL_FACTORY_VIEW_AND_POOL_STATE_AT_FIXED_BLOCK
UNISWAP_V3,0xd4eb21209c4d6093f80b5b84f5c45cc093ea14a3,NVDA,0x00000000000000000000000000000000915f477416294f5099a5e0e09f327ce5,0xd0601ce157db5bdc3162bbac2a2c8af5320d9eec,USDG,0x5fc5360d0400a0fd4f2af552add042d716f1d168,0x5fc5360d0400a0fd4f2af552add042d716f1d168,0xd0601ce157db5bdc3162bbac2a2c8af5320d9eec,500,10,CANONICAL_FACTORY_VIEW_AND_POOL_STATE_AT_FIXED_BLOCK
UNISWAP_V3,0xb944cec30bd4175855215d767adc81f39e5f7e2b,NVDA,0x00000000000000000000000000000000915f477416294f5099a5e0e09f327ce5,0xd0601ce157db5bdc3162bbac2a2c8af5320d9eec,USDG,0x5fc5360d0400a0fd4f2af552add042d716f1d168,0x5fc5360d0400a0fd4f2af552add042d716f1d168,0xd0601ce157db5bdc3162bbac2a2c8af5320d9eec,3000,60,CANONICAL_FACTORY_VIEW_AND_POOL_STATE_AT_FIXED_BLOCK
UNISWAP_V3,0xc277560df3689a401ba7dedd7626168b234ceb5e,NVDA,0x00000000000000000000000000000000915f477416294f5099a5e0e09f327ce5,0xd0601ce157db5bdc3162bbac2a2c8af5320d9eec,USDG,0x5fc5360d0400a0fd4f2af552add042d716f1d168,0x5fc5360d0400a0fd4f2af552add042d716f1d168,0xd0601ce157db5bdc3162bbac2a2c8af5320d9eec,10000,200,CANONICAL_FACTORY_VIEW_AND_POOL_STATE_AT_FIXED_BLOCK
UNISWAP_V3,0x62ab521f71431f78ac374cdbadc6cda3c8916b6c,NVDA,0x00000000000000000000000000000000915f477416294f5099a5e0e09f327ce5,0xd0601ce157db5bdc3162bbac2a2c8af5320d9eec,WETH,0x0bd7d308f8e1639fab988df18a8011f41eacad73,0x0bd7d308f8e1639fab988df18a8011f41eacad73,0xd0601ce157db5bdc3162bbac2a2c8af5320d9eec,500,10,CANONICAL_FACTORY_VIEW_AND_POOL_STATE_AT_FIXED_BLOCK
UNISWAP_V3,0xc0be1cb0f674d9737c72b2a63fc542361185b807,NVDA,0x00000000000000000000000000000000915f477416294f5099a5e0e09f327ce5,0xd0601ce157db5bdc3162bbac2a2c8af5320d9eec,WETH,0x0bd7d308f8e1639fab988df18a8011f41eacad73,0x0bd7d308f8e1639fab988df18a8011f41eacad73,0xd0601ce157db5bdc3162bbac2a2c8af5320d9eec,3000,60,CANONICAL_FACTORY_VIEW_AND_POOL_STATE_AT_FIXED_BLOCK
UNISWAP_V3,0x8b6a6416a5d1040efcfa6234da6aa1265dfe123e,NVDA,0x00000000000000000000000000000000915f477416294f5099a5e0e09f327ce5,0xd0601ce157db5bdc3162bbac2a2c8af5320d9eec,WETH,0x0bd7d308f8e1639fab988df18a8011f41eacad73,0x0bd7d308f8e1639fab988df18a8011f41eacad73,0xd0601ce157db5bdc3162bbac2a2c8af5320d9eec,10000,200,CANONICAL_FACTORY_VIEW_AND_POOL_STATE_AT_FIXED_BLOCK
UNISWAP_V3,0xa6db97fb3e2dcb5de6ec43b04be6aa151905dc17,NVTS,0x00000000000000000000000000000000b9e9686fc0904e87aef5134b823020e3,0xbe6702d7b70315376dc48a3293f24f0982f86386,USDG,0x5fc5360d0400a0fd4f2af552add042d716f1d168,0x5fc5360d0400a0fd4f2af552add042d716f1d168,0xbe6702d7b70315376dc48a3293f24f0982f86386,10000,200,CANONICAL_FACTORY_VIEW_AND_POOL_STATE_AT_FIXED_BLOCK
UNISWAP_V3,0x754799c74d8941ad42084ed3951f996f401de4a2,OKLO,0x00000000000000000000000000000000d9dd6bf798564cfd8d65f3f95fc915c3,0x8b2f88497f15a18e9d4ffa1a8ffb8538399ae774,USDG,0x5fc5360d0400a0fd4f2af552add042d716f1d168,0x5fc5360d0400a0fd4f2af552add042d716f1d168,0x8b2f88497f15a18e9d4ffa1a8ffb8538399ae774,10000,200,CANONICAL_FACTORY_VIEW_AND_POOL_STATE_AT_FIXED_BLOCK
UNISWAP_V3,0xfce637eead7d62d9ed27f81d9767de03e9e534cf,ON,0x000000000000000000000000000000000467fac1d4da4c0e9ae874314fc8d784,0xbbd09f72b025360fee5c928053dca6248d35be54,USDG,0x5fc5360d0400a0fd4f2af552add042d716f1d168,0x5fc5360d0400a0fd4f2af552add042d716f1d168,0xbbd09f72b025360fee5c928053dca6248d35be54,10000,200,CANONICAL_FACTORY_VIEW_AND_POOL_STATE_AT_FIXED_BLOCK
UNISWAP_V3,0x3084cf7a94e52a22a02d268c5e2413e4d2303e5f,ONTO,0x00000000000000000000000000000000f1469aaabbf6434cb8820d1026a28460,0x8ff63eaeee3fe54ba450c4f5538064ec5a893aef,USDG,0x5fc5360d0400a0fd4f2af552add042d716f1d168,0x5fc5360d0400a0fd4f2af552add042d716f1d168,0x8ff63eaeee3fe54ba450c4f5538064ec5a893aef,10000,200,CANONICAL_FACTORY_VIEW_AND_POOL_STATE_AT_FIXED_BLOCK
UNISWAP_V3,0xbeba59ed4a9b3a4b7033384228c75bd9e7dcad20,OUST,0x0000000000000000000000000000000060d13e3566ea42a0a83a3224fd446109,0x40e7a279850e443f582059ae5dc1c3b6563e6395,USDG,0x5fc5360d0400a0fd4f2af552add042d716f1d168,0x40e7a279850e443f582059ae5dc1c3b6563e6395,0x5fc5360d0400a0fd4f2af552add042d716f1d168,10000,200,CANONICAL_FACTORY_VIEW_AND_POOL_STATE_AT_FIXED_BLOCK
UNISWAP_V3,0x0425c69694c9357b6f2daeb9897795fcd9c6e6cb,P,0x0000000000000000000000000000000002c4d1ce31ec4310b2c507c921a52b70,0x1cdad396db64bda184d5182a97dd9b3c62100b7d,USDG,0x5fc5360d0400a0fd4f2af552add042d716f1d168,0x1cdad396db64bda184d5182a97dd9b3c62100b7d,0x5fc5360d0400a0fd4f2af552add042d716f1d168,10000,200,CANONICAL_FACTORY_VIEW_AND_POOL_STATE_AT_FIXED_BLOCK
UNISWAP_V3,0xd270b98ccc7c2b014b717d7ee41c4f6941d0ecda,P,0x0000000000000000000000000000000002c4d1ce31ec4310b2c507c921a52b70,0x1cdad396db64bda184d5182a97dd9b3c62100b7d,WETH,0x0bd7d308f8e1639fab988df18a8011f41eacad73,0x0bd7d308f8e1639fab988df18a8011f41eacad73,0x1cdad396db64bda184d5182a97dd9b3c62100b7d,10000,200,CANONICAL_FACTORY_VIEW_AND_POOL_STATE_AT_FIXED_BLOCK
UNISWAP_V3,0x178723ec752ae010e95a183c3cf3b13ddca23449,PANW,0x00000000000000000000000000000000423f62d0b1e146a3b90e9b1ffcbf6e16,0xb039597ed45cba7b6e2fb9e8be51802969cee5be,USDG,0x5fc5360d0400a0fd4f2af552add042d716f1d168,0x5fc5360d0400a0fd4f2af552add042d716f1d168,0xb039597ed45cba7b6e2fb9e8be51802969cee5be,10000,200,CANONICAL_FACTORY_VIEW_AND_POOL_STATE_AT_FIXED_BLOCK
UNISWAP_V3,0x85e93fa4a14b266643b8c9bace0312425815e72e,PATH,0x00000000000000000000000000000000ba4c7482f4e048f9a8d4a19fa2d1227a,0xfb2664f07b6aadd29ea7a59d8859b1aeb8645cda,USDG,0x5fc5360d0400a0fd4f2af552add042d716f1d168,0x5fc5360d0400a0fd4f2af552add042d716f1d168,0xfb2664f07b6aadd29ea7a59d8859b1aeb8645cda,10000,200,CANONICAL_FACTORY_VIEW_AND_POOL_STATE_AT_FIXED_BLOCK
UNISWAP_V3,0x1cd650500fa6f07646361f5f508aa6fbf7ddad36,PENG,0x00000000000000000000000000000000c6257ac357d34120ba22c2589ba17cc9,0x9b23573b156b52565012f5ce02cdf60afbaa70be,USDG,0x5fc5360d0400a0fd4f2af552add042d716f1d168,0x5fc5360d0400a0fd4f2af552add042d716f1d168,0x9b23573b156b52565012f5ce02cdf60afbaa70be,3000,60,CANONICAL_FACTORY_VIEW_AND_POOL_STATE_AT_FIXED_BLOCK
UNISWAP_V3,0x10508f818e05193efd10a5ad360441067892551f,PENG,0x00000000000000000000000000000000c6257ac357d34120ba22c2589ba17cc9,0x9b23573b156b52565012f5ce02cdf60afbaa70be,USDG,0x5fc5360d0400a0fd4f2af552add042d716f1d168,0x5fc5360d0400a0fd4f2af552add042d716f1d168,0x9b23573b156b52565012f5ce02cdf60afbaa70be,10000,200,CANONICAL_FACTORY_VIEW_AND_POOL_STATE_AT_FIXED_BLOCK
UNISWAP_V3,0xc7d573fcda6d2107c97fb582ae18411f9db32e7f,PFE,0x00000000000000000000000000000000fb3ae5faa7f7465a95815518c4cd7a8b,0x7066a64c24e4206cd62e83bf198c1e7eb361f51e,USDG,0x5fc5360d0400a0fd4f2af552add042d716f1d168,0x5fc5360d0400a0fd4f2af552add042d716f1d168,0x7066a64c24e4206cd62e83bf198c1e7eb361f51e,3000,60,CANONICAL_FACTORY_VIEW_AND_POOL_STATE_AT_FIXED_BLOCK
UNISWAP_V3,0xa26df7296ef5dfc727f3bc6f1e9050e6b62e6abf,PFE,0x00000000000000000000000000000000fb3ae5faa7f7465a95815518c4cd7a8b,0x7066a64c24e4206cd62e83bf198c1e7eb361f51e,USDG,0x5fc5360d0400a0fd4f2af552add042d716f1d168,0x5fc5360d0400a0fd4f2af552add042d716f1d168,0x7066a64c24e4206cd62e83bf198c1e7eb361f51e,10000,200,CANONICAL_FACTORY_VIEW_AND_POOL_STATE_AT_FIXED_BLOCK
UNISWAP_V3,0x0b5de42992cc18bfe63e62f6866c7e6b32cc3c9a,PL,0x00000000000000000000000000000000b6231b1f45a647a1930f919f161df020,0xaa4d64474c172010ab57719cb9951e6142a100d3,USDG,0x5fc5360d0400a0fd4f2af552add042d716f1d168,0x5fc5360d0400a0fd4f2af552add042d716f1d168,0xaa4d64474c172010ab57719cb9951e6142a100d3,10000,200,CANONICAL_FACTORY_VIEW_AND_POOL_STATE_AT_FIXED_BLOCK
UNISWAP_V3,0x851680416a4f4e1c463d45171d61acddbc8554c0,PLTR,0x000000000000000000000000000000007454a90b4aab491389ce9fa3c485de42,0x894e1ec2d74ffe5aef8dc8a9e84686accb964f2a,USDG,0x5fc5360d0400a0fd4f2af552add042d716f1d168,0x5fc5360d0400a0fd4f2af552add042d716f1d168,0x894e1ec2d74ffe5aef8dc8a9e84686accb964f2a,3000,60,CANONICAL_FACTORY_VIEW_AND_POOL_STATE_AT_FIXED_BLOCK
UNISWAP_V3,0xa1c781ed62ac2d0283f50ff5a843647a56ddd80a,POET,0x00000000000000000000000000000000a20e50a9f81946d58dafdad20661ec10,0xcf6b2d875361be807eafa57458c80f28521f9333,USDG,0x5fc5360d0400a0fd4f2af552add042d716f1d168,0x5fc5360d0400a0fd4f2af552add042d716f1d168,0xcf6b2d875361be807eafa57458c80f28521f9333,10000,200,CANONICAL_FACTORY_VIEW_AND_POOL_STATE_AT_FIXED_BLOCK
UNISWAP_V3,0xa348700ed212c25d1b3feabde288746154440251,POWL,0x00000000000000000000000000000000794a29855a8f4a9998510dfa2604da94,0x237c16d66590f67b886d978acd362eaead8b18c7,USDG,0x5fc5360d0400a0fd4f2af552add042d716f1d168,0x237c16d66590f67b886d978acd362eaead8b18c7,0x5fc5360d0400a0fd4f2af552add042d716f1d168,10000,200,CANONICAL_FACTORY_VIEW_AND_POOL_STATE_AT_FIXED_BLOCK
UNISWAP_V3,0xc2b5a8d6ecbbe9e4590271f7fe0261a3b265c3e7,PR,0x0000000000000000000000000000000022d137a64ac743aa991898cc4c1d7af4,0x4189f0c66ebbb0bfef1c31f763131361ef32f77c,USDG,0x5fc5360d0400a0fd4f2af552add042d716f1d168,0x4189f0c66ebbb0bfef1c31f763131361ef32f77c,0x5fc5360d0400a0fd4f2af552add042d716f1d168,10000,200,CANONICAL_FACTORY_VIEW_AND_POOL_STATE_AT_FIXED_BLOCK
UNISWAP_V3,0x5cc24380a863119148723d2970ab712e4949b12c,PWR,0x0000000000000000000000000000000094e84a8622774d5699842d9b0621b871,0x9ab02ead789b6903c3c44d0ed32f9c707cdf12fd,USDG,0x5fc5360d0400a0fd4f2af552add042d716f1d168,0x5fc5360d0400a0fd4f2af552add042d716f1d168,0x9ab02ead789b6903c3c44d0ed32f9c707cdf12fd,10000,200,CANONICAL_FACTORY_VIEW_AND_POOL_STATE_AT_FIXED_BLOCK
UNISWAP_V3,0x9eb22ad27148cb90423422ec8a4a2ecf267e96bf,QBTS,0x000000000000000000000000000000000a924e0d878747e586c22887bc2d82b1,0xc583c60aef9dc401da72cec1b404743a93cea1cc,USDG,0x5fc5360d0400a0fd4f2af552add042d716f1d168,0x5fc5360d0400a0fd4f2af552add042d716f1d168,0xc583c60aef9dc401da72cec1b404743a93cea1cc,10000,200,CANONICAL_FACTORY_VIEW_AND_POOL_STATE_AT_FIXED_BLOCK
UNISWAP_V3,0xff3ab07dd9c241a72d42b3841814bf800494607a,QCOM,0x00000000000000000000000000000000ad4edb65cfed4b93a3f768502f7ac2b2,0x0f17206447090e464c277571124dd2688e48aea9,USDG,0x5fc5360d0400a0fd4f2af552add042d716f1d168,0x0f17206447090e464c277571124dd2688e48aea9,0x5fc5360d0400a0fd4f2af552add042d716f1d168,10000,200,CANONICAL_FACTORY_VIEW_AND_POOL_STATE_AT_FIXED_BLOCK
UNISWAP_V3,0x4539019b527211998642fec342c85dcb44c7e5e4,QQQ,0x000000000000000000000000000000002470b933c52d47ccad017ed9ee80c9ed,0xd5f3879160bc7c32ebb4dc785f8a4f505888de68,USDG,0x5fc5360d0400a0fd4f2af552add042d716f1d168,0x5fc5360d0400a0fd4f2af552add042d716f1d168,0xd5f3879160bc7c32ebb4dc785f8a4f505888de68,100,1,CANONICAL_FACTORY_VIEW_AND_POOL_STATE_AT_FIXED_BLOCK
UNISWAP_V3,0xd60a5d14db690b7afad71f76b108071d7175597d,QQQ,0x000000000000000000000000000000002470b933c52d47ccad017ed9ee80c9ed,0xd5f3879160bc7c32ebb4dc785f8a4f505888de68,USDG,0x5fc5360d0400a0fd4f2af552add042d716f1d168,0x5fc5360d0400a0fd4f2af552add042d716f1d168,0xd5f3879160bc7c32ebb4dc785f8a4f505888de68,500,10,CANONICAL_FACTORY_VIEW_AND_POOL_STATE_AT_FIXED_BLOCK
UNISWAP_V3,0xebd78dcfc8a6b3a696f1e191ad1ff321f9579f79,QQQ,0x000000000000000000000000000000002470b933c52d47ccad017ed9ee80c9ed,0xd5f3879160bc7c32ebb4dc785f8a4f505888de68,USDG,0x5fc5360d0400a0fd4f2af552add042d716f1d168,0x5fc5360d0400a0fd4f2af552add042d716f1d168,0xd5f3879160bc7c32ebb4dc785f8a4f505888de68,3000,60,CANONICAL_FACTORY_VIEW_AND_POOL_STATE_AT_FIXED_BLOCK
UNISWAP_V3,0x8ec7ef7b775b04ab1000a122ce0ae1dcff509a5c,QQQ,0x000000000000000000000000000000002470b933c52d47ccad017ed9ee80c9ed,0xd5f3879160bc7c32ebb4dc785f8a4f505888de68,WETH,0x0bd7d308f8e1639fab988df18a8011f41eacad73,0x0bd7d308f8e1639fab988df18a8011f41eacad73,0xd5f3879160bc7c32ebb4dc785f8a4f505888de68,500,10,CANONICAL_FACTORY_VIEW_AND_POOL_STATE_AT_FIXED_BLOCK
UNISWAP_V3,0xa40d00a55d43ba2d188039dcf88bd68f4f133e78,QQQ,0x000000000000000000000000000000002470b933c52d47ccad017ed9ee80c9ed,0xd5f3879160bc7c32ebb4dc785f8a4f505888de68,WETH,0x0bd7d308f8e1639fab988df18a8011f41eacad73,0x0bd7d308f8e1639fab988df18a8011f41eacad73,0xd5f3879160bc7c32ebb4dc785f8a4f505888de68,3000,60,CANONICAL_FACTORY_VIEW_AND_POOL_STATE_AT_FIXED_BLOCK
UNISWAP_V3,0x13444127f263a5ac1c545efcec022b467df91658,QQQ,0x000000000000000000000000000000002470b933c52d47ccad017ed9ee80c9ed,0xd5f3879160bc7c32ebb4dc785f8a4f505888de68,WETH,0x0bd7d308f8e1639fab988df18a8011f41eacad73,0x0bd7d308f8e1639fab988df18a8011f41eacad73,0xd5f3879160bc7c32ebb4dc785f8a4f505888de68,10000,200,CANONICAL_FACTORY_VIEW_AND_POOL_STATE_AT_FIXED_BLOCK
UNISWAP_V3,0x227bbce9a81b3694b01754298a983be3f9e44a93,QUBT,0x000000000000000000000000000000009448faa0b7c14ea798a7787a8cb9db5a,0x59818904ab4ce163b3ce4ffb64f2d6ca02c434b4,USDG,0x5fc5360d0400a0fd4f2af552add042d716f1d168,0x59818904ab4ce163b3ce4ffb64f2d6ca02c434b4,0x5fc5360d0400a0fd4f2af552add042d716f1d168,3000,60,CANONICAL_FACTORY_VIEW_AND_POOL_STATE_AT_FIXED_BLOCK
UNISWAP_V3,0x2e2a857c08ad6c09f1d1ec4fdb4cc7cd06cf17f4,QUBT,0x000000000000000000000000000000009448faa0b7c14ea798a7787a8cb9db5a,0x59818904ab4ce163b3ce4ffb64f2d6ca02c434b4,USDG,0x5fc5360d0400a0fd4f2af552add042d716f1d168,0x59818904ab4ce163b3ce4ffb64f2d6ca02c434b4,0x5fc5360d0400a0fd4f2af552add042d716f1d168,10000,200,CANONICAL_FACTORY_VIEW_AND_POOL_STATE_AT_FIXED_BLOCK
UNISWAP_V3,0xb0b255ecf93ee03e69b6780cb85da769c0c5e0ea,QUBT,0x000000000000000000000000000000009448faa0b7c14ea798a7787a8cb9db5a,0x59818904ab4ce163b3ce4ffb64f2d6ca02c434b4,WETH,0x0bd7d308f8e1639fab988df18a8011f41eacad73,0x0bd7d308f8e1639fab988df18a8011f41eacad73,0x59818904ab4ce163b3ce4ffb64f2d6ca02c434b4,10000,200,CANONICAL_FACTORY_VIEW_AND_POOL_STATE_AT_FIXED_BLOCK
UNISWAP_V3,0x1bdb8e3a79cb1a7f228808739311e23098d33d43,RBLX,0x00000000000000000000000000000000eed533334fe84ce08253d5b1dcff7373,0xf0c4bf4c582cb3836e98394b1d4e7b7281101be8,USDG,0x5fc5360d0400a0fd4f2af552add042d716f1d168,0x5fc5360d0400a0fd4f2af552add042d716f1d168,0xf0c4bf4c582cb3836e98394b1d4e7b7281101be8,3000,60,CANONICAL_FACTORY_VIEW_AND_POOL_STATE_AT_FIXED_BLOCK
UNISWAP_V3,0x2ef5945cd5664876b6481fdacfaa2942995a4da8,RBLX,0x00000000000000000000000000000000eed533334fe84ce08253d5b1dcff7373,0xf0c4bf4c582cb3836e98394b1d4e7b7281101be8,USDG,0x5fc5360d0400a0fd4f2af552add042d716f1d168,0x5fc5360d0400a0fd4f2af552add042d716f1d168,0xf0c4bf4c582cb3836e98394b1d4e7b7281101be8,10000,200,CANONICAL_FACTORY_VIEW_AND_POOL_STATE_AT_FIXED_BLOCK
UNISWAP_V3,0x6d25417718a8d6c529130a8ccc4bfbf0a18219d3,RBLX,0x00000000000000000000000000000000eed533334fe84ce08253d5b1dcff7373,0xf0c4bf4c582cb3836e98394b1d4e7b7281101be8,WETH,0x0bd7d308f8e1639fab988df18a8011f41eacad73,0x0bd7d308f8e1639fab988df18a8011f41eacad73,0xf0c4bf4c582cb3836e98394b1d4e7b7281101be8,3000,60,CANONICAL_FACTORY_VIEW_AND_POOL_STATE_AT_FIXED_BLOCK
UNISWAP_V3,0x7dc7b2a650c5649f192e217d90459a05307afb3a,RBLX,0x00000000000000000000000000000000eed533334fe84ce08253d5b1dcff7373,0xf0c4bf4c582cb3836e98394b1d4e7b7281101be8,WETH,0x0bd7d308f8e1639fab988df18a8011f41eacad73,0x0bd7d308f8e1639fab988df18a8011f41eacad73,0xf0c4bf4c582cb3836e98394b1d4e7b7281101be8,10000,200,CANONICAL_FACTORY_VIEW_AND_POOL_STATE_AT_FIXED_BLOCK
UNISWAP_V3,0x64710a70839585af718e1b1faef9e7f1665f1116,RCAT,0x00000000000000000000000000000000311078f293cf441789d7bc7eb9480228,0xfde6b5d9bb419b10c23268c74e369abff39c0460,USDG,0x5fc5360d0400a0fd4f2af552add042d716f1d168,0x5fc5360d0400a0fd4f2af552add042d716f1d168,0xfde6b5d9bb419b10c23268c74e369abff39c0460,10000,200,CANONICAL_FACTORY_VIEW_AND_POOL_STATE_AT_FIXED_BLOCK
UNISWAP_V3,0x344f2705c99948c902d604170abe49b9d2c39d2f,RDDT,0x000000000000000000000000000000003bc66ed8f2314091a365604b4c01aef5,0x05b37fb53a299a1b874a619e1c4c404d52c36f4c,USDG,0x5fc5360d0400a0fd4f2af552add042d716f1d168,0x05b37fb53a299a1b874a619e1c4c404d52c36f4c,0x5fc5360d0400a0fd4f2af552add042d716f1d168,500,10,CANONICAL_FACTORY_VIEW_AND_POOL_STATE_AT_FIXED_BLOCK
UNISWAP_V3,0x1a774e182159d2880dbc646eb89a8defe569f97c,RDDT,0x000000000000000000000000000000003bc66ed8f2314091a365604b4c01aef5,0x05b37fb53a299a1b874a619e1c4c404d52c36f4c,USDG,0x5fc5360d0400a0fd4f2af552add042d716f1d168,0x05b37fb53a299a1b874a619e1c4c404d52c36f4c,0x5fc5360d0400a0fd4f2af552add042d716f1d168,3000,60,CANONICAL_FACTORY_VIEW_AND_POOL_STATE_AT_FIXED_BLOCK
UNISWAP_V3,0xa8744e76aed23b05f0126335e7bd38f7935d19fe,RDDT,0x000000000000000000000000000000003bc66ed8f2314091a365604b4c01aef5,0x05b37fb53a299a1b874a619e1c4c404d52c36f4c,USDG,0x5fc5360d0400a0fd4f2af552add042d716f1d168,0x05b37fb53a299a1b874a619e1c4c404d52c36f4c,0x5fc5360d0400a0fd4f2af552add042d716f1d168,10000,200,CANONICAL_FACTORY_VIEW_AND_POOL_STATE_AT_FIXED_BLOCK
UNISWAP_V3,0x714187eed11d8fc9500ff6798734c8bb63a8a19b,RDDT,0x000000000000000000000000000000003bc66ed8f2314091a365604b4c01aef5,0x05b37fb53a299a1b874a619e1c4c404d52c36f4c,WETH,0x0bd7d308f8e1639fab988df18a8011f41eacad73,0x05b37fb53a299a1b874a619e1c4c404d52c36f4c,0x0bd7d308f8e1639fab988df18a8011f41eacad73,3000,60,CANONICAL_FACTORY_VIEW_AND_POOL_STATE_AT_FIXED_BLOCK
UNISWAP_V3,0xa541143f20d7b0643123064abf25f423e375b531,RDDT,0x000000000000000000000000000000003bc66ed8f2314091a365604b4c01aef5,0x05b37fb53a299a1b874a619e1c4c404d52c36f4c,WETH,0x0bd7d308f8e1639fab988df18a8011f41eacad73,0x05b37fb53a299a1b874a619e1c4c404d52c36f4c,0x0bd7d308f8e1639fab988df18a8011f41eacad73,10000,200,CANONICAL_FACTORY_VIEW_AND_POOL_STATE_AT_FIXED_BLOCK
UNISWAP_V3,0x71e15c0ed50142c772bee6195c936f04e4696f5d,RDW,0x00000000000000000000000000000000d6571fe1a63748a4b7b79b37612dc9b8,0x92ef19e82bd8ff36661de838d5eae7e5cef0effe,USDG,0x5fc5360d0400a0fd4f2af552add042d716f1d168,0x5fc5360d0400a0fd4f2af552add042d716f1d168,0x92ef19e82bd8ff36661de838d5eae7e5cef0effe,10000,200,CANONICAL_FACTORY_VIEW_AND_POOL_STATE_AT_FIXED_BLOCK
UNISWAP_V3,0xb549d4eaf467277e48aa350f216e413df8c8ba12,RGTI,0x0000000000000000000000000000000031a6c09d095b4d49b4155de0040da68f,0x284358abc07f9359f19f4b5b4ac91901be2597ba,USDG,0x5fc5360d0400a0fd4f2af552add042d716f1d168,0x284358abc07f9359f19f4b5b4ac91901be2597ba,0x5fc5360d0400a0fd4f2af552add042d716f1d168,10000,200,CANONICAL_FACTORY_VIEW_AND_POOL_STATE_AT_FIXED_BLOCK
UNISWAP_V3,0xb30a75b200d98a600a3766869344928e35823e23,RIVN,0x00000000000000000000000000000000c4aa88df91204d23a4ff43cd0768298d,0xb1bf26c1d20ff267a4f93550d1e0d06ac40a114b,USDG,0x5fc5360d0400a0fd4f2af552add042d716f1d168,0x5fc5360d0400a0fd4f2af552add042d716f1d168,0xb1bf26c1d20ff267a4f93550d1e0d06ac40a114b,10000,200,CANONICAL_FACTORY_VIEW_AND_POOL_STATE_AT_FIXED_BLOCK
UNISWAP_V3,0xa9888de1b9d64a93eaeb495a39fe9b3d00654928,RKLB,0x000000000000000000000000000000007cacd0cd4c0547d480e89459e648592b,0x3b14c39e89d60d627b42a1a4ca45b5bb45fc12e2,USDG,0x5fc5360d0400a0fd4f2af552add042d716f1d168,0x3b14c39e89d60d627b42a1a4ca45b5bb45fc12e2,0x5fc5360d0400a0fd4f2af552add042d716f1d168,10000,200,CANONICAL_FACTORY_VIEW_AND_POOL_STATE_AT_FIXED_BLOCK
UNISWAP_V3,0xe6d0f53073041e12bc46759519499764a4b92d13,RUN,0x00000000000000000000000000000000159fb9b112cb4ac8acec13e01d48e763,0x756bc80af765c82da966a788858d65adf14f3793,USDG,0x5fc5360d0400a0fd4f2af552add042d716f1d168,0x5fc5360d0400a0fd4f2af552add042d716f1d168,0x756bc80af765c82da966a788858d65adf14f3793,10000,200,CANONICAL_FACTORY_VIEW_AND_POOL_STATE_AT_FIXED_BLOCK
UNISWAP_V3,0xf9f25cd5b5ab162f7aad3cb2a1843916af49167f,SATS,0x000000000000000000000000000000000b2d487cedd9423a890231379e09bbb6,0x95052ddcd5dc25641657424a8cf04834997e1730,USDG,0x5fc5360d0400a0fd4f2af552add042d716f1d168,0x5fc5360d0400a0fd4f2af552add042d716f1d168,0x95052ddcd5dc25641657424a8cf04834997e1730,10000,200,CANONICAL_FACTORY_VIEW_AND_POOL_STATE_AT_FIXED_BLOCK
UNISWAP_V3,0x359555e1fa3f28d5a25091dd9f6d350cb66566cf,SCHD,0x00000000000000000000000000000000c89bb960aac6406fb95b34dc136a6016,0xd63abb2c13d7a8421a8017a712802053568e3c1d,USDG,0x5fc5360d0400a0fd4f2af552add042d716f1d168,0x5fc5360d0400a0fd4f2af552add042d716f1d168,0xd63abb2c13d7a8421a8017a712802053568e3c1d,10000,200,CANONICAL_FACTORY_VIEW_AND_POOL_STATE_AT_FIXED_BLOCK
UNISWAP_V3,0xffb376bfc48668f16719b42ed8aeef5b98dbc4f1,SGOV,0x000000000000000000000000000000005f7e82ad6e4c4b60ba76497863fe4a67,0x92fd66527192e3e61d4ddd13322aa222de86f9b5,USDG,0x5fc5360d0400a0fd4f2af552add042d716f1d168,0x5fc5360d0400a0fd4f2af552add042d716f1d168,0x92fd66527192e3e61d4ddd13322aa222de86f9b5,100,1,CANONICAL_FACTORY_VIEW_AND_POOL_STATE_AT_FIXED_BLOCK
UNISWAP_V3,0x6ba50150b17ffd0972915aaf04ffd5e8f4fa49b4,SGOV,0x000000000000000000000000000000005f7e82ad6e4c4b60ba76497863fe4a67,0x92fd66527192e3e61d4ddd13322aa222de86f9b5,USDG,0x5fc5360d0400a0fd4f2af552add042d716f1d168,0x5fc5360d0400a0fd4f2af552add042d716f1d168,0x92fd66527192e3e61d4ddd13322aa222de86f9b5,500,10,CANONICAL_FACTORY_VIEW_AND_POOL_STATE_AT_FIXED_BLOCK
UNISWAP_V3,0xfab520051f96f4d2a32c22b6a3dd7fffdf231bfe,SGOV,0x000000000000000000000000000000005f7e82ad6e4c4b60ba76497863fe4a67,0x92fd66527192e3e61d4ddd13322aa222de86f9b5,USDG,0x5fc5360d0400a0fd4f2af552add042d716f1d168,0x5fc5360d0400a0fd4f2af552add042d716f1d168,0x92fd66527192e3e61d4ddd13322aa222de86f9b5,3000,60,CANONICAL_FACTORY_VIEW_AND_POOL_STATE_AT_FIXED_BLOCK
UNISWAP_V3,0x18a1afa849a6940870c2163b7ecbcc85d455ad99,SHOP,0x00000000000000000000000000000000b82496d605ca4b019c9200daa049f52f,0xf53f66751b1eff985311b693531e3290f600c410,USDG,0x5fc5360d0400a0fd4f2af552add042d716f1d168,0x5fc5360d0400a0fd4f2af552add042d716f1d168,0xf53f66751b1eff985311b693531e3290f600c410,10000,200,CANONICAL_FACTORY_VIEW_AND_POOL_STATE_AT_FIXED_BLOCK
UNISWAP_V3,0x8517c791b522b6a4c20bd1021ff1f6a442dacba6,SHY,0x000000000000000000000000000000009cc71272a7ec45f0adb8a7469632dd4d,0xbe274710bf3d9567e1b290ef6a5f9f90ca016fd8,USDG,0x5fc5360d0400a0fd4f2af552add042d716f1d168,0x5fc5360d0400a0fd4f2af552add042d716f1d168,0xbe274710bf3d9567e1b290ef6a5f9f90ca016fd8,10000,200,CANONICAL_FACTORY_VIEW_AND_POOL_STATE_AT_FIXED_BLOCK
UNISWAP_V3,0xa84fe55a03bb51eb640f8b624fe47b2777358d15,SIMO,0x000000000000000000000000000000006f1951b0f7c348a480d9c135679778f7,0x77e655e37f4d913fb9540e0d541d824171a60e81,USDG,0x5fc5360d0400a0fd4f2af552add042d716f1d168,0x5fc5360d0400a0fd4f2af552add042d716f1d168,0x77e655e37f4d913fb9540e0d541d824171a60e81,10000,200,CANONICAL_FACTORY_VIEW_AND_POOL_STATE_AT_FIXED_BLOCK
UNISWAP_V3,0xb504030b2d88183bf292b13378251abaabed5168,SKHY,0x000000000000000000000000000000002b98fc3881db4479b3827d5ca058d31a,0x84cab63bc87912e71ad199ff14a0ba45de68fef8,USDG,0x5fc5360d0400a0fd4f2af552add042d716f1d168,0x5fc5360d0400a0fd4f2af552add042d716f1d168,0x84cab63bc87912e71ad199ff14a0ba45de68fef8,500,10,CANONICAL_FACTORY_VIEW_AND_POOL_STATE_AT_FIXED_BLOCK
UNISWAP_V3,0x5f2a5025feb93a4c44da4e3b37e4fd3fb0ab5171,SKHY,0x000000000000000000000000000000002b98fc3881db4479b3827d5ca058d31a,0x84cab63bc87912e71ad199ff14a0ba45de68fef8,USDG,0x5fc5360d0400a0fd4f2af552add042d716f1d168,0x5fc5360d0400a0fd4f2af552add042d716f1d168,0x84cab63bc87912e71ad199ff14a0ba45de68fef8,3000,60,CANONICAL_FACTORY_VIEW_AND_POOL_STATE_AT_FIXED_BLOCK
UNISWAP_V3,0x3b0028f88fdeb46150420ad9a0784844c5f6fab2,SKHY,0x000000000000000000000000000000002b98fc3881db4479b3827d5ca058d31a,0x84cab63bc87912e71ad199ff14a0ba45de68fef8,USDG,0x5fc5360d0400a0fd4f2af552add042d716f1d168,0x5fc5360d0400a0fd4f2af552add042d716f1d168,0x84cab63bc87912e71ad199ff14a0ba45de68fef8,10000,200,CANONICAL_FACTORY_VIEW_AND_POOL_STATE_AT_FIXED_BLOCK
UNISWAP_V3,0x13f78b235d19141f572986afcaab66ce7744b4ef,SKHY,0x000000000000000000000000000000002b98fc3881db4479b3827d5ca058d31a,0x84cab63bc87912e71ad199ff14a0ba45de68fef8,WETH,0x0bd7d308f8e1639fab988df18a8011f41eacad73,0x0bd7d308f8e1639fab988df18a8011f41eacad73,0x84cab63bc87912e71ad199ff14a0ba45de68fef8,3000,60,CANONICAL_FACTORY_VIEW_AND_POOL_STATE_AT_FIXED_BLOCK
UNISWAP_V3,0x98e95b56f8b6601bc1d25bc2eb568ed0ff64279d,SLS,0x000000000000000000000000000000008a8af3575ac442b8ab46c2d966b2107d,0x285b231728c7e4333799183df1094d775246a535,USDG,0x5fc5360d0400a0fd4f2af552add042d716f1d168,0x285b231728c7e4333799183df1094d775246a535,0x5fc5360d0400a0fd4f2af552add042d716f1d168,10000,200,CANONICAL_FACTORY_VIEW_AND_POOL_STATE_AT_FIXED_BLOCK
UNISWAP_V3,0x8cb787e6c315d464775289bad00fdd67d53ecb3d,SLV,0x00000000000000000000000000000000ddf030d4e25046cab85b3d8c7cd86553,0x411efb0e7f985935daec3d4c3ebaea0d0ad7d89f,USDG,0x5fc5360d0400a0fd4f2af552add042d716f1d168,0x411efb0e7f985935daec3d4c3ebaea0d0ad7d89f,0x5fc5360d0400a0fd4f2af552add042d716f1d168,3000,60,CANONICAL_FACTORY_VIEW_AND_POOL_STATE_AT_FIXED_BLOCK
UNISWAP_V3,0x0fa7bc480885dcf58ad2ef63ec7289cf2481d51c,SLV,0x00000000000000000000000000000000ddf030d4e25046cab85b3d8c7cd86553,0x411efb0e7f985935daec3d4c3ebaea0d0ad7d89f,USDG,0x5fc5360d0400a0fd4f2af552add042d716f1d168,0x411efb0e7f985935daec3d4c3ebaea0d0ad7d89f,0x5fc5360d0400a0fd4f2af552add042d716f1d168,10000,200,CANONICAL_FACTORY_VIEW_AND_POOL_STATE_AT_FIXED_BLOCK
UNISWAP_V3,0x9f0167da6d9738b57cba0833a541db77762fb7bb,SMCI,0x000000000000000000000000000000000cfe41021541408ab92f19e6af2fa729,0xc01aa1fecec0605b13bc84874ff7256c0f5f562a,USDG,0x5fc5360d0400a0fd4f2af552add042d716f1d168,0x5fc5360d0400a0fd4f2af552add042d716f1d168,0xc01aa1fecec0605b13bc84874ff7256c0f5f562a,10000,200,CANONICAL_FACTORY_VIEW_AND_POOL_STATE_AT_FIXED_BLOCK
UNISWAP_V3,0xf9d5f058099707f60740c09bf67b32967971dc63,SMH,0x000000000000000000000000000000008f38b46a1c554840a92533677cce89ad,0x072f979c2cac8e1391b0162a87fee094bf8744a0,USDG,0x5fc5360d0400a0fd4f2af552add042d716f1d168,0x072f979c2cac8e1391b0162a87fee094bf8744a0,0x5fc5360d0400a0fd4f2af552add042d716f1d168,10000,200,CANONICAL_FACTORY_VIEW_AND_POOL_STATE_AT_FIXED_BLOCK
UNISWAP_V3,0x5b366a8e7d2f8a3a54711a98f524826e9895b525,SMR,0x00000000000000000000000000000000a12860406ce84eb098e3861878aaf584,0x1eebee7f74517e0279dfb09d25b0407beec3fdd6,USDG,0x5fc5360d0400a0fd4f2af552add042d716f1d168,0x1eebee7f74517e0279dfb09d25b0407beec3fdd6,0x5fc5360d0400a0fd4f2af552add042d716f1d168,10000,200,CANONICAL_FACTORY_VIEW_AND_POOL_STATE_AT_FIXED_BLOCK
UNISWAP_V3,0x0ebd4650c9e641e9745b5a508a2d46935dfe753e,SNAP,0x000000000000000000000000000000002993bb34578a4b92b8addda0fc4d697b,0xf6589f11bc40b669e584073f428b05562f568733,USDG,0x5fc5360d0400a0fd4f2af552add042d716f1d168,0x5fc5360d0400a0fd4f2af552add042d716f1d168,0xf6589f11bc40b669e584073f428b05562f568733,3000,60,CANONICAL_FACTORY_VIEW_AND_POOL_STATE_AT_FIXED_BLOCK
UNISWAP_V3,0xc1bc4e31e763989616445a03627c17a5bc624778,SNAP,0x000000000000000000000000000000002993bb34578a4b92b8addda0fc4d697b,0xf6589f11bc40b669e584073f428b05562f568733,USDG,0x5fc5360d0400a0fd4f2af552add042d716f1d168,0x5fc5360d0400a0fd4f2af552add042d716f1d168,0xf6589f11bc40b669e584073f428b05562f568733,10000,200,CANONICAL_FACTORY_VIEW_AND_POOL_STATE_AT_FIXED_BLOCK
UNISWAP_V3,0xc9f2e2229ef638a7629185c9b222ad2eeec39b74,SNDK,0x0000000000000000000000000000000046e46cc63fe842ebbdfe6187bda403d6,0xb90a19ff0af67f7779aff50a882a9cff42446400,USDG,0x5fc5360d0400a0fd4f2af552add042d716f1d168,0x5fc5360d0400a0fd4f2af552add042d716f1d168,0xb90a19ff0af67f7779aff50a882a9cff42446400,3000,60,CANONICAL_FACTORY_VIEW_AND_POOL_STATE_AT_FIXED_BLOCK
UNISWAP_V3,0xa1e1c9519cd5ae47e9a935645e1a7b935b944559,SNDK,0x0000000000000000000000000000000046e46cc63fe842ebbdfe6187bda403d6,0xb90a19ff0af67f7779aff50a882a9cff42446400,USDG,0x5fc5360d0400a0fd4f2af552add042d716f1d168,0x5fc5360d0400a0fd4f2af552add042d716f1d168,0xb90a19ff0af67f7779aff50a882a9cff42446400,10000,200,CANONICAL_FACTORY_VIEW_AND_POOL_STATE_AT_FIXED_BLOCK
UNISWAP_V3,0x0654e1e709987c57812a726a0a4ce61db4ca149e,SNDK,0x0000000000000000000000000000000046e46cc63fe842ebbdfe6187bda403d6,0xb90a19ff0af67f7779aff50a882a9cff42446400,WETH,0x0bd7d308f8e1639fab988df18a8011f41eacad73,0x0bd7d308f8e1639fab988df18a8011f41eacad73,0xb90a19ff0af67f7779aff50a882a9cff42446400,500,10,CANONICAL_FACTORY_VIEW_AND_POOL_STATE_AT_FIXED_BLOCK
UNISWAP_V3,0x995c1ad5eb998b1bdd89f515c4bb64760c411b62,SNDK,0x0000000000000000000000000000000046e46cc63fe842ebbdfe6187bda403d6,0xb90a19ff0af67f7779aff50a882a9cff42446400,WETH,0x0bd7d308f8e1639fab988df18a8011f41eacad73,0x0bd7d308f8e1639fab988df18a8011f41eacad73,0xb90a19ff0af67f7779aff50a882a9cff42446400,3000,60,CANONICAL_FACTORY_VIEW_AND_POOL_STATE_AT_FIXED_BLOCK
UNISWAP_V3,0x65bc70bd85b0c8e9aa023155ac4e15af7b6a29a2,SNOW,0x000000000000000000000000000000002087239447ce4fcb8c6194c8941d287c,0xba0cab75495255d0cb58e22b648bfed4ecd1f47e,USDG,0x5fc5360d0400a0fd4f2af552add042d716f1d168,0x5fc5360d0400a0fd4f2af552add042d716f1d168,0xba0cab75495255d0cb58e22b648bfed4ecd1f47e,10000,200,CANONICAL_FACTORY_VIEW_AND_POOL_STATE_AT_FIXED_BLOCK
UNISWAP_V3,0xea9368e1c88bce7f04d16919eb131778a0df826a,SOFI,0x00000000000000000000000000000000df2cb1370b1b41a8b896a706fefae931,0x98e75885157c80992a8d41b696d8c9c6fb30a926,USDG,0x5fc5360d0400a0fd4f2af552add042d716f1d168,0x5fc5360d0400a0fd4f2af552add042d716f1d168,0x98e75885157c80992a8d41b696d8c9c6fb30a926,10000,200,CANONICAL_FACTORY_VIEW_AND_POOL_STATE_AT_FIXED_BLOCK
UNISWAP_V3,0xe4e5e1f8bb52c51ec86bf2d6494747fb4e6337bc,SOUN,0x00000000000000000000000000000000a153b6084a5743dfa4e4264b02cc0737,0x6e3dfd9f7e1649baa14d25cac18c94d62db10a54,USDG,0x5fc5360d0400a0fd4f2af552add042d716f1d168,0x5fc5360d0400a0fd4f2af552add042d716f1d168,0x6e3dfd9f7e1649baa14d25cac18c94d62db10a54,3000,60,CANONICAL_FACTORY_VIEW_AND_POOL_STATE_AT_FIXED_BLOCK
UNISWAP_V3,0xb30e0bc08287370ac89ab8e22e56ee2420532ac6,SOUN,0x00000000000000000000000000000000a153b6084a5743dfa4e4264b02cc0737,0x6e3dfd9f7e1649baa14d25cac18c94d62db10a54,USDG,0x5fc5360d0400a0fd4f2af552add042d716f1d168,0x5fc5360d0400a0fd4f2af552add042d716f1d168,0x6e3dfd9f7e1649baa14d25cac18c94d62db10a54,10000,200,CANONICAL_FACTORY_VIEW_AND_POOL_STATE_AT_FIXED_BLOCK
UNISWAP_V3,0xe7bc77a4e7700ff257711528bf26ba1b7ec8b1ef,SOUN,0x00000000000000000000000000000000a153b6084a5743dfa4e4264b02cc0737,0x6e3dfd9f7e1649baa14d25cac18c94d62db10a54,WETH,0x0bd7d308f8e1639fab988df18a8011f41eacad73,0x0bd7d308f8e1639fab988df18a8011f41eacad73,0x6e3dfd9f7e1649baa14d25cac18c94d62db10a54,10000,200,CANONICAL_FACTORY_VIEW_AND_POOL_STATE_AT_FIXED_BLOCK
UNISWAP_V3,0x563a3154bc09d2a2364b9a2a5766148f4e89be77,SOXX,0x00000000000000000000000000000000f379ff90efb54b4cb6280fc923e38926,0x75742c18bc1f1c5c5f448f4c9d9c6f66dafaaa38,USDG,0x5fc5360d0400a0fd4f2af552add042d716f1d168,0x5fc5360d0400a0fd4f2af552add042d716f1d168,0x75742c18bc1f1c5c5f448f4c9d9c6f66dafaaa38,10000,200,CANONICAL_FACTORY_VIEW_AND_POOL_STATE_AT_FIXED_BLOCK
UNISWAP_V2,0x391b927ef44371f6c7f2af799d9a9cb1b9f6b075,SPCX,0x000000000000000000000000000000001aa9c9cc0bf34c5e95cfe7168463d310,0x4a0e65a3eccec6dbe60ae065f2e7bb85fae35eea,USDG,0x5fc5360d0400a0fd4f2af552add042d716f1d168,0x4a0e65a3eccec6dbe60ae065f2e7bb85fae35eea,0x5fc5360d0400a0fd4f2af552add042d716f1d168,3000,,CANONICAL_FACTORY_VIEW_AT_FIXED_BLOCK
UNISWAP_V2,0x5d5a3f7232cef9788ef231712303ec19db2d5573,SPCX,0x000000000000000000000000000000001aa9c9cc0bf34c5e95cfe7168463d310,0x4a0e65a3eccec6dbe60ae065f2e7bb85fae35eea,WETH,0x0bd7d308f8e1639fab988df18a8011f41eacad73,0x0bd7d308f8e1639fab988df18a8011f41eacad73,0x4a0e65a3eccec6dbe60ae065f2e7bb85fae35eea,3000,,CANONICAL_FACTORY_VIEW_AT_FIXED_BLOCK
UNISWAP_V3,0x87c58b43537005189cfc7b512d818dc9125e94fc,SPCX,0x000000000000000000000000000000001aa9c9cc0bf34c5e95cfe7168463d310,0x4a0e65a3eccec6dbe60ae065f2e7bb85fae35eea,USDG,0x5fc5360d0400a0fd4f2af552add042d716f1d168,0x4a0e65a3eccec6dbe60ae065f2e7bb85fae35eea,0x5fc5360d0400a0fd4f2af552add042d716f1d168,100,1,CANONICAL_FACTORY_VIEW_AND_POOL_STATE_AT_FIXED_BLOCK
UNISWAP_V3,0xc61284332117c3fb23a2a56cceffd07f7af60029,SPCX,0x000000000000000000000000000000001aa9c9cc0bf34c5e95cfe7168463d310,0x4a0e65a3eccec6dbe60ae065f2e7bb85fae35eea,USDG,0x5fc5360d0400a0fd4f2af552add042d716f1d168,0x4a0e65a3eccec6dbe60ae065f2e7bb85fae35eea,0x5fc5360d0400a0fd4f2af552add042d716f1d168,500,10,CANONICAL_FACTORY_VIEW_AND_POOL_STATE_AT_FIXED_BLOCK
UNISWAP_V3,0xeb07d9587efd1778dfb9c385ec43ef6d5f9fe401,SPCX,0x000000000000000000000000000000001aa9c9cc0bf34c5e95cfe7168463d310,0x4a0e65a3eccec6dbe60ae065f2e7bb85fae35eea,USDG,0x5fc5360d0400a0fd4f2af552add042d716f1d168,0x4a0e65a3eccec6dbe60ae065f2e7bb85fae35eea,0x5fc5360d0400a0fd4f2af552add042d716f1d168,3000,60,CANONICAL_FACTORY_VIEW_AND_POOL_STATE_AT_FIXED_BLOCK
UNISWAP_V3,0xfbb32c09488e3fc33fe6fd84fe6ae442b4d13a31,SPCX,0x000000000000000000000000000000001aa9c9cc0bf34c5e95cfe7168463d310,0x4a0e65a3eccec6dbe60ae065f2e7bb85fae35eea,USDG,0x5fc5360d0400a0fd4f2af552add042d716f1d168,0x4a0e65a3eccec6dbe60ae065f2e7bb85fae35eea,0x5fc5360d0400a0fd4f2af552add042d716f1d168,10000,200,CANONICAL_FACTORY_VIEW_AND_POOL_STATE_AT_FIXED_BLOCK
UNISWAP_V3,0x7b35d2d016d11e56b82fcb4ba3790dc1c9f8e2f3,SPCX,0x000000000000000000000000000000001aa9c9cc0bf34c5e95cfe7168463d310,0x4a0e65a3eccec6dbe60ae065f2e7bb85fae35eea,WETH,0x0bd7d308f8e1639fab988df18a8011f41eacad73,0x0bd7d308f8e1639fab988df18a8011f41eacad73,0x4a0e65a3eccec6dbe60ae065f2e7bb85fae35eea,100,1,CANONICAL_FACTORY_VIEW_AND_POOL_STATE_AT_FIXED_BLOCK
UNISWAP_V3,0xc3c9f0171490ef0f4536fe493f3b0ebb5ee0cb5e,SPCX,0x000000000000000000000000000000001aa9c9cc0bf34c5e95cfe7168463d310,0x4a0e65a3eccec6dbe60ae065f2e7bb85fae35eea,WETH,0x0bd7d308f8e1639fab988df18a8011f41eacad73,0x0bd7d308f8e1639fab988df18a8011f41eacad73,0x4a0e65a3eccec6dbe60ae065f2e7bb85fae35eea,500,10,CANONICAL_FACTORY_VIEW_AND_POOL_STATE_AT_FIXED_BLOCK
UNISWAP_V3,0x9e88bd178bf54eb0e4431e8ad20ef2ac3f809af9,SPCX,0x000000000000000000000000000000001aa9c9cc0bf34c5e95cfe7168463d310,0x4a0e65a3eccec6dbe60ae065f2e7bb85fae35eea,WETH,0x0bd7d308f8e1639fab988df18a8011f41eacad73,0x0bd7d308f8e1639fab988df18a8011f41eacad73,0x4a0e65a3eccec6dbe60ae065f2e7bb85fae35eea,3000,60,CANONICAL_FACTORY_VIEW_AND_POOL_STATE_AT_FIXED_BLOCK
UNISWAP_V3,0x910566bdba2081ea4ed711e3ef61ccc0a458ec84,SPCX,0x000000000000000000000000000000001aa9c9cc0bf34c5e95cfe7168463d310,0x4a0e65a3eccec6dbe60ae065f2e7bb85fae35eea,WETH,0x0bd7d308f8e1639fab988df18a8011f41eacad73,0x0bd7d308f8e1639fab988df18a8011f41eacad73,0x4a0e65a3eccec6dbe60ae065f2e7bb85fae35eea,10000,200,CANONICAL_FACTORY_VIEW_AND_POOL_STATE_AT_FIXED_BLOCK
UNISWAP_V3,0x727c8a9e0da8bb21be322d2bb5d891b126143b8c,SPMO,0x00000000000000000000000000000000eefd305f8fd04bdb882b158b0b30d776,0xad622320e520de39e72d41ef07438c3fd3354875,USDG,0x5fc5360d0400a0fd4f2af552add042d716f1d168,0x5fc5360d0400a0fd4f2af552add042d716f1d168,0xad622320e520de39e72d41ef07438c3fd3354875,10000,200,CANONICAL_FACTORY_VIEW_AND_POOL_STATE_AT_FIXED_BLOCK
UNISWAP_V2,0xe59087890579afec2cc316c7db230b2d0945569f,SPY,0x000000000000000000000000000000001c6f27a62789417d8ed359ed3c2d3da1,0x117cc2133c37b721f49de2a7a74833232b3b4c0c,USDG,0x5fc5360d0400a0fd4f2af552add042d716f1d168,0x117cc2133c37b721f49de2a7a74833232b3b4c0c,0x5fc5360d0400a0fd4f2af552add042d716f1d168,3000,,CANONICAL_FACTORY_VIEW_AT_FIXED_BLOCK
UNISWAP_V3,0xa7bb1ac63bbab0c44316e6c8c455213441689167,SPY,0x000000000000000000000000000000001c6f27a62789417d8ed359ed3c2d3da1,0x117cc2133c37b721f49de2a7a74833232b3b4c0c,USDG,0x5fc5360d0400a0fd4f2af552add042d716f1d168,0x117cc2133c37b721f49de2a7a74833232b3b4c0c,0x5fc5360d0400a0fd4f2af552add042d716f1d168,500,10,CANONICAL_FACTORY_VIEW_AND_POOL_STATE_AT_FIXED_BLOCK
UNISWAP_V3,0xa43b424bc609495aed4bcd88d654934b510b0ad9,SPY,0x000000000000000000000000000000001c6f27a62789417d8ed359ed3c2d3da1,0x117cc2133c37b721f49de2a7a74833232b3b4c0c,USDG,0x5fc5360d0400a0fd4f2af552add042d716f1d168,0x117cc2133c37b721f49de2a7a74833232b3b4c0c,0x5fc5360d0400a0fd4f2af552add042d716f1d168,3000,60,CANONICAL_FACTORY_VIEW_AND_POOL_STATE_AT_FIXED_BLOCK
UNISWAP_V3,0xddcbba3666f578e3f09516f21ff85bfee859ab5e,SPY,0x000000000000000000000000000000001c6f27a62789417d8ed359ed3c2d3da1,0x117cc2133c37b721f49de2a7a74833232b3b4c0c,WETH,0x0bd7d308f8e1639fab988df18a8011f41eacad73,0x0bd7d308f8e1639fab988df18a8011f41eacad73,0x117cc2133c37b721f49de2a7a74833232b3b4c0c,500,10,CANONICAL_FACTORY_VIEW_AND_POOL_STATE_AT_FIXED_BLOCK
UNISWAP_V3,0x05346c2c9378a97304f192f90fe7b23edd253067,TE,0x00000000000000000000000000000000b7d8350ca5a94c8f999bcee3b17c079d,0xb1969f6604ca1ae7a2cd3f1827876e914594ca2d,USDG,0x5fc5360d0400a0fd4f2af552add042d716f1d168,0x5fc5360d0400a0fd4f2af552add042d716f1d168,0xb1969f6604ca1ae7a2cd3f1827876e914594ca2d,10000,200,CANONICAL_FACTORY_VIEW_AND_POOL_STATE_AT_FIXED_BLOCK
UNISWAP_V3,0x56a8350cb1090bced0ac606d43fef0155e9136a1,TEAM,0x0000000000000000000000000000000007a456595d454eafba36fa1fb508973e,0x5b97476b922f3305131b8f0b9d333172e87f4aae,USDG,0x5fc5360d0400a0fd4f2af552add042d716f1d168,0x5b97476b922f3305131b8f0b9d333172e87f4aae,0x5fc5360d0400a0fd4f2af552add042d716f1d168,10000,200,CANONICAL_FACTORY_VIEW_AND_POOL_STATE_AT_FIXED_BLOCK
UNISWAP_V3,0xcbf1f76e933534689f8ea13766279e839b1bafd8,TEM,0x000000000000000000000000000000006ae9a2c6d30a4d379e93169d2441876b,0xb1cc0ec7db69cf43539119814df40071b9d61793,USDG,0x5fc5360d0400a0fd4f2af552add042d716f1d168,0x5fc5360d0400a0fd4f2af552add042d716f1d168,0xb1cc0ec7db69cf43539119814df40071b9d61793,10000,200,CANONICAL_FACTORY_VIEW_AND_POOL_STATE_AT_FIXED_BLOCK
UNISWAP_V3,0x307ba38626c581e00ba03d70773253cf20624dde,TER,0x000000000000000000000000000000007dadfeb7f65f49fb9fb1bc94bbbf2d1e,0x2778c5024d5ca2cdb0f8ead671ffc69963adcd9c,USDG,0x5fc5360d0400a0fd4f2af552add042d716f1d168,0x2778c5024d5ca2cdb0f8ead671ffc69963adcd9c,0x5fc5360d0400a0fd4f2af552add042d716f1d168,10000,200,CANONICAL_FACTORY_VIEW_AND_POOL_STATE_AT_FIXED_BLOCK
UNISWAP_V3,0x350051ec863739e4875f255e760ad3514c10f110,TSEM,0x0000000000000000000000000000000036e64f28008640f9ab10ed949faf23b2,0x89776d4cd68193597a2fc132cfac1fde36ccea8a,USDG,0x5fc5360d0400a0fd4f2af552add042d716f1d168,0x5fc5360d0400a0fd4f2af552add042d716f1d168,0x89776d4cd68193597a2fc132cfac1fde36ccea8a,10000,200,CANONICAL_FACTORY_VIEW_AND_POOL_STATE_AT_FIXED_BLOCK
UNISWAP_V2,0x30804c611286a1b19fabde3a4e55693ab861214a,TSLA,0x00000000000000000000000000000000cfece3244ea34bb29414dd9488b32d9f,0x322f0929c4625ed5bad873c95208d54e1c003b2d,USDG,0x5fc5360d0400a0fd4f2af552add042d716f1d168,0x322f0929c4625ed5bad873c95208d54e1c003b2d,0x5fc5360d0400a0fd4f2af552add042d716f1d168,3000,,CANONICAL_FACTORY_VIEW_AT_FIXED_BLOCK
UNISWAP_V3,0x7868622ff2c3b1b6c8acb15fe0bdaebf043dda48,TSLA,0x00000000000000000000000000000000cfece3244ea34bb29414dd9488b32d9f,0x322f0929c4625ed5bad873c95208d54e1c003b2d,USDG,0x5fc5360d0400a0fd4f2af552add042d716f1d168,0x322f0929c4625ed5bad873c95208d54e1c003b2d,0x5fc5360d0400a0fd4f2af552add042d716f1d168,100,1,CANONICAL_FACTORY_VIEW_AND_POOL_STATE_AT_FIXED_BLOCK
UNISWAP_V3,0xc4f0172d6ac8dd294dd1137d047d5e1893760236,TSLA,0x00000000000000000000000000000000cfece3244ea34bb29414dd9488b32d9f,0x322f0929c4625ed5bad873c95208d54e1c003b2d,USDG,0x5fc5360d0400a0fd4f2af552add042d716f1d168,0x322f0929c4625ed5bad873c95208d54e1c003b2d,0x5fc5360d0400a0fd4f2af552add042d716f1d168,500,10,CANONICAL_FACTORY_VIEW_AND_POOL_STATE_AT_FIXED_BLOCK
UNISWAP_V3,0xf4acdaeeb7022862a763c9b1b885e11191c889e3,TSLA,0x00000000000000000000000000000000cfece3244ea34bb29414dd9488b32d9f,0x322f0929c4625ed5bad873c95208d54e1c003b2d,USDG,0x5fc5360d0400a0fd4f2af552add042d716f1d168,0x322f0929c4625ed5bad873c95208d54e1c003b2d,0x5fc5360d0400a0fd4f2af552add042d716f1d168,3000,60,CANONICAL_FACTORY_VIEW_AND_POOL_STATE_AT_FIXED_BLOCK
UNISWAP_V3,0xb349fb08c2712f3a70bad40a4d006b68d67e888b,TSLA,0x00000000000000000000000000000000cfece3244ea34bb29414dd9488b32d9f,0x322f0929c4625ed5bad873c95208d54e1c003b2d,USDG,0x5fc5360d0400a0fd4f2af552add042d716f1d168,0x322f0929c4625ed5bad873c95208d54e1c003b2d,0x5fc5360d0400a0fd4f2af552add042d716f1d168,10000,200,CANONICAL_FACTORY_VIEW_AND_POOL_STATE_AT_FIXED_BLOCK
UNISWAP_V3,0xa953ca88ff430e9487c60ca34d757414f4efda07,TSLA,0x00000000000000000000000000000000cfece3244ea34bb29414dd9488b32d9f,0x322f0929c4625ed5bad873c95208d54e1c003b2d,WETH,0x0bd7d308f8e1639fab988df18a8011f41eacad73,0x0bd7d308f8e1639fab988df18a8011f41eacad73,0x322f0929c4625ed5bad873c95208d54e1c003b2d,3000,60,CANONICAL_FACTORY_VIEW_AND_POOL_STATE_AT_FIXED_BLOCK
UNISWAP_V3,0xccba175d31198e47968a7033179f512d7b38ead6,TSM,0x000000000000000000000000000000002e890a0884474abd86ba66b19722e827,0x58ffe4a942d3885baa22d7520691f611ef09e7aa,USDG,0x5fc5360d0400a0fd4f2af552add042d716f1d168,0x58ffe4a942d3885baa22d7520691f611ef09e7aa,0x5fc5360d0400a0fd4f2af552add042d716f1d168,3000,60,CANONICAL_FACTORY_VIEW_AND_POOL_STATE_AT_FIXED_BLOCK
UNISWAP_V3,0x07e8ea83d4c1340774c8965125e26e12bf943bf1,TSM,0x000000000000000000000000000000002e890a0884474abd86ba66b19722e827,0x58ffe4a942d3885baa22d7520691f611ef09e7aa,USDG,0x5fc5360d0400a0fd4f2af552add042d716f1d168,0x58ffe4a942d3885baa22d7520691f611ef09e7aa,0x5fc5360d0400a0fd4f2af552add042d716f1d168,10000,200,CANONICAL_FACTORY_VIEW_AND_POOL_STATE_AT_FIXED_BLOCK
UNISWAP_V3,0x91280db3392ea92c08d8134b5760fb4798b69547,TSM,0x000000000000000000000000000000002e890a0884474abd86ba66b19722e827,0x58ffe4a942d3885baa22d7520691f611ef09e7aa,WETH,0x0bd7d308f8e1639fab988df18a8011f41eacad73,0x0bd7d308f8e1639fab988df18a8011f41eacad73,0x58ffe4a942d3885baa22d7520691f611ef09e7aa,3000,60,CANONICAL_FACTORY_VIEW_AND_POOL_STATE_AT_FIXED_BLOCK
UNISWAP_V3,0xd576a2edf78f1c91c98036dc3faf66ab9936a5a8,TSM,0x000000000000000000000000000000002e890a0884474abd86ba66b19722e827,0x58ffe4a942d3885baa22d7520691f611ef09e7aa,WETH,0x0bd7d308f8e1639fab988df18a8011f41eacad73,0x0bd7d308f8e1639fab988df18a8011f41eacad73,0x58ffe4a942d3885baa22d7520691f611ef09e7aa,10000,200,CANONICAL_FACTORY_VIEW_AND_POOL_STATE_AT_FIXED_BLOCK
UNISWAP_V3,0x14f646736d0f326ea530f415e7127ca939794dd3,TTD,0x00000000000000000000000000000000e2f7326613594997b83c3fa7c2e63d70,0x0b5fb4031cae9163db10b169ee72685f0edc8545,USDG,0x5fc5360d0400a0fd4f2af552add042d716f1d168,0x0b5fb4031cae9163db10b169ee72685f0edc8545,0x5fc5360d0400a0fd4f2af552add042d716f1d168,10000,200,CANONICAL_FACTORY_VIEW_AND_POOL_STATE_AT_FIXED_BLOCK
UNISWAP_V3,0xd715802a12a73ceafe7579912a28d65d2ab5cc57,TTWO,0x0000000000000000000000000000000032d0504fcc1a48ff8ac9b29185578559,0x5e81213613b6b86eab4c6c50d718d34359459786,USDG,0x5fc5360d0400a0fd4f2af552add042d716f1d168,0x5e81213613b6b86eab4c6c50d718d34359459786,0x5fc5360d0400a0fd4f2af552add042d716f1d168,500,10,CANONICAL_FACTORY_VIEW_AND_POOL_STATE_AT_FIXED_BLOCK
UNISWAP_V3,0xd9ab4b7fae6dc2f7020134ec744a8f53ef3e5e24,TTWO,0x0000000000000000000000000000000032d0504fcc1a48ff8ac9b29185578559,0x5e81213613b6b86eab4c6c50d718d34359459786,USDG,0x5fc5360d0400a0fd4f2af552add042d716f1d168,0x5e81213613b6b86eab4c6c50d718d34359459786,0x5fc5360d0400a0fd4f2af552add042d716f1d168,3000,60,CANONICAL_FACTORY_VIEW_AND_POOL_STATE_AT_FIXED_BLOCK
UNISWAP_V3,0x0889178e5cf9408ead5d0d1e8c6ff29e113388af,TTWO,0x0000000000000000000000000000000032d0504fcc1a48ff8ac9b29185578559,0x5e81213613b6b86eab4c6c50d718d34359459786,USDG,0x5fc5360d0400a0fd4f2af552add042d716f1d168,0x5e81213613b6b86eab4c6c50d718d34359459786,0x5fc5360d0400a0fd4f2af552add042d716f1d168,10000,200,CANONICAL_FACTORY_VIEW_AND_POOL_STATE_AT_FIXED_BLOCK
UNISWAP_V3,0x327e98ed92192fa9dee8e04ba98283dcf1e321e8,TTWO,0x0000000000000000000000000000000032d0504fcc1a48ff8ac9b29185578559,0x5e81213613b6b86eab4c6c50d718d34359459786,WETH,0x0bd7d308f8e1639fab988df18a8011f41eacad73,0x0bd7d308f8e1639fab988df18a8011f41eacad73,0x5e81213613b6b86eab4c6c50d718d34359459786,10000,200,CANONICAL_FACTORY_VIEW_AND_POOL_STATE_AT_FIXED_BLOCK
UNISWAP_V3,0xd95a760934ddf6818176d51c12e89520dd7bac44,UMC,0x00000000000000000000000000000000bb970311792440cebde7cef41f80d446,0x0e6e67ba88e7b5d9b67636a215c76779b948de79,USDG,0x5fc5360d0400a0fd4f2af552add042d716f1d168,0x0e6e67ba88e7b5d9b67636a215c76779b948de79,0x5fc5360d0400a0fd4f2af552add042d716f1d168,10000,200,CANONICAL_FACTORY_VIEW_AND_POOL_STATE_AT_FIXED_BLOCK
UNISWAP_V3,0x33f75741614dd041d34468e816da9840e6423ad4,UNH,0x000000000000000000000000000000006d5054df7b5d4f8f8a11cc01084242e7,0xcf364ea52787e289de6f32077834056e3e70d6a8,USDG,0x5fc5360d0400a0fd4f2af552add042d716f1d168,0x5fc5360d0400a0fd4f2af552add042d716f1d168,0xcf364ea52787e289de6f32077834056e3e70d6a8,10000,200,CANONICAL_FACTORY_VIEW_AND_POOL_STATE_AT_FIXED_BLOCK
UNISWAP_V3,0x5c67a84ec5494ffe24e217b28debb96341014c86,UPS,0x00000000000000000000000000000000413cbb2a5e924576a297ccb67c272298,0xf23250dac154d05bb671cb0d0ebef3c635c79ce2,USDG,0x5fc5360d0400a0fd4f2af552add042d716f1d168,0x5fc5360d0400a0fd4f2af552add042d716f1d168,0xf23250dac154d05bb671cb0d0ebef3c635c79ce2,3000,60,CANONICAL_FACTORY_VIEW_AND_POOL_STATE_AT_FIXED_BLOCK
UNISWAP_V3,0x3ab74c45dcecc6a62898204dd42143a816b44cb1,UPS,0x00000000000000000000000000000000413cbb2a5e924576a297ccb67c272298,0xf23250dac154d05bb671cb0d0ebef3c635c79ce2,USDG,0x5fc5360d0400a0fd4f2af552add042d716f1d168,0x5fc5360d0400a0fd4f2af552add042d716f1d168,0xf23250dac154d05bb671cb0d0ebef3c635c79ce2,10000,200,CANONICAL_FACTORY_VIEW_AND_POOL_STATE_AT_FIXED_BLOCK
UNISWAP_V3,0x2b307a1bf7a16d20c577cda78c3447c72ff3694f,USAR,0x0000000000000000000000000000000051d8408eb0484cb6bd003337551fddd5,0xd917b029c761d264c6a312bbbcda868658ef86a6,USDG,0x5fc5360d0400a0fd4f2af552add042d716f1d168,0x5fc5360d0400a0fd4f2af552add042d716f1d168,0xd917b029c761d264c6a312bbbcda868658ef86a6,500,10,CANONICAL_FACTORY_VIEW_AND_POOL_STATE_AT_FIXED_BLOCK
UNISWAP_V3,0x04391780f519b7d3ba59c9590459d76e23d225c4,USAR,0x0000000000000000000000000000000051d8408eb0484cb6bd003337551fddd5,0xd917b029c761d264c6a312bbbcda868658ef86a6,USDG,0x5fc5360d0400a0fd4f2af552add042d716f1d168,0x5fc5360d0400a0fd4f2af552add042d716f1d168,0xd917b029c761d264c6a312bbbcda868658ef86a6,3000,60,CANONICAL_FACTORY_VIEW_AND_POOL_STATE_AT_FIXED_BLOCK
UNISWAP_V3,0x21cf29b6406d966a81ca48fb3e99c8def01f3ad5,USAR,0x0000000000000000000000000000000051d8408eb0484cb6bd003337551fddd5,0xd917b029c761d264c6a312bbbcda868658ef86a6,USDG,0x5fc5360d0400a0fd4f2af552add042d716f1d168,0x5fc5360d0400a0fd4f2af552add042d716f1d168,0xd917b029c761d264c6a312bbbcda868658ef86a6,10000,200,CANONICAL_FACTORY_VIEW_AND_POOL_STATE_AT_FIXED_BLOCK
UNISWAP_V3,0x02175608f1b5e6b5ed221ccfdc7be197d111d915,USO,0x00000000000000000000000000000000949bd039a8ae465d9cf9336068188b55,0xa30fa36db767ad9ed3f7a60fc79526fb4d56d344,USDG,0x5fc5360d0400a0fd4f2af552add042d716f1d168,0x5fc5360d0400a0fd4f2af552add042d716f1d168,0xa30fa36db767ad9ed3f7a60fc79526fb4d56d344,3000,60,CANONICAL_FACTORY_VIEW_AND_POOL_STATE_AT_FIXED_BLOCK
UNISWAP_V3,0x6ed11c7dfd8e2ca5620eed29a7b9b53ae90dd0d2,USO,0x00000000000000000000000000000000949bd039a8ae465d9cf9336068188b55,0xa30fa36db767ad9ed3f7a60fc79526fb4d56d344,USDG,0x5fc5360d0400a0fd4f2af552add042d716f1d168,0x5fc5360d0400a0fd4f2af552add042d716f1d168,0xa30fa36db767ad9ed3f7a60fc79526fb4d56d344,10000,200,CANONICAL_FACTORY_VIEW_AND_POOL_STATE_AT_FIXED_BLOCK
UNISWAP_V3,0xf20c51f78aba822f1f73df47e0c4e2560da92771,VICR,0x0000000000000000000000000000000034a1e548dfdc4b7cbf162648f20ccffc,0x6006ed4b2f94110851ff7509d97d034f0eed9226,USDG,0x5fc5360d0400a0fd4f2af552add042d716f1d168,0x5fc5360d0400a0fd4f2af552add042d716f1d168,0x6006ed4b2f94110851ff7509d97d034f0eed9226,10000,200,CANONICAL_FACTORY_VIEW_AND_POOL_STATE_AT_FIXED_BLOCK
UNISWAP_V3,0xb15e0e29161917d36bbbc496ae482dce2c77c875,VRT,0x000000000000000000000000000000008f9ceee3a7954365bdd32ff0094d9b0f,0xfa78c12e6488814a0262e4e802749a4a737d5fb7,USDG,0x5fc5360d0400a0fd4f2af552add042d716f1d168,0x5fc5360d0400a0fd4f2af552add042d716f1d168,0xfa78c12e6488814a0262e4e802749a4a737d5fb7,10000,200,CANONICAL_FACTORY_VIEW_AND_POOL_STATE_AT_FIXED_BLOCK
UNISWAP_V3,0x51a48907b53054626b54098635714f3eb2f1485b,VSAT,0x00000000000000000000000000000000d3de17a58c1a4b58bd07bef4b9123e7f,0x26dcbfb34fc83cabd6990f449674efdc6097ff85,USDG,0x5fc5360d0400a0fd4f2af552add042d716f1d168,0x26dcbfb34fc83cabd6990f449674efdc6097ff85,0x5fc5360d0400a0fd4f2af552add042d716f1d168,10000,200,CANONICAL_FACTORY_VIEW_AND_POOL_STATE_AT_FIXED_BLOCK
UNISWAP_V3,0xba154b0c9f1e8242ba064ead09756567efbc7171,VST,0x0000000000000000000000000000000051fd963e99794a83a5e429d05ddc0347,0x561e2a49212b7ccf47f2744ccb83e200722fadbc,USDG,0x5fc5360d0400a0fd4f2af552add042d716f1d168,0x561e2a49212b7ccf47f2744ccb83e200722fadbc,0x5fc5360d0400a0fd4f2af552add042d716f1d168,10000,200,CANONICAL_FACTORY_VIEW_AND_POOL_STATE_AT_FIXED_BLOCK
UNISWAP_V3,0xb78dd1a97fa544c65d7d1f12453ecaaf1e05c36d,VTI,0x000000000000000000000000000000007bf2fcc61eea41048648bcfbe4066b63,0x0594134df3f171a354d9c85ebd65b7a6148f6d09,USDG,0x5fc5360d0400a0fd4f2af552add042d716f1d168,0x0594134df3f171a354d9c85ebd65b7a6148f6d09,0x5fc5360d0400a0fd4f2af552add042d716f1d168,10000,200,CANONICAL_FACTORY_VIEW_AND_POOL_STATE_AT_FIXED_BLOCK
UNISWAP_V3,0xcf64702d2538149a2e84ffa96b00ee745195791d,WDAY,0x000000000000000000000000000000001805c8a4eb1a4b3fa49e2698c0da6baa,0x82da4646242e1d962e96e932269dc644c94a9caa,USDG,0x5fc5360d0400a0fd4f2af552add042d716f1d168,0x5fc5360d0400a0fd4f2af552add042d716f1d168,0x82da4646242e1d962e96e932269dc644c94a9caa,10000,200,CANONICAL_FACTORY_VIEW_AND_POOL_STATE_AT_FIXED_BLOCK
UNISWAP_V3,0x0af0268a314362fe321bdb0539aac9a1fba119fd,WDC,0x000000000000000000000000000000007001c5951f374630b5f3f52fd1ff2022,0xf52597345a8edf418bc4071b4a35112472277d3e,USDG,0x5fc5360d0400a0fd4f2af552add042d716f1d168,0x5fc5360d0400a0fd4f2af552add042d716f1d168,0xf52597345a8edf418bc4071b4a35112472277d3e,10000,200,CANONICAL_FACTORY_VIEW_AND_POOL_STATE_AT_FIXED_BLOCK
UNISWAP_V3,0x0c72e22d7a3ef8bb845478e5d77aec87789defc6,WULF,0x00000000000000000000000000000000e0c9d26f234a467fa738e2642dd815ca,0x348be1a8663f15edde5cdf8a96bb69078f7ab6fd,USDG,0x5fc5360d0400a0fd4f2af552add042d716f1d168,0x348be1a8663f15edde5cdf8a96bb69078f7ab6fd,0x5fc5360d0400a0fd4f2af552add042d716f1d168,10000,200,CANONICAL_FACTORY_VIEW_AND_POOL_STATE_AT_FIXED_BLOCK
UNISWAP_V3,0x2a3063e34c60253abb23c2442f4cdfbc5cbd02c2,WYFI,0x0000000000000000000000000000000025191a136aab4e5fa41b67ec3218a093,0x9e7abd3c9139d14e4c86dce0e455aab7a0c2fb3e,USDG,0x5fc5360d0400a0fd4f2af552add042d716f1d168,0x5fc5360d0400a0fd4f2af552add042d716f1d168,0x9e7abd3c9139d14e4c86dce0e455aab7a0c2fb3e,3000,60,CANONICAL_FACTORY_VIEW_AND_POOL_STATE_AT_FIXED_BLOCK
UNISWAP_V3,0xe7071e2fe49f86fbbe701053f98a73eb4124a6bd,WYFI,0x0000000000000000000000000000000025191a136aab4e5fa41b67ec3218a093,0x9e7abd3c9139d14e4c86dce0e455aab7a0c2fb3e,USDG,0x5fc5360d0400a0fd4f2af552add042d716f1d168,0x5fc5360d0400a0fd4f2af552add042d716f1d168,0x9e7abd3c9139d14e4c86dce0e455aab7a0c2fb3e,10000,200,CANONICAL_FACTORY_VIEW_AND_POOL_STATE_AT_FIXED_BLOCK
UNISWAP_V3,0x066301bcd177f77a06f85fd17ae6a103faec7b64,WYFI,0x0000000000000000000000000000000025191a136aab4e5fa41b67ec3218a093,0x9e7abd3c9139d14e4c86dce0e455aab7a0c2fb3e,WETH,0x0bd7d308f8e1639fab988df18a8011f41eacad73,0x0bd7d308f8e1639fab988df18a8011f41eacad73,0x9e7abd3c9139d14e4c86dce0e455aab7a0c2fb3e,10000,200,CANONICAL_FACTORY_VIEW_AND_POOL_STATE_AT_FIXED_BLOCK
UNISWAP_V3,0xe20463635ceeea8e30a315ffc4d4e81c80e53147,XLK,0x000000000000000000000000000000008ffcea951a5b43138e764a75e22284f9,0x15cd20759ce7f3285c29a319de2d1a2e098c6f43,USDG,0x5fc5360d0400a0fd4f2af552add042d716f1d168,0x15cd20759ce7f3285c29a319de2d1a2e098c6f43,0x5fc5360d0400a0fd4f2af552add042d716f1d168,10000,200,CANONICAL_FACTORY_VIEW_AND_POOL_STATE_AT_FIXED_BLOCK
UNISWAP_V3,0x69174bfcfacadfb056982c88c351549ef6308213,XNDU,0x00000000000000000000000000000000d491ee29c5564368830ce787289dcae8,0xa8eb3bccbf2017ee7cbfb652eb51cf2e1b153289,USDG,0x5fc5360d0400a0fd4f2af552add042d716f1d168,0x5fc5360d0400a0fd4f2af552add042d716f1d168,0xa8eb3bccbf2017ee7cbfb652eb51cf2e1b153289,10000,200,CANONICAL_FACTORY_VIEW_AND_POOL_STATE_AT_FIXED_BLOCK
UNISWAP_V3,0x2e8d684e3c689cc0a2a32fb266eca2845d4b0dbe,XOM,0x0000000000000000000000000000000098d983331a5245e98847e635b93eb920,0xf9b46d3d1b22199d4d1025a9cedb540a33f1a2d5,USDG,0x5fc5360d0400a0fd4f2af552add042d716f1d168,0x5fc5360d0400a0fd4f2af552add042d716f1d168,0xf9b46d3d1b22199d4d1025a9cedb540a33f1a2d5,3000,60,CANONICAL_FACTORY_VIEW_AND_POOL_STATE_AT_FIXED_BLOCK
UNISWAP_V3,0x6af79a2c154e7eea9c87b38617d5f0b598b690fb,XOM,0x0000000000000000000000000000000098d983331a5245e98847e635b93eb920,0xf9b46d3d1b22199d4d1025a9cedb540a33f1a2d5,USDG,0x5fc5360d0400a0fd4f2af552add042d716f1d168,0x5fc5360d0400a0fd4f2af552add042d716f1d168,0xf9b46d3d1b22199d4d1025a9cedb540a33f1a2d5,10000,200,CANONICAL_FACTORY_VIEW_AND_POOL_STATE_AT_FIXED_BLOCK
UNISWAP_V3,0x89ef54007b030a07b12f7cda9fe98cb278cd7e6d,ZM,0x00000000000000000000000000000000da64fede272447a3b772423f0962a984,0x44c4f142009036cf477ed2d09932051843137cf1,USDG,0x5fc5360d0400a0fd4f2af552add042d716f1d168,0x44c4f142009036cf477ed2d09932051843137cf1,0x5fc5360d0400a0fd4f2af552add042d716f1d168,10000,200,CANONICAL_FACTORY_VIEW_AND_POOL_STATE_AT_FIXED_BLOCK
UNISWAP_V3,0xdf9a23295d5d66e8066370cea9349def9ccafdae,ZS,0x00000000000000000000000000000000968cee5f446f422d876c7661ff20b373,0x7dc013eb55e436f30d7ed1afe4e36d6e45e3c3f7,USDG,0x5fc5360d0400a0fd4f2af552add042d716f1d168,0x5fc5360d0400a0fd4f2af552add042d716f1d168,0x7dc013eb55e436f30d7ed1afe4e36d6e45e3c3f7,10000,200,CANONICAL_FACTORY_VIEW_AND_POOL_STATE_AT_FIXED_BLOCK
